/*******CREACIÃ“N DE TABLAS Y SECUENCIAS*******/
CREATE TABLE COUNTRIES
(
  ID_COUNTRY INT primary key,
  NAME_COUNTRY VARCHAR(255) NOT NULL,
  CODE_COUNTRY INT NOT NULL,
  CURRENCY VARCHAR(255) NOT NULL
);
CREATE SEQUENCE countries_seq START WITH 1 INCREMENT BY 1 NOCYCLE;

CREATE TABLE CITIES
(
  ID_CITY INT primary key,
  NAME_CITY VARCHAR(255) NOT NULL,
  ID_COUNTRY INT NOT NULL,
  CONSTRAINT FK_CITY_COUNTRY  FOREIGN KEY (ID_COUNTRY) REFERENCES COUNTRIES(ID_COUNTRY)
);
CREATE SEQUENCE cities_seq START WITH 1 INCREMENT BY 1 NOCYCLE;

CREATE TABLE LANGUAGES
(
  ID_LANGUAGE INT primary key,
  NAME_LANGUAGE VARCHAR(255) NOT NULL
);
CREATE SEQUENCE languages_seq START WITH 1 INCREMENT BY 1 NOCYCLE;

CREATE TABLE PERSONS
(
  ID_PERSON INT primary key,
  FIRST_NAME VARCHAR(255) NOT NULL,
  LAST_NAME VARCHAR(255) NOT NULL,
  EMAIL VARCHAR(255) NOT NULL,
  SECOND_EMAIL VARCHAR(255),
  PASSWORD VARCHAR(255) NOT NULL,
  INVITATION_CODE VARCHAR(255) NOT NULL,
  MOBILE VARCHAR(255) NOT NULL,
  URL_PHOTO VARCHAR(255) NOT NULL,
  ID_CITY INT NOT NULL,
  ID_LANGUAGE INT NOT NULL,
  CONSTRAINT FK_PERSON_COUNTRY  FOREIGN KEY (ID_CITY) REFERENCES CITIES(ID_CITY),
  CONSTRAINT FK_PERSON_LANGUAGE  FOREIGN KEY (ID_LANGUAGE) REFERENCES LANGUAGES(ID_LANGUAGE)
);
CREATE SEQUENCE persons_seq START WITH 1 INCREMENT BY 1 NOCYCLE;

CREATE TABLE PAYMENT_METHODS
(
  ID_PAYMENT INT primary key,
  DESCRIPTIONS VARCHAR(255) NOT NULL
);
CREATE SEQUENCE payment_methods_seq START WITH 1 INCREMENT BY 1 NOCYCLE;

CREATE TABLE PAYMENT_PERSONS
(
  ID_PAYMENT_PERSON INT primary key,
  ID_PAYMENT INT NOT NULL,
  ID_PERSON INT NOT NULL,
  DESCRIPTIONS VARCHAR(255) NOT NULL,
  BUSINESS VARCHAR(255) NOT NULL,
  CONSTRAINT FK_PAYMENT_PERSONS_PAYMENT   FOREIGN KEY (ID_PAYMENT) REFERENCES PAYMENT_METHODS(ID_PAYMENT),
  CONSTRAINT FK_PAYMENT_PERSONS_PERSONS   FOREIGN KEY (ID_PERSON) REFERENCES PERSONS(ID_PERSON)
);
CREATE SEQUENCE payment_persons_seq START WITH 1 INCREMENT BY 1 NOCYCLE;


CREATE TABLE PROMOTION_CODES
(
  ID_CODE INT primary key,
  COURANGE FLOAT NOT NULL,
  DESCRIPTION VARCHAR(255)
);
CREATE SEQUENCE promotion_codes_seq START WITH 1 INCREMENT BY 1 NOCYCLE;

CREATE TABLE PERSON_CODES
(
  ID_PERSON_CODE INT primary key,
  ID_PROMOTION_CODE INT NOT NULL,
  ID_PERSON INT NOT NULL,
  STATUS VARCHAR2(1),
  CONSTRAINT FK_PERSON_CODE_PROMOTION   FOREIGN KEY (ID_PROMOTION_CODE) REFERENCES PROMOTION_CODES(ID_CODE),
  CONSTRAINT FK_PERSON_CODE_PERSON   FOREIGN KEY (ID_PERSON) REFERENCES PERSONS(ID_PERSON)
);
CREATE SEQUENCE person_codes_seq START WITH 1 INCREMENT BY 1 NOCYCLE;


CREATE TABLE DRIVERS
(
  ID_DRIVER INT primary key,
  ID_PERSON INT NOT NULL,
  ACCOUNT_NUMBER VARCHAR(255) NOT NULL,
  NAME_BANK VARCHAR(255) NOT NULL,
  CONSTRAINT FK_DRIVER_PERSON  FOREIGN KEY (ID_PERSON) REFERENCES PERSONS(ID_PERSON)
);
CREATE SEQUENCE drivers_seq START WITH 1 INCREMENT BY 1 NOCYCLE;

CREATE TABLE VEHICLES
(
ID_VEHICLE INT primary key,
LICENSE_PLATE VARCHAR(255)  NOT NULL,
BRAND VARCHAR(255) ,
V_MODEL VARCHAR(255),
V_YEAR INT,
VEHICLE_TYPE INT
);
CREATE SEQUENCE vehicles_seq START WITH 1 INCREMENT BY 1 NOCYCLE;

CREATE TABLE VEHICLES_DRIVERS
(
ID_VEHICLE_DIRVER INT PRIMARY KEY,
ID_VEHICLE INT NOT NULL,
ID_DRIVER INT NOT NULL,
DATE_LINKAGE DATE NOT NULL,
STATUS VARCHAR2(1),
CONSTRAINT FK_VEHICLES_DRIVERS_VEHICLES  FOREIGN KEY (ID_VEHICLE) REFERENCES VEHICLES(ID_VEHICLE),
CONSTRAINT FK_VEHICLES_DRIVERS_DRIVERS   FOREIGN KEY (ID_DRIVER) REFERENCES DRIVERS(ID_DRIVER)
);
CREATE SEQUENCE vehicles_drivers_seq START WITH 1 INCREMENT BY 1 NOCYCLE;


CREATE TABLE TRAVELS
(
ID_TRAVEL INT PRIMARY KEY,
DATE_TRAVEL DATE NOT NULL,
TYPE_RATE INT NOT NULL,
STATUS VARCHAR2(1)NOT NULL,
ORIGIN_ADDRESS VARCHAR(255),
DESTINATION_ADDRESS VARCHAR(255),
DISTANCE VARCHAR(255),
WEATHER VARCHAR(255),
ID_VEHICLE_DIRVER INT NOT NULL,
CONSTRAINT FK_TRAVELS_VEHICLES_DRIVERS   FOREIGN KEY (ID_VEHICLE_DIRVER) REFERENCES VEHICLES_DRIVERS(ID_VEHICLE_DIRVER)
);
CREATE SEQUENCE travels_seq START WITH 1 INCREMENT BY 1 NOCYCLE;

CREATE TABLE GPS_POSITION
(
ID_GPS_POSITION INT PRIMARY KEY,
ID_TRAVEL INT NOT NULL,
GPS_LATITUDE FLOAT NOT NULL,
GPS_LENGTH FLOAT NOT NULL,
CONSTRAINT FK_GPS_POSITION_TRAVELS   FOREIGN KEY (ID_GPS_POSITION) REFERENCES TRAVELS(ID_TRAVEL)
);
CREATE SEQUENCE gps_position_seq START WITH 1 INCREMENT BY 1 NOCYCLE;

CREATE TABLE TRAVEL_DETAIL
(
ID_TRAVEL_DETAIL INT PRIMARY KEY,
ID_TRAVEL INT NOT NULL,
ID_PERSON INT NOT NULL,
TRAVEL_COST FLOAT NOT NULL,
SUBTOTAL FLOAT NOT NULL,
RESERVATION_FEE FLOAT,
RECHARGES FLOAT,
PATTERN_SPEED FLOAT,
TIP FLOAT,
DERIVATIVE FLOAT,
TOTAL FLOAT NOT NULL,
CONSTRAINT FK_TRAVEL_DETAIL_TRAVELS   FOREIGN KEY (ID_TRAVEL) REFERENCES TRAVELS(ID_TRAVEL),
CONSTRAINT FK_TRAVEL_DETAIL_PERSONS   FOREIGN KEY (ID_PERSON) REFERENCES PERSONS(ID_PERSON)
);
CREATE SEQUENCE travel_detail_seq START WITH 1 INCREMENT BY 1 NOCYCLE;

CREATE TABLE PAYMENT
(
ID_PAYMENT INT PRIMARY KEY,
PAYMENT_DATE DATE NOT NULL,
TOTAL FLOAT NOT NULL
);
CREATE SEQUENCE payment_seq START WITH 1 INCREMENT BY 1 NOCYCLE;

CREATE TABLE SETTLEMENTS
(
ID_SETTLEMENTS INT PRIMARY KEY,
ID_TRAVEL INT NOT NULL,
TRAVEL_VALUE FLOAT NOT NULL,
VALUE_DISCOUNT FLOAT NOT NULL,
TOTAL FLOAT NOT NULL,
STATUS INT NOT NULL,
SETTLEMENTS_DATE DATE NOT NULL,
CONSTRAINT FK_SETTLEMENTS_TRAVELS   FOREIGN KEY (ID_TRAVEL) REFERENCES TRAVELS(ID_TRAVEL)
);
CREATE SEQUENCE settlements_seq START WITH 1 INCREMENT BY 1 NOCYCLE;

CREATE TABLE PAYMENT_LIQUIDATION
(
ID_PAYMENT_LIQUIDATION INT PRIMARY KEY,
ID_SETTLEMENTS INT NOT NULL,
ID_PAYMENT INT NOT NULL,
CONSTRAINT FK_PAYMENT_LIQ_SETTLEMENTS   FOREIGN KEY (ID_SETTLEMENTS) REFERENCES SETTLEMENTS(ID_SETTLEMENTS),
CONSTRAINT FK_PAYMENT_LIQ_PAYMENT   FOREIGN KEY (ID_PAYMENT) REFERENCES PAYMENT(ID_PAYMENT)
);
CREATE SEQUENCE payment_liquidation_seq START WITH 1 INCREMENT BY 1 NOCYCLE;

/*******INSERT EN DE SQL*******/
--insertar paises
insert into COUNTRIES (ID_COUNTRY, NAME_COUNTRY, CODE_COUNTRY, CURRENCY) values (1, 'Colombia', '4444', 'COP');
insert into COUNTRIES (ID_COUNTRY, NAME_COUNTRY, CODE_COUNTRY, CURRENCY) values (2, 'Czech Republic', '8524', 'CZK');
insert into COUNTRIES (ID_COUNTRY, NAME_COUNTRY, CODE_COUNTRY, CURRENCY) values (3, 'Haiti', '4019', 'HTG');
insert into COUNTRIES (ID_COUNTRY, NAME_COUNTRY, CODE_COUNTRY, CURRENCY) values (4, 'Poland', '6495', 'PLN');
insert into COUNTRIES (ID_COUNTRY, NAME_COUNTRY, CODE_COUNTRY, CURRENCY) values (5, 'United States', '9997', 'USD');
insert into COUNTRIES (ID_COUNTRY, NAME_COUNTRY, CODE_COUNTRY, CURRENCY) values (6, 'Syria', '2199', 'SYP');
insert into COUNTRIES (ID_COUNTRY, NAME_COUNTRY, CODE_COUNTRY, CURRENCY) values (7, 'Argentina', '6712', 'ARS');
insert into COUNTRIES (ID_COUNTRY, NAME_COUNTRY, CODE_COUNTRY, CURRENCY) values (8, 'Indonesia', '7882', 'IDR');
insert into COUNTRIES (ID_COUNTRY, NAME_COUNTRY, CODE_COUNTRY, CURRENCY) values (9, 'China', '0293', 'CNY');
insert into COUNTRIES (ID_COUNTRY, NAME_COUNTRY, CODE_COUNTRY, CURRENCY) values (10, 'Indonesia', '7997', 'IDR');
SELECT * FROM COUNTRIES;

--insertar ciudades
insert into CITIES (ID_CITY, NAME_CITY, ID_COUNTRY) values (1, 'Cartagena', '1');
insert into CITIES (ID_CITY, NAME_CITY, ID_COUNTRY) values (2, 'Quibdó', '1');
insert into CITIES (ID_CITY, NAME_CITY, ID_COUNTRY) values (3, 'Aquitania', '1');
insert into CITIES (ID_CITY, NAME_CITY, ID_COUNTRY) values (4, 'Caldono', '1');
insert into CITIES (ID_CITY, NAME_CITY, ID_COUNTRY) values (5, 'Cáceres', '1');
insert into CITIES (ID_CITY, NAME_CITY, ID_COUNTRY) values (6, 'Landázuri', '1');
insert into CITIES (ID_CITY, NAME_CITY, ID_COUNTRY) values (7, 'Cunday', '1');
insert into CITIES (ID_CITY, NAME_CITY, ID_COUNTRY) values (8, 'Sibaté', '1');
insert into CITIES (ID_CITY, NAME_CITY, ID_COUNTRY) values (9, 'La Tola', '1');
insert into CITIES (ID_CITY, NAME_CITY, ID_COUNTRY) values (10, 'San Carlos', '1');
insert into CITIES (ID_CITY, NAME_CITY, ID_COUNTRY) values (11, 'Phoenix', '5');
insert into CITIES (ID_CITY, NAME_CITY, ID_COUNTRY) values (12, 'Santa Fe', '5');
insert into CITIES (ID_CITY, NAME_CITY, ID_COUNTRY) values (13, 'El Paso', '5');
insert into CITIES (ID_CITY, NAME_CITY, ID_COUNTRY) values (14, 'Miami', '5');
insert into CITIES (ID_CITY, NAME_CITY, ID_COUNTRY) values (15, 'Louisville', '5');
insert into CITIES (ID_CITY, NAME_CITY, ID_COUNTRY) values (16, 'Molinos', '7');
insert into CITIES (ID_CITY, NAME_CITY, ID_COUNTRY) values (17, 'Pico Truncado', '7');
insert into CITIES (ID_CITY, NAME_CITY, ID_COUNTRY) values (18, 'Candelaria', '7');
insert into CITIES (ID_CITY, NAME_CITY, ID_COUNTRY) values (19, 'Villa Gesell', '7');
insert into CITIES (ID_CITY, NAME_CITY, ID_COUNTRY) values (20, 'Paso de los Libres', '7');
SELECT * FROM CITIES;

--insertar lenguaje
insert into LANGUAGES (ID_LANGUAGE, NAME_LANGUAGE) values (1, 'Español');
insert into LANGUAGES (ID_LANGUAGE, NAME_LANGUAGE) values (2, 'Ingles');
insert into LANGUAGES (ID_LANGUAGE, NAME_LANGUAGE) values (3, 'Chino');
insert into LANGUAGES (ID_LANGUAGE, NAME_LANGUAGE) values (4, 'Lithuanian');
insert into LANGUAGES (ID_LANGUAGE, NAME_LANGUAGE) values (5, 'Tajik');
SELECT * FROM LANGUAGES;

--insertar medios de pag
insert into PAYMENT_METHODS (ID_PAYMENT, DESCRIPTIONS) values (1, 'Tarjeta de credito');
insert into PAYMENT_METHODS (ID_PAYMENT, DESCRIPTIONS) values (2, 'Efectivo');
insert into PAYMENT_METHODS (ID_PAYMENT, DESCRIPTIONS) values (3, 'PSE');
SELECT * FROM PAYMENT_METHODS;

--insertar personas
insert into PERSONS (ID_PERSON, FIRST_NAME, LAST_NAME, EMAIL, SECOND_EMAIL, PASSWORD, INVITATION_CODE, MOBILE, URL_PHOTO, ID_CITY, ID_LANGUAGE) values (1, 'Larine', 'Ticehurst', 'lticehurst0@tiny.cc', null, '5LMJJ2HT2FE480316', '55154-6983', '3399756283', 'http://dummyimage.com/230x200.jpg/dddddd/000000', 1, 1);
insert into PERSONS (ID_PERSON, FIRST_NAME, LAST_NAME, EMAIL, SECOND_EMAIL, PASSWORD, INVITATION_CODE, MOBILE, URL_PHOTO, ID_CITY, ID_LANGUAGE) values (2, 'Bunny', 'Wardingley', 'bwardingley1@shinystat.com', null, '3VWKX7AJ1AM892629', '24488-033', '9247956854', 'http://dummyimage.com/116x232.bmp/ff4444/ffffff', 2, 2);
insert into PERSONS (ID_PERSON, FIRST_NAME, LAST_NAME, EMAIL, SECOND_EMAIL, PASSWORD, INVITATION_CODE, MOBILE, URL_PHOTO, ID_CITY, ID_LANGUAGE) values (3, 'Wilt', 'Jikylls', 'wjikylls2@un.org', 'wjikylls2@slideshare.net', '1G6KD54Y65U524119', '0179-0109', '1587314649', 'http://dummyimage.com/190x150.jpg/ff4444/ffffff', 3, 3);
insert into PERSONS (ID_PERSON, FIRST_NAME, LAST_NAME, EMAIL, SECOND_EMAIL, PASSWORD, INVITATION_CODE, MOBILE, URL_PHOTO, ID_CITY, ID_LANGUAGE) values (4, 'Judi', 'Anthona', 'janthona3@yelp.com', 'janthona3@disqus.com', '1D7RB1CP1BS353571', '49288-0190', '6652443821', 'http://dummyimage.com/180x133.jpg/ff4444/ffffff', 4, 4);
insert into PERSONS (ID_PERSON, FIRST_NAME, LAST_NAME, EMAIL, SECOND_EMAIL, PASSWORD, INVITATION_CODE, MOBILE, URL_PHOTO, ID_CITY, ID_LANGUAGE) values (5, 'Aurie', 'Verdy', 'averdy4@diigo.com', null, 'WVGAV7AX3BW758226', '64525-0554', '2708773542', 'http://dummyimage.com/240x227.png/5fa2dd/ffffff', 5, 5);
insert into PERSONS (ID_PERSON, FIRST_NAME, LAST_NAME, EMAIL, SECOND_EMAIL, PASSWORD, INVITATION_CODE, MOBILE, URL_PHOTO, ID_CITY, ID_LANGUAGE) values (6, 'Emmit', 'Grimsdale', 'egrimsdale5@cbslocal.com', 'egrimsdale5@clickbank.net', 'WA1AV94L97D637058', '49999-854', '4390931806', 'http://dummyimage.com/162x173.png/dddddd/000000', 6, 1);
insert into PERSONS (ID_PERSON, FIRST_NAME, LAST_NAME, EMAIL, SECOND_EMAIL, PASSWORD, INVITATION_CODE, MOBILE, URL_PHOTO, ID_CITY, ID_LANGUAGE) values (7, 'Nelson', 'Littleover', 'nlittleover6@phpbb.com', 'nlittleover6@cornell.edu', 'JM1GJ1T50E1160874', '67692-810', '6607827810', 'http://dummyimage.com/191x104.png/ff4444/ffffff', 7, 2);
insert into PERSONS (ID_PERSON, FIRST_NAME, LAST_NAME, EMAIL, SECOND_EMAIL, PASSWORD, INVITATION_CODE, MOBILE, URL_PHOTO, ID_CITY, ID_LANGUAGE) values (8, 'Susanne', 'Iffland', 'siffland7@newsvine.com', 'siffland7@ebay.co.uk', 'JH4NA21664S086392', '14720-372', '3830946686', 'http://dummyimage.com/118x237.png/cc0000/ffffff', 8, 3);
insert into PERSONS (ID_PERSON, FIRST_NAME, LAST_NAME, EMAIL, SECOND_EMAIL, PASSWORD, INVITATION_CODE, MOBILE, URL_PHOTO, ID_CITY, ID_LANGUAGE) values (9, 'Enid', 'Vella', 'evella8@last.fm', 'evella8@aol.com', 'WAUPL68E35A593957', '41163-369', '9816042363', 'http://dummyimage.com/100x101.bmp/dddddd/000000', 9, 4);
insert into PERSONS (ID_PERSON, FIRST_NAME, LAST_NAME, EMAIL, SECOND_EMAIL, PASSWORD, INVITATION_CODE, MOBILE, URL_PHOTO, ID_CITY, ID_LANGUAGE) values (10, 'Latrina', 'Itzik', 'litzik9@go.com', null, 'WDDGF4HB7EG824978', '36987-2991', '5572412007', 'http://dummyimage.com/132x132.png/cc0000/ffffff', 10, 5);
insert into PERSONS (ID_PERSON, FIRST_NAME, LAST_NAME, EMAIL, SECOND_EMAIL, PASSWORD, INVITATION_CODE, MOBILE, URL_PHOTO, ID_CITY, ID_LANGUAGE) values (11, 'Grantham', 'Meedendorpe', 'gmeedendorpea@blogs.com', 'gmeedendorpea@independent.co.uk', '1GKS1AE07ER727874', '65923-498', '3064050575', 'http://dummyimage.com/188x185.jpg/ff4444/ffffff', 11, 1);
insert into PERSONS (ID_PERSON, FIRST_NAME, LAST_NAME, EMAIL, SECOND_EMAIL, PASSWORD, INVITATION_CODE, MOBILE, URL_PHOTO, ID_CITY, ID_LANGUAGE) values (12, 'Benedikt', 'Shafe', 'bshafeb@behance.net', 'bshafeb@arizona.edu', 'WAUAFAFHXEN772065', '37000-836', '5861802580', 'http://dummyimage.com/133x165.bmp/cc0000/ffffff', 12, 2);
insert into PERSONS (ID_PERSON, FIRST_NAME, LAST_NAME, EMAIL, SECOND_EMAIL, PASSWORD, INVITATION_CODE, MOBILE, URL_PHOTO, ID_CITY, ID_LANGUAGE) values (13, 'Tomkin', 'Gantley', 'tgantleyc@mit.edu', 'tgantleyc@sphinn.com', 'WAUYGAFC2DN551784', '55910-002', '6254311240', 'http://dummyimage.com/165x167.png/ff4444/ffffff', 13, 3);
insert into PERSONS (ID_PERSON, FIRST_NAME, LAST_NAME, EMAIL, SECOND_EMAIL, PASSWORD, INVITATION_CODE, MOBILE, URL_PHOTO, ID_CITY, ID_LANGUAGE) values (14, 'Conny', 'Possell', 'cposselld@blogs.com', 'cposselld@ft.com', '3GYEK62897G892996', '13537-360', '0286189216', 'http://dummyimage.com/174x186.bmp/5fa2dd/ffffff', 14, 4);
insert into PERSONS (ID_PERSON, FIRST_NAME, LAST_NAME, EMAIL, SECOND_EMAIL, PASSWORD, INVITATION_CODE, MOBILE, URL_PHOTO, ID_CITY, ID_LANGUAGE) values (15, 'Carola', 'Harden', 'chardene@whitehouse.gov', 'chardene@yahoo.co.jp', 'SALGR2VF4EA336337', '64893-802', '3633381473', 'http://dummyimage.com/156x191.bmp/ff4444/ffffff', 15, 5);
insert into PERSONS (ID_PERSON, FIRST_NAME, LAST_NAME, EMAIL, SECOND_EMAIL, PASSWORD, INVITATION_CODE, MOBILE, URL_PHOTO, ID_CITY, ID_LANGUAGE) values (16, 'Dorene', 'Stopford', 'dstopfordf@smh.com.au', 'dstopfordf@godaddy.com', 'WBAAV33491F054933', '0942-6462', '6416347210', 'http://dummyimage.com/131x152.png/ff4444/ffffff', 16, 1);
insert into PERSONS (ID_PERSON, FIRST_NAME, LAST_NAME, EMAIL, SECOND_EMAIL, PASSWORD, INVITATION_CODE, MOBILE, URL_PHOTO, ID_CITY, ID_LANGUAGE) values (17, 'Chick', 'Penbarthy', 'cpenbarthyg@nih.gov', 'cpenbarthyg@yolasite.com', 'JTDKN3DP9F3177320', '0781-2148', '2573399915', 'http://dummyimage.com/180x242.bmp/cc0000/ffffff', 17, 2);
insert into PERSONS (ID_PERSON, FIRST_NAME, LAST_NAME, EMAIL, SECOND_EMAIL, PASSWORD, INVITATION_CODE, MOBILE, URL_PHOTO, ID_CITY, ID_LANGUAGE) values (18, 'Galen', 'Cocking', 'gcockingh@intel.com', 'gcockingh@chron.com', 'WA1LGAFE8DD347313', '11673-194', '5743176574', 'http://dummyimage.com/232x249.jpg/dddddd/000000', 18, 3);
insert into PERSONS (ID_PERSON, FIRST_NAME, LAST_NAME, EMAIL, SECOND_EMAIL, PASSWORD, INVITATION_CODE, MOBILE, URL_PHOTO, ID_CITY, ID_LANGUAGE) values (19, 'Paul', 'Degoix', 'pdegoixi@unesco.org', null, 'WAUEH78EX7A489127', '37808-964', '6918362712', 'http://dummyimage.com/219x250.png/cc0000/ffffff', 19, 4);
insert into PERSONS (ID_PERSON, FIRST_NAME, LAST_NAME, EMAIL, SECOND_EMAIL, PASSWORD, INVITATION_CODE, MOBILE, URL_PHOTO, ID_CITY, ID_LANGUAGE) values (20, 'Phip', 'Plevey', 'ppleveyj@amazon.com', 'ppleveyj@typepad.com', 'WA1AY94L09D697482', '60681-2809', '6270109043', 'http://dummyimage.com/101x138.png/cc0000/ffffff', 20, 5);
insert into PERSONS (ID_PERSON, FIRST_NAME, LAST_NAME, EMAIL, SECOND_EMAIL, PASSWORD, INVITATION_CODE, MOBILE, URL_PHOTO, ID_CITY, ID_LANGUAGE) values (21, 'Eldredge', 'Gladdish', 'egladdishk@istockphoto.com', 'egladdishk@yellowbook.com', '19UUA56903A073029', '49348-540', '5936677745', 'http://dummyimage.com/146x205.png/ff4444/ffffff', 1, 1);
insert into PERSONS (ID_PERSON, FIRST_NAME, LAST_NAME, EMAIL, SECOND_EMAIL, PASSWORD, INVITATION_CODE, MOBILE, URL_PHOTO, ID_CITY, ID_LANGUAGE) values (22, 'Keane', 'Dovidaitis', 'kdovidaitisl@hatena.ne.jp', 'kdovidaitisl@slate.com', 'WAULT58E42A709641', '49580-0274', '4008016872', 'http://dummyimage.com/149x174.bmp/cc0000/ffffff', 2, 2);
insert into PERSONS (ID_PERSON, FIRST_NAME, LAST_NAME, EMAIL, SECOND_EMAIL, PASSWORD, INVITATION_CODE, MOBILE, URL_PHOTO, ID_CITY, ID_LANGUAGE) values (23, 'Merilee', 'Poulgreen', 'mpoulgreenm@unblog.fr', 'mpoulgreenm@engadget.com', 'WBA6B2C59FG573693', '57664-655', '5237253725', 'http://dummyimage.com/201x221.jpg/ff4444/ffffff', 3, 3);
insert into PERSONS (ID_PERSON, FIRST_NAME, LAST_NAME, EMAIL, SECOND_EMAIL, PASSWORD, INVITATION_CODE, MOBILE, URL_PHOTO, ID_CITY, ID_LANGUAGE) values (24, 'Benni', 'Groger', 'bgrogern@cnn.com', 'bgrogern@topsy.com', 'WBSDE934X2B224897', '0781-9222', '2289174556', 'http://dummyimage.com/115x165.bmp/ff4444/ffffff', 4, 4);
insert into PERSONS (ID_PERSON, FIRST_NAME, LAST_NAME, EMAIL, SECOND_EMAIL, PASSWORD, INVITATION_CODE, MOBILE, URL_PHOTO, ID_CITY, ID_LANGUAGE) values (25, 'Analise', 'Legges', 'aleggeso@patch.com', null, 'WBAUC9C51BV955929', '68180-113', '8814603146', 'http://dummyimage.com/212x238.jpg/cc0000/ffffff', 5, 5);
insert into PERSONS (ID_PERSON, FIRST_NAME, LAST_NAME, EMAIL, SECOND_EMAIL, PASSWORD, INVITATION_CODE, MOBILE, URL_PHOTO, ID_CITY, ID_LANGUAGE) values (26, 'Gannon', 'Wagner', 'gwagnerp@storify.com', 'gwagnerp@dailymotion.com', '4T1BD1EB3FU441681', '76214-022', '5167313902', 'http://dummyimage.com/216x183.jpg/ff4444/ffffff', 6, 1);
insert into PERSONS (ID_PERSON, FIRST_NAME, LAST_NAME, EMAIL, SECOND_EMAIL, PASSWORD, INVITATION_CODE, MOBILE, URL_PHOTO, ID_CITY, ID_LANGUAGE) values (27, 'Jerrilee', 'Crowd', 'jcrowdq@histats.com', 'jcrowdq@yellowpages.com', '1B3CB4HA6AD011012', '55150-124', '4941715853', 'http://dummyimage.com/170x172.jpg/cc0000/ffffff', 7, 2);
insert into PERSONS (ID_PERSON, FIRST_NAME, LAST_NAME, EMAIL, SECOND_EMAIL, PASSWORD, INVITATION_CODE, MOBILE, URL_PHOTO, ID_CITY, ID_LANGUAGE) values (28, 'Helaina', 'Moncaster', 'hmoncasterr@dailymotion.com', 'hmoncasterr@studiopress.com', '1D4PU5GK8BW463689', '0135-0201', '1582313547', 'http://dummyimage.com/231x185.png/cc0000/ffffff', 8, 3);
insert into PERSONS (ID_PERSON, FIRST_NAME, LAST_NAME, EMAIL, SECOND_EMAIL, PASSWORD, INVITATION_CODE, MOBILE, URL_PHOTO, ID_CITY, ID_LANGUAGE) values (29, 'Lotta', 'Phlippsen', 'lphlippsens@simplemachines.org', 'lphlippsens@bluehost.com', 'WBAGL63525D163701', '30142-801', '5908302759', 'http://dummyimage.com/191x240.bmp/cc0000/ffffff', 9, 4);
insert into PERSONS (ID_PERSON, FIRST_NAME, LAST_NAME, EMAIL, SECOND_EMAIL, PASSWORD, INVITATION_CODE, MOBILE, URL_PHOTO, ID_CITY, ID_LANGUAGE) values (30, 'Coletta', 'Bratley', 'cbratleyt@engadget.com', 'cbratleyt@washington.edu', '5FRYD4H27GB813785', '58668-2211', '1727649079', 'http://dummyimage.com/232x212.jpg/dddddd/000000', 10, 5);
insert into PERSONS (ID_PERSON, FIRST_NAME, LAST_NAME, EMAIL, SECOND_EMAIL, PASSWORD, INVITATION_CODE, MOBILE, URL_PHOTO, ID_CITY, ID_LANGUAGE) values (31, 'Worthington', 'Quayle', 'wquayleu@dyndns.org', 'wquayleu@issuu.com', '1FM5K7B82FG807284', '63187-089', '2557088943', 'http://dummyimage.com/189x221.jpg/dddddd/000000', 11, 1);
insert into PERSONS (ID_PERSON, FIRST_NAME, LAST_NAME, EMAIL, SECOND_EMAIL, PASSWORD, INVITATION_CODE, MOBILE, URL_PHOTO, ID_CITY, ID_LANGUAGE) values (32, 'Care', 'Elt', 'celtv@accuweather.com', null, 'WBAPN73539A652356', '63323-126', '4027025970', 'http://dummyimage.com/109x242.bmp/5fa2dd/ffffff', 12, 2);
insert into PERSONS (ID_PERSON, FIRST_NAME, LAST_NAME, EMAIL, SECOND_EMAIL, PASSWORD, INVITATION_CODE, MOBILE, URL_PHOTO, ID_CITY, ID_LANGUAGE) values (33, 'Murdock', 'Hills', 'mhillsw@nydailynews.com', null, '1D4RE4GG1BC389609', '49804-101', '8658128032', 'http://dummyimage.com/244x191.bmp/5fa2dd/ffffff', 13, 3);
insert into PERSONS (ID_PERSON, FIRST_NAME, LAST_NAME, EMAIL, SECOND_EMAIL, PASSWORD, INVITATION_CODE, MOBILE, URL_PHOTO, ID_CITY, ID_LANGUAGE) values (34, 'Ingemar', 'Bowers', 'ibowersx@gov.uk', null, '5N1BA0ND0FN491419', '63323-648', '2517564167', 'http://dummyimage.com/145x194.jpg/cc0000/ffffff', 14, 4);
insert into PERSONS (ID_PERSON, FIRST_NAME, LAST_NAME, EMAIL, SECOND_EMAIL, PASSWORD, INVITATION_CODE, MOBILE, URL_PHOTO, ID_CITY, ID_LANGUAGE) values (35, 'Warner', 'Ojeda', 'wojeday@cdc.gov', 'wojeday@goo.ne.jp', 'JTHKD5BH4F2056015', '67684-2000', '4460716712', 'http://dummyimage.com/171x132.png/cc0000/ffffff', 15, 5);
insert into PERSONS (ID_PERSON, FIRST_NAME, LAST_NAME, EMAIL, SECOND_EMAIL, PASSWORD, INVITATION_CODE, MOBILE, URL_PHOTO, ID_CITY, ID_LANGUAGE) values (36, 'Essy', 'Andover', 'eandoverz@discovery.com', 'eandoverz@jugem.jp', 'JA32U1FU1BU825147', '55133-010', '2718018062', 'http://dummyimage.com/174x114.bmp/ff4444/ffffff', 16, 1);
insert into PERSONS (ID_PERSON, FIRST_NAME, LAST_NAME, EMAIL, SECOND_EMAIL, PASSWORD, INVITATION_CODE, MOBILE, URL_PHOTO, ID_CITY, ID_LANGUAGE) values (37, 'Kandace', 'Greedier', 'kgreedier10@yandex.ru', null, '1G4CU541544978652', '0363-0015', '9584709402', 'http://dummyimage.com/195x167.bmp/5fa2dd/ffffff', 17, 2);
insert into PERSONS (ID_PERSON, FIRST_NAME, LAST_NAME, EMAIL, SECOND_EMAIL, PASSWORD, INVITATION_CODE, MOBILE, URL_PHOTO, ID_CITY, ID_LANGUAGE) values (38, 'Omar', 'Acres', 'oacres11@cloudflare.com', 'oacres11@sohu.com', '1FMJK1G5XEE818764', '0574-9838', '0503506176', 'http://dummyimage.com/183x118.jpg/cc0000/ffffff', 18, 3);
insert into PERSONS (ID_PERSON, FIRST_NAME, LAST_NAME, EMAIL, SECOND_EMAIL, PASSWORD, INVITATION_CODE, MOBILE, URL_PHOTO, ID_CITY, ID_LANGUAGE) values (39, 'Gillian', 'Bennitt', 'gbennitt12@shop-pro.jp', null, '5N1AT2ML7EC922133', '60505-0014', '2473315744', 'http://dummyimage.com/138x221.bmp/dddddd/000000', 19, 4);
insert into PERSONS (ID_PERSON, FIRST_NAME, LAST_NAME, EMAIL, SECOND_EMAIL, PASSWORD, INVITATION_CODE, MOBILE, URL_PHOTO, ID_CITY, ID_LANGUAGE) values (40, 'Marya', 'Damp', 'mdamp13@mac.com', 'mdamp13@globo.com', '3GYFNKE49AS956827', '52533-160', '9126606496', 'http://dummyimage.com/120x180.bmp/cc0000/ffffff', 20, 5);
insert into PERSONS (ID_PERSON, FIRST_NAME, LAST_NAME, EMAIL, SECOND_EMAIL, PASSWORD, INVITATION_CODE, MOBILE, URL_PHOTO, ID_CITY, ID_LANGUAGE) values (41, 'Dniren', 'Cottell', 'dcottell14@microsoft.com', 'dcottell14@intel.com', '5TDBM5G11CS400806', '63843-773', '8718909639', 'http://dummyimage.com/204x155.jpg/cc0000/ffffff', 1, 1);
insert into PERSONS (ID_PERSON, FIRST_NAME, LAST_NAME, EMAIL, SECOND_EMAIL, PASSWORD, INVITATION_CODE, MOBILE, URL_PHOTO, ID_CITY, ID_LANGUAGE) values (42, 'Kimberlyn', 'Jansa', 'kjansa15@dailymail.co.uk', 'kjansa15@comsenz.com', '3D73Y4CL6BG009230', '63560-001', '7898988248', 'http://dummyimage.com/225x172.bmp/5fa2dd/ffffff', 2, 2);
insert into PERSONS (ID_PERSON, FIRST_NAME, LAST_NAME, EMAIL, SECOND_EMAIL, PASSWORD, INVITATION_CODE, MOBILE, URL_PHOTO, ID_CITY, ID_LANGUAGE) values (43, 'Sloane', 'Cleeves', 'scleeves16@youtube.com', null, '3D7TT2CT2BG741339', '68712-018', '2192163657', 'http://dummyimage.com/158x135.jpg/5fa2dd/ffffff', 3, 3);
insert into PERSONS (ID_PERSON, FIRST_NAME, LAST_NAME, EMAIL, SECOND_EMAIL, PASSWORD, INVITATION_CODE, MOBILE, URL_PHOTO, ID_CITY, ID_LANGUAGE) values (44, 'Margarete', 'Evennett', 'mevennett17@va.gov', 'mevennett17@dedecms.com', '3D73M3HL2BG655895', '43269-852', '1633269388', 'http://dummyimage.com/170x141.png/dddddd/000000', 4, 4);
insert into PERSONS (ID_PERSON, FIRST_NAME, LAST_NAME, EMAIL, SECOND_EMAIL, PASSWORD, INVITATION_CODE, MOBILE, URL_PHOTO, ID_CITY, ID_LANGUAGE) values (45, 'Ermengarde', 'Pethybridge', 'epethybridge18@quantcast.com', null, '1G4GD5GR2CF673891', '41163-381', '0079596126', 'http://dummyimage.com/228x137.bmp/dddddd/000000', 5, 5);
insert into PERSONS (ID_PERSON, FIRST_NAME, LAST_NAME, EMAIL, SECOND_EMAIL, PASSWORD, INVITATION_CODE, MOBILE, URL_PHOTO, ID_CITY, ID_LANGUAGE) values (46, 'Tamarah', 'Labbey', 'tlabbey19@disqus.com', 'tlabbey19@ning.com', 'WAUEF78E78A406468', '52862-006', '6450278897', 'http://dummyimage.com/156x149.jpg/5fa2dd/ffffff', 6, 1);
insert into PERSONS (ID_PERSON, FIRST_NAME, LAST_NAME, EMAIL, SECOND_EMAIL, PASSWORD, INVITATION_CODE, MOBILE, URL_PHOTO, ID_CITY, ID_LANGUAGE) values (47, 'Alisa', 'Courtes', 'acourtes1a@google.it', null, 'WBA1M1C56FV491866', '36800-214', '6159496727', 'http://dummyimage.com/157x198.jpg/ff4444/ffffff', 7, 2);
insert into PERSONS (ID_PERSON, FIRST_NAME, LAST_NAME, EMAIL, SECOND_EMAIL, PASSWORD, INVITATION_CODE, MOBILE, URL_PHOTO, ID_CITY, ID_LANGUAGE) values (48, 'Regine', 'Pollak', 'rpollak1b@homestead.com', null, 'WUARL48H94K235459', '0713-0640', '1795982276', 'http://dummyimage.com/174x233.bmp/dddddd/000000', 8, 3);
insert into PERSONS (ID_PERSON, FIRST_NAME, LAST_NAME, EMAIL, SECOND_EMAIL, PASSWORD, INVITATION_CODE, MOBILE, URL_PHOTO, ID_CITY, ID_LANGUAGE) values (49, 'Eleanora', 'Einchcombe', 'eeinchcombe1c@google.com.au', null, 'WBALM7C59BE746676', '57520-0154', '1453982094', 'http://dummyimage.com/135x109.bmp/cc0000/ffffff', 9, 4);
insert into PERSONS (ID_PERSON, FIRST_NAME, LAST_NAME, EMAIL, SECOND_EMAIL, PASSWORD, INVITATION_CODE, MOBILE, URL_PHOTO, ID_CITY, ID_LANGUAGE) values (50, 'Chlo', 'Quartley', 'cquartley1d@stanford.edu', 'cquartley1d@uol.com.br', '1G4HD57277U254346', '54868-5185', '0503474053', 'http://dummyimage.com/160x138.jpg/ff4444/ffffff', 10, 5);
insert into PERSONS (ID_PERSON, FIRST_NAME, LAST_NAME, EMAIL, SECOND_EMAIL, PASSWORD, INVITATION_CODE, MOBILE, URL_PHOTO, ID_CITY, ID_LANGUAGE) values (51, 'Jaymee', 'Hattrick', 'jhattrick1e@reverbnation.com', null, '2T1BU4EE5DC286125', '41520-964', '8116009729', 'http://dummyimage.com/149x237.png/ff4444/ffffff', 11, 1);
insert into PERSONS (ID_PERSON, FIRST_NAME, LAST_NAME, EMAIL, SECOND_EMAIL, PASSWORD, INVITATION_CODE, MOBILE, URL_PHOTO, ID_CITY, ID_LANGUAGE) values (52, 'Adelle', 'Grelak', 'agrelak1f@cdbaby.com', null, 'WDDGF4HB8EG987235', '59762-0222', '7384877458', 'http://dummyimage.com/243x189.bmp/ff4444/ffffff', 12, 2);
insert into PERSONS (ID_PERSON, FIRST_NAME, LAST_NAME, EMAIL, SECOND_EMAIL, PASSWORD, INVITATION_CODE, MOBILE, URL_PHOTO, ID_CITY, ID_LANGUAGE) values (53, 'Tamarah', 'Geeve', 'tgeeve1g@addtoany.com', 'tgeeve1g@admin.ch', 'WAUEF98E36A223206', '30142-403', '9000543681', 'http://dummyimage.com/152x132.bmp/5fa2dd/ffffff', 13, 3);
insert into PERSONS (ID_PERSON, FIRST_NAME, LAST_NAME, EMAIL, SECOND_EMAIL, PASSWORD, INVITATION_CODE, MOBILE, URL_PHOTO, ID_CITY, ID_LANGUAGE) values (54, 'Hollyanne', 'Dosdell', 'hdosdell1h@yahoo.co.jp', 'hdosdell1h@irs.gov', 'JN1AY1AR5DM937945', '16714-398', '2150521865', 'http://dummyimage.com/168x247.bmp/5fa2dd/ffffff', 14, 4);
insert into PERSONS (ID_PERSON, FIRST_NAME, LAST_NAME, EMAIL, SECOND_EMAIL, PASSWORD, INVITATION_CODE, MOBILE, URL_PHOTO, ID_CITY, ID_LANGUAGE) values (55, 'Zuzana', 'Iacoboni', 'ziacoboni1i@dagondesign.com', null, 'WBAAZ33433K276088', '48951-8252', '5680603446', 'http://dummyimage.com/205x201.png/5fa2dd/ffffff', 15, 5);
insert into PERSONS (ID_PERSON, FIRST_NAME, LAST_NAME, EMAIL, SECOND_EMAIL, PASSWORD, INVITATION_CODE, MOBILE, URL_PHOTO, ID_CITY, ID_LANGUAGE) values (56, 'Creight', 'Shackel', 'cshackel1j@youku.com', null, 'WVWED7AJXCW002527', '60512-6075', '1147850682', 'http://dummyimage.com/119x129.jpg/ff4444/ffffff', 16, 1);
insert into PERSONS (ID_PERSON, FIRST_NAME, LAST_NAME, EMAIL, SECOND_EMAIL, PASSWORD, INVITATION_CODE, MOBILE, URL_PHOTO, ID_CITY, ID_LANGUAGE) values (57, 'Rozele', 'Clipston', 'rclipston1k@cpanel.net', null, '2C3CDZAG2FH811731', '51758-004', '6480058011', 'http://dummyimage.com/123x152.jpg/ff4444/ffffff', 17, 2);
insert into PERSONS (ID_PERSON, FIRST_NAME, LAST_NAME, EMAIL, SECOND_EMAIL, PASSWORD, INVITATION_CODE, MOBILE, URL_PHOTO, ID_CITY, ID_LANGUAGE) values (58, 'Aloysius', 'Picopp', 'apicopp1l@nydailynews.com', 'apicopp1l@usa.gov', 'WAUYP54B21N263101', '60429-765', '6418857240', 'http://dummyimage.com/117x171.bmp/cc0000/ffffff', 18, 3);
insert into PERSONS (ID_PERSON, FIRST_NAME, LAST_NAME, EMAIL, SECOND_EMAIL, PASSWORD, INVITATION_CODE, MOBILE, URL_PHOTO, ID_CITY, ID_LANGUAGE) values (59, 'Tito', 'Pettett', 'tpettett1m@imdb.com', 'tpettett1m@xrea.com', 'WA1LFAFP5CA277368', '42192-710', '1817659146', 'http://dummyimage.com/214x124.jpg/dddddd/000000', 19, 4);
insert into PERSONS (ID_PERSON, FIRST_NAME, LAST_NAME, EMAIL, SECOND_EMAIL, PASSWORD, INVITATION_CODE, MOBILE, URL_PHOTO, ID_CITY, ID_LANGUAGE) values (60, 'Valli', 'McIver', 'vmciver1n@cbslocal.com', 'vmciver1n@joomla.org', 'WBA5M0C53ED834942', '56062-430', '2351085329', 'http://dummyimage.com/131x239.jpg/cc0000/ffffff', 20, 5);
insert into PERSONS (ID_PERSON, FIRST_NAME, LAST_NAME, EMAIL, SECOND_EMAIL, PASSWORD, INVITATION_CODE, MOBILE, URL_PHOTO, ID_CITY, ID_LANGUAGE) values (61, 'Horton', 'Craighill', 'hcraighill1o@google.fr', 'hcraighill1o@washingtonpost.com', 'JTHBP5C22C5801470', '0904-6356', '7925909129', 'http://dummyimage.com/116x134.bmp/5fa2dd/ffffff', 1, 1);
insert into PERSONS (ID_PERSON, FIRST_NAME, LAST_NAME, EMAIL, SECOND_EMAIL, PASSWORD, INVITATION_CODE, MOBILE, URL_PHOTO, ID_CITY, ID_LANGUAGE) values (62, 'Dimitri', 'Southern', 'dsouthern1p@flickr.com', null, '1G4HE5EM4AU835974', '49035-016', '0781274567', 'http://dummyimage.com/164x208.png/5fa2dd/ffffff', 2, 2);
insert into PERSONS (ID_PERSON, FIRST_NAME, LAST_NAME, EMAIL, SECOND_EMAIL, PASSWORD, INVITATION_CODE, MOBILE, URL_PHOTO, ID_CITY, ID_LANGUAGE) values (63, 'Anny', 'Stallworthy', 'astallworthy1q@tumblr.com', null, 'ZFF75VFA5F0076515', '60505-2880', '7402508501', 'http://dummyimage.com/137x209.jpg/cc0000/ffffff', 3, 3);
insert into PERSONS (ID_PERSON, FIRST_NAME, LAST_NAME, EMAIL, SECOND_EMAIL, PASSWORD, INVITATION_CODE, MOBILE, URL_PHOTO, ID_CITY, ID_LANGUAGE) values (64, 'Case', 'Ales0', 'cales1r@earthlink.net', null, 'WA1AY94L89D701326', '42291-199', '0453354718', 'http://dummyimage.com/232x218.bmp/cc0000/ffffff', 4, 4);
insert into PERSONS (ID_PERSON, FIRST_NAME, LAST_NAME, EMAIL, SECOND_EMAIL, PASSWORD, INVITATION_CODE, MOBILE, URL_PHOTO, ID_CITY, ID_LANGUAGE) values (65, 'Kimberli', 'Michele', 'kmichele1s@washingtonpost.com', 'kmichele1s@arstechnica.com', 'WAUDL94FX6N809090', '42794-019', '6645197853', 'http://dummyimage.com/250x217.jpg/5fa2dd/ffffff', 5, 5);
insert into PERSONS (ID_PERSON, FIRST_NAME, LAST_NAME, EMAIL, SECOND_EMAIL, PASSWORD, INVITATION_CODE, MOBILE, URL_PHOTO, ID_CITY, ID_LANGUAGE) values (66, 'Dorolice', 'Ryding', 'dryding1t@typepad.com', 'dryding1t@mit.edu', '5FNRL3H21AB760432', '36987-1497', '7786716963', 'http://dummyimage.com/179x142.jpg/dddddd/000000', 6, 1);
insert into PERSONS (ID_PERSON, FIRST_NAME, LAST_NAME, EMAIL, SECOND_EMAIL, PASSWORD, INVITATION_CODE, MOBILE, URL_PHOTO, ID_CITY, ID_LANGUAGE) values (67, 'Ravid', 'Francioli', 'rfrancioli1u@oakley.com', 'rfrancioli1u@netlog.com', '3C3CFFFH0DT815730', '55154-2176', '7390664452', 'http://dummyimage.com/220x161.bmp/5fa2dd/ffffff', 7, 2);
insert into PERSONS (ID_PERSON, FIRST_NAME, LAST_NAME, EMAIL, SECOND_EMAIL, PASSWORD, INVITATION_CODE, MOBILE, URL_PHOTO, ID_CITY, ID_LANGUAGE) values (68, 'Justina', 'Akam', 'jakam1v@cbsnews.com', null, '3GTU1YEJ3DG431190', '51285-444', '8394905730', 'http://dummyimage.com/188x126.bmp/cc0000/ffffff', 8, 3);
insert into PERSONS (ID_PERSON, FIRST_NAME, LAST_NAME, EMAIL, SECOND_EMAIL, PASSWORD, INVITATION_CODE, MOBILE, URL_PHOTO, ID_CITY, ID_LANGUAGE) values (69, 'Avrit', 'Mildmott', 'amildmott1w@illinois.edu', 'amildmott1w@reuters.com', 'YV1672MK0C2842322', '54868-6182', '9442924745', 'http://dummyimage.com/187x230.jpg/ff4444/ffffff', 9, 4);
insert into PERSONS (ID_PERSON, FIRST_NAME, LAST_NAME, EMAIL, SECOND_EMAIL, PASSWORD, INVITATION_CODE, MOBILE, URL_PHOTO, ID_CITY, ID_LANGUAGE) values (70, 'Pippa', 'Sandiland', 'psandiland1x@google.com.br', 'psandiland1x@fastcompany.com', 'JTDZN3EU2E3675277', '54868-6064', '2026719640', 'http://dummyimage.com/134x120.png/cc0000/ffffff', 10, 5);
insert into PERSONS (ID_PERSON, FIRST_NAME, LAST_NAME, EMAIL, SECOND_EMAIL, PASSWORD, INVITATION_CODE, MOBILE, URL_PHOTO, ID_CITY, ID_LANGUAGE) values (71, 'Bab', 'Mallebone', 'bmallebone1y@pcworld.com', 'bmallebone1y@typepad.com', 'WAUNF78P16A754300', '66336-470', '1612842283', 'http://dummyimage.com/197x139.png/dddddd/000000', 11, 1);
insert into PERSONS (ID_PERSON, FIRST_NAME, LAST_NAME, EMAIL, SECOND_EMAIL, PASSWORD, INVITATION_CODE, MOBILE, URL_PHOTO, ID_CITY, ID_LANGUAGE) values (72, 'Inglebert', 'Duchart', 'iduchart1z@nps.gov', 'iduchart1z@uol.com.br', '1N4AB7AP8DN615056', '63187-142', '6124602059', 'http://dummyimage.com/148x109.bmp/cc0000/ffffff', 12, 2);
insert into PERSONS (ID_PERSON, FIRST_NAME, LAST_NAME, EMAIL, SECOND_EMAIL, PASSWORD, INVITATION_CODE, MOBILE, URL_PHOTO, ID_CITY, ID_LANGUAGE) values (73, 'Bevvy', 'Trillo', 'btrillo20@imgur.com', 'btrillo20@51.la', '1G4GG5E36DF313143', '68788-0790', '5040761538', 'http://dummyimage.com/106x128.png/cc0000/ffffff', 13, 3);
insert into PERSONS (ID_PERSON, FIRST_NAME, LAST_NAME, EMAIL, SECOND_EMAIL, PASSWORD, INVITATION_CODE, MOBILE, URL_PHOTO, ID_CITY, ID_LANGUAGE) values (74, 'Ada', 'Ismirnioglou', 'aismirnioglou21@quantcast.com', 'aismirnioglou21@ibm.com', 'SALFP2BG4FH116462', '63629-4798', '0238629929', 'http://dummyimage.com/240x124.jpg/dddddd/000000', 14, 4);
insert into PERSONS (ID_PERSON, FIRST_NAME, LAST_NAME, EMAIL, SECOND_EMAIL, PASSWORD, INVITATION_CODE, MOBILE, URL_PHOTO, ID_CITY, ID_LANGUAGE) values (75, 'Vivien', 'Klimke', 'vklimke22@zimbio.com', 'vklimke22@ocn.ne.jp', 'SCBCR63W64C939876', '47593-362', '0192951297', 'http://dummyimage.com/134x123.jpg/dddddd/000000', 15, 5);
insert into PERSONS (ID_PERSON, FIRST_NAME, LAST_NAME, EMAIL, SECOND_EMAIL, PASSWORD, INVITATION_CODE, MOBILE, URL_PHOTO, ID_CITY, ID_LANGUAGE) values (76, 'Blanche', 'Soden', 'bsoden23@dion.ne.jp', null, 'KNDKG3A24A7682332', '48951-3031', '7019392075', 'http://dummyimage.com/163x154.png/ff4444/ffffff', 16, 1);
insert into PERSONS (ID_PERSON, FIRST_NAME, LAST_NAME, EMAIL, SECOND_EMAIL, PASSWORD, INVITATION_CODE, MOBILE, URL_PHOTO, ID_CITY, ID_LANGUAGE) values (77, 'Roselle', 'Brafield', 'rbrafield24@spiegel.de', null, '1FTSW3B5XAE413093', '0143-9931', '8372668612', 'http://dummyimage.com/125x129.jpg/dddddd/000000', 17, 2);
insert into PERSONS (ID_PERSON, FIRST_NAME, LAST_NAME, EMAIL, SECOND_EMAIL, PASSWORD, INVITATION_CODE, MOBILE, URL_PHOTO, ID_CITY, ID_LANGUAGE) values (78, 'Hollie', 'Spinella', 'hspinella25@eventbrite.com', null, 'WA1C8AFP3DA059165', '36987-1956', '8871178254', 'http://dummyimage.com/196x248.bmp/ff4444/ffffff', 18, 3);
insert into PERSONS (ID_PERSON, FIRST_NAME, LAST_NAME, EMAIL, SECOND_EMAIL, PASSWORD, INVITATION_CODE, MOBILE, URL_PHOTO, ID_CITY, ID_LANGUAGE) values (79, 'Zackariah', 'Trebbett', 'ztrebbett26@home.pl', 'ztrebbett26@spotify.com', '3C63DRLL6CG414418', '44119-001', '5008108115', 'http://dummyimage.com/112x137.jpg/5fa2dd/ffffff', 19, 4);
insert into PERSONS (ID_PERSON, FIRST_NAME, LAST_NAME, EMAIL, SECOND_EMAIL, PASSWORD, INVITATION_CODE, MOBILE, URL_PHOTO, ID_CITY, ID_LANGUAGE) values (80, 'Esdras', 'Queree', 'equeree27@ed.gov', null, 'WVWGU7AN4AE980553', '76439-205', '5839267910', 'http://dummyimage.com/185x169.jpg/dddddd/000000', 20, 5);
insert into PERSONS (ID_PERSON, FIRST_NAME, LAST_NAME, EMAIL, SECOND_EMAIL, PASSWORD, INVITATION_CODE, MOBILE, URL_PHOTO, ID_CITY, ID_LANGUAGE) values (81, 'Mitchael', 'Dreakin', 'mdreakin28@icio.us', 'mdreakin28@guardian.co.uk', 'SCBFH7ZA6FC751363', '0093-5295', '5059894665', 'http://dummyimage.com/168x207.bmp/dddddd/000000', 1, 1);
insert into PERSONS (ID_PERSON, FIRST_NAME, LAST_NAME, EMAIL, SECOND_EMAIL, PASSWORD, INVITATION_CODE, MOBILE, URL_PHOTO, ID_CITY, ID_LANGUAGE) values (82, 'Marcos', 'Meadowcraft', 'mmeadowcraft29@360.cn', 'mmeadowcraft29@nps.gov', '1N4AL3AP7DC820319', '0487-9701', '6800794147', 'http://dummyimage.com/229x241.png/5fa2dd/ffffff', 2, 2);
insert into PERSONS (ID_PERSON, FIRST_NAME, LAST_NAME, EMAIL, SECOND_EMAIL, PASSWORD, INVITATION_CODE, MOBILE, URL_PHOTO, ID_CITY, ID_LANGUAGE) values (83, 'Georgena', 'Baccus', 'gbaccus2a@yolasite.com', 'gbaccus2a@alexa.com', '1FMJK1H50EE094257', '37205-120', '1397613106', 'http://dummyimage.com/104x246.jpg/cc0000/ffffff', 3, 3);
insert into PERSONS (ID_PERSON, FIRST_NAME, LAST_NAME, EMAIL, SECOND_EMAIL, PASSWORD, INVITATION_CODE, MOBILE, URL_PHOTO, ID_CITY, ID_LANGUAGE) values (84, 'Bellanca', 'Pentecost', 'bpentecost2b@lycos.com', 'bpentecost2b@businesswire.com', '3VW4A7AT9DM370122', '76485-1012', '9747933276', 'http://dummyimage.com/243x226.jpg/ff4444/ffffff', 4, 4);
insert into PERSONS (ID_PERSON, FIRST_NAME, LAST_NAME, EMAIL, SECOND_EMAIL, PASSWORD, INVITATION_CODE, MOBILE, URL_PHOTO, ID_CITY, ID_LANGUAGE) values (85, 'Rosalyn', 'Marrion', 'rmarrion2c@intel.com', null, '1C3CDZBG7DN296034', '57520-0011', '3318017906', 'http://dummyimage.com/108x217.png/5fa2dd/ffffff', 5, 5);
insert into PERSONS (ID_PERSON, FIRST_NAME, LAST_NAME, EMAIL, SECOND_EMAIL, PASSWORD, INVITATION_CODE, MOBILE, URL_PHOTO, ID_CITY, ID_LANGUAGE) values (86, 'Sholom', 'Sheraton', 'ssheraton2d@google.com', 'ssheraton2d@angelfire.com', 'WA1MMAFE9AD181831', '54868-5414', '3916196367', 'http://dummyimage.com/182x221.png/cc0000/ffffff', 6, 1);
insert into PERSONS (ID_PERSON, FIRST_NAME, LAST_NAME, EMAIL, SECOND_EMAIL, PASSWORD, INVITATION_CODE, MOBILE, URL_PHOTO, ID_CITY, ID_LANGUAGE) values (87, 'Fax', 'Lorence', 'florence2e@webeden.co.uk', null, 'WUADNAFG0BN171692', '49288-0613', '0973826509', 'http://dummyimage.com/174x142.jpg/cc0000/ffffff', 7, 2);
insert into PERSONS (ID_PERSON, FIRST_NAME, LAST_NAME, EMAIL, SECOND_EMAIL, PASSWORD, INVITATION_CODE, MOBILE, URL_PHOTO, ID_CITY, ID_LANGUAGE) values (88, 'Shannen', 'Este', 'seste2f@twitter.com', 'seste2f@nyu.edu', '1G6DP57V190970614', '43063-489', '8344224845', 'http://dummyimage.com/176x137.jpg/dddddd/000000', 8, 3);
insert into PERSONS (ID_PERSON, FIRST_NAME, LAST_NAME, EMAIL, SECOND_EMAIL, PASSWORD, INVITATION_CODE, MOBILE, URL_PHOTO, ID_CITY, ID_LANGUAGE) values (89, 'Charlean', 'M''Barron', 'cmbarron2g@rakuten.co.jp', 'cmbarron2g@patch.com', 'JH4CU4F40CC450400', '0869-0864', '7406602286', 'http://dummyimage.com/214x133.bmp/5fa2dd/ffffff', 9, 4);
insert into PERSONS (ID_PERSON, FIRST_NAME, LAST_NAME, EMAIL, SECOND_EMAIL, PASSWORD, INVITATION_CODE, MOBILE, URL_PHOTO, ID_CITY, ID_LANGUAGE) values (90, 'Kerry', 'Bestwick', 'kbestwick2h@google.com.hk', null, '3FA6P0LU2DR751309', '60432-528', '5302946874', 'http://dummyimage.com/177x238.bmp/dddddd/000000', 10, 5);
insert into PERSONS (ID_PERSON, FIRST_NAME, LAST_NAME, EMAIL, SECOND_EMAIL, PASSWORD, INVITATION_CODE, MOBILE, URL_PHOTO, ID_CITY, ID_LANGUAGE) values (91, 'Anabel', 'Kirgan', 'akirgan2i@livejournal.com', 'akirgan2i@google.com.br', '1G4HP52K154096985', '54473-238', '5820068890', 'http://dummyimage.com/189x103.png/5fa2dd/ffffff', 11, 1);
insert into PERSONS (ID_PERSON, FIRST_NAME, LAST_NAME, EMAIL, SECOND_EMAIL, PASSWORD, INVITATION_CODE, MOBILE, URL_PHOTO, ID_CITY, ID_LANGUAGE) values (92, 'Bartel', 'Orpyne', 'borpyne2j@usgs.gov', 'borpyne2j@phpbb.com', 'WAUDFBFL6AN464490', '0363-0911', '7826354625', 'http://dummyimage.com/112x115.bmp/cc0000/ffffff', 12, 2);
insert into PERSONS (ID_PERSON, FIRST_NAME, LAST_NAME, EMAIL, SECOND_EMAIL, PASSWORD, INVITATION_CODE, MOBILE, URL_PHOTO, ID_CITY, ID_LANGUAGE) values (93, 'Massimo', 'Etridge', 'metridge2k@harvard.edu', null, '5GADX33L66D920643', '36987-1720', '2220700976', 'http://dummyimage.com/227x177.png/5fa2dd/ffffff', 13, 3);
insert into PERSONS (ID_PERSON, FIRST_NAME, LAST_NAME, EMAIL, SECOND_EMAIL, PASSWORD, INVITATION_CODE, MOBILE, URL_PHOTO, ID_CITY, ID_LANGUAGE) values (94, 'Dolores', 'Lockyer', 'dlockyer2l@wikispaces.com', 'dlockyer2l@wunderground.com', '3GTU2YEJXBG897712', '36987-2074', '1675800804', 'http://dummyimage.com/188x136.jpg/cc0000/ffffff', 14, 4);
insert into PERSONS (ID_PERSON, FIRST_NAME, LAST_NAME, EMAIL, SECOND_EMAIL, PASSWORD, INVITATION_CODE, MOBILE, URL_PHOTO, ID_CITY, ID_LANGUAGE) values (95, 'Dennie', 'Brambley', 'dbrambley2m@chron.com', 'dbrambley2m@oracle.com', '3C4PDCDG5FT457474', '47202-1501', '8372444811', 'http://dummyimage.com/120x146.png/ff4444/ffffff', 15, 5);
insert into PERSONS (ID_PERSON, FIRST_NAME, LAST_NAME, EMAIL, SECOND_EMAIL, PASSWORD, INVITATION_CODE, MOBILE, URL_PHOTO, ID_CITY, ID_LANGUAGE) values (96, 'Seamus', 'Frearson', 'sfrearson2n@booking.com', null, 'WA1VMBFE4AD233327', '42248-130', '2951085648', 'http://dummyimage.com/242x102.jpg/ff4444/ffffff', 16, 1);
insert into PERSONS (ID_PERSON, FIRST_NAME, LAST_NAME, EMAIL, SECOND_EMAIL, PASSWORD, INVITATION_CODE, MOBILE, URL_PHOTO, ID_CITY, ID_LANGUAGE) values (97, 'Tiphani', 'Jaskiewicz', 'tjaskiewicz2o@ebay.com', 'tjaskiewicz2o@fc2.com', 'JH4CL96897C941878', '57664-106', '9402497838', 'http://dummyimage.com/148x108.png/ff4444/ffffff', 17, 2);
insert into PERSONS (ID_PERSON, FIRST_NAME, LAST_NAME, EMAIL, SECOND_EMAIL, PASSWORD, INVITATION_CODE, MOBILE, URL_PHOTO, ID_CITY, ID_LANGUAGE) values (98, 'Miof mela', 'Houlson', 'mhoulson2p@sun.com', null, 'SAJWA0FB5BL694994', '21695-561', '3939091251', 'http://dummyimage.com/215x165.png/5fa2dd/ffffff', 18, 3);
insert into PERSONS (ID_PERSON, FIRST_NAME, LAST_NAME, EMAIL, SECOND_EMAIL, PASSWORD, INVITATION_CODE, MOBILE, URL_PHOTO, ID_CITY, ID_LANGUAGE) values (99, 'Eldredge', 'Greeson', 'egreeson2q@plala.or.jp', 'egreeson2q@walmart.com', 'YV1902FH0D1865822', '49967-444', '0023909331', 'http://dummyimage.com/144x182.png/5fa2dd/ffffff', 19, 4);
insert into PERSONS (ID_PERSON, FIRST_NAME, LAST_NAME, EMAIL, SECOND_EMAIL, PASSWORD, INVITATION_CODE, MOBILE, URL_PHOTO, ID_CITY, ID_LANGUAGE) values (100, 'Ora', 'Frankowski', 'ofrankowski2r@godaddy.com', null, 'WBAPN73579A585597', '44224-1999', '5259350545', 'http://dummyimage.com/145x171.jpg/cc0000/ffffff', 20, 5);
insert into PERSONS (ID_PERSON, FIRST_NAME, LAST_NAME, EMAIL, SECOND_EMAIL, PASSWORD, INVITATION_CODE, MOBILE, URL_PHOTO, ID_CITY, ID_LANGUAGE) values (101, 'Tab', 'Fulford', 'tfulford2s@deviantart.com', 'tfulford2s@stanford.edu', '1D7RW3GK5AS657192', '13107-035', '2738896030', 'http://dummyimage.com/211x160.jpg/cc0000/ffffff', 1, 1);
insert into PERSONS (ID_PERSON, FIRST_NAME, LAST_NAME, EMAIL, SECOND_EMAIL, PASSWORD, INVITATION_CODE, MOBILE, URL_PHOTO, ID_CITY, ID_LANGUAGE) values (102, 'Silvano', 'Bareham', 'sbareham2t@slate.com', null, 'WAUFFAFM9CA978307', '55154-6265', '0570688574', 'http://dummyimage.com/250x171.jpg/5fa2dd/ffffff', 2, 2);
insert into PERSONS (ID_PERSON, FIRST_NAME, LAST_NAME, EMAIL, SECOND_EMAIL, PASSWORD, INVITATION_CODE, MOBILE, URL_PHOTO, ID_CITY, ID_LANGUAGE) values (103, 'Molli', 'Annets', 'mannets2u@twitpic.com', 'mannets2u@google.co.jp', '1GYUCCEF5AR835557', '64942-1323', '3402471426', 'http://dummyimage.com/114x231.jpg/5fa2dd/ffffff', 3, 3);
insert into PERSONS (ID_PERSON, FIRST_NAME, LAST_NAME, EMAIL, SECOND_EMAIL, PASSWORD, INVITATION_CODE, MOBILE, URL_PHOTO, ID_CITY, ID_LANGUAGE) values (104, 'Bernete', 'Ronca', 'bronca2v@google.com.br', 'bronca2v@abc.net.au', 'WUARL48H88K580648', '64406-806', '2869560478', 'http://dummyimage.com/174x207.bmp/dddddd/000000', 4, 4);
insert into PERSONS (ID_PERSON, FIRST_NAME, LAST_NAME, EMAIL, SECOND_EMAIL, PASSWORD, INVITATION_CODE, MOBILE, URL_PHOTO, ID_CITY, ID_LANGUAGE) values (105, 'Dennie', 'Hamson', 'dhamson2w@adobe.com', 'dhamson2w@globo.com', '1C6RD7LP3CS676682', '59390-192', '3273406879', 'http://dummyimage.com/211x130.jpg/cc0000/ffffff', 5, 5);
insert into PERSONS (ID_PERSON, FIRST_NAME, LAST_NAME, EMAIL, SECOND_EMAIL, PASSWORD, INVITATION_CODE, MOBILE, URL_PHOTO, ID_CITY, ID_LANGUAGE) values (106, 'Brooke', 'Zotto', 'bzotto2x@tinyurl.com', null, 'WBALM5C56BE264185', '57955-3031', '1768540411', 'http://dummyimage.com/216x137.bmp/ff4444/ffffff', 6, 1);
insert into PERSONS (ID_PERSON, FIRST_NAME, LAST_NAME, EMAIL, SECOND_EMAIL, PASSWORD, INVITATION_CODE, MOBILE, URL_PHOTO, ID_CITY, ID_LANGUAGE) values (107, 'Darice', 'Akenhead', 'dakenhead2y@bloomberg.com', null, 'SCFEBBCF3CG142173', '59556-008', '3281198937', 'http://dummyimage.com/180x124.bmp/cc0000/ffffff', 7, 2);
insert into PERSONS (ID_PERSON, FIRST_NAME, LAST_NAME, EMAIL, SECOND_EMAIL, PASSWORD, INVITATION_CODE, MOBILE, URL_PHOTO, ID_CITY, ID_LANGUAGE) values (108, 'Elysee', 'Fossitt', 'efossitt2z@livejournal.com', null, 'WAUD2AFD3EN782863', '52085-002', '0307587878', 'http://dummyimage.com/113x144.bmp/5fa2dd/ffffff', 8, 3);
insert into PERSONS (ID_PERSON, FIRST_NAME, LAST_NAME, EMAIL, SECOND_EMAIL, PASSWORD, INVITATION_CODE, MOBILE, URL_PHOTO, ID_CITY, ID_LANGUAGE) values (109, 'Trudey', 'Beavan', 'tbeavan30@mit.edu', null, 'WA1CFAFPXCA693898', '55910-242', '0874261104', 'http://dummyimage.com/149x211.png/ff4444/ffffff', 9, 4);
insert into PERSONS (ID_PERSON, FIRST_NAME, LAST_NAME, EMAIL, SECOND_EMAIL, PASSWORD, INVITATION_CODE, MOBILE, URL_PHOTO, ID_CITY, ID_LANGUAGE) values (110, 'Tan', 'Rasp', 'trasp31@sfgate.com', 'trasp31@elegantthemes.com', '1N6AF0KY9FN872563', '10237-589', '8601438652', 'http://dummyimage.com/234x209.bmp/dddddd/000000', 10, 5);
insert into PERSONS (ID_PERSON, FIRST_NAME, LAST_NAME, EMAIL, SECOND_EMAIL, PASSWORD, INVITATION_CODE, MOBILE, URL_PHOTO, ID_CITY, ID_LANGUAGE) values (111, 'Hadrian', 'Colnett', 'hcolnett32@google.pl', null, '2T1BURHEXFC121487', '64376-816', '0452280621', 'http://dummyimage.com/191x144.png/dddddd/000000', 11, 1);
insert into PERSONS (ID_PERSON, FIRST_NAME, LAST_NAME, EMAIL, SECOND_EMAIL, PASSWORD, INVITATION_CODE, MOBILE, URL_PHOTO, ID_CITY, ID_LANGUAGE) values (112, 'Alameda', 'Figiovanni', 'afigiovanni33@storify.com', null, 'SCFEBBBK9DG143683', '37205-646', '9937525969', 'http://dummyimage.com/141x108.bmp/dddddd/000000', 12, 2);
insert into PERSONS (ID_PERSON, FIRST_NAME, LAST_NAME, EMAIL, SECOND_EMAIL, PASSWORD, INVITATION_CODE, MOBILE, URL_PHOTO, ID_CITY, ID_LANGUAGE) values (113, 'Spencer', 'Packman', 'spackman34@webnode.com', 'spackman34@ning.com', '1G6DW67V690641562', '51456-299', '5981192976', 'http://dummyimage.com/146x224.png/ff4444/ffffff', 13, 3);
insert into PERSONS (ID_PERSON, FIRST_NAME, LAST_NAME, EMAIL, SECOND_EMAIL, PASSWORD, INVITATION_CODE, MOBILE, URL_PHOTO, ID_CITY, ID_LANGUAGE) values (114, 'Yevette', 'Rayner', 'yrayner35@printfriendly.com', null, '1N6BF0KX0FN858367', '50268-815', '3954046407', 'http://dummyimage.com/224x122.bmp/ff4444/ffffff', 14, 4);
insert into PERSONS (ID_PERSON, FIRST_NAME, LAST_NAME, EMAIL, SECOND_EMAIL, PASSWORD, INVITATION_CODE, MOBILE, URL_PHOTO, ID_CITY, ID_LANGUAGE) values (115, 'Paulo', 'Croal', 'pcroal36@howstuffworks.com', 'pcroal36@ucsd.edu', '2G4WD582491364906', '0440-1185', '8490854122', 'http://dummyimage.com/111x212.jpg/cc0000/ffffff', 15, 5);
insert into PERSONS (ID_PERSON, FIRST_NAME, LAST_NAME, EMAIL, SECOND_EMAIL, PASSWORD, INVITATION_CODE, MOBILE, URL_PHOTO, ID_CITY, ID_LANGUAGE) values (116, 'Raynor', 'Hammersley', 'rhammersley37@webnode.com', 'rhammersley37@bluehost.com', '5TDBK3EHXBS332482', '63187-106', '1158530404', 'http://dummyimage.com/198x234.bmp/cc0000/ffffff', 16, 1);
insert into PERSONS (ID_PERSON, FIRST_NAME, LAST_NAME, EMAIL, SECOND_EMAIL, PASSWORD, INVITATION_CODE, MOBILE, URL_PHOTO, ID_CITY, ID_LANGUAGE) values (117, 'Vito', 'Ebbing', 'vebbing38@imdb.com', 'vebbing38@ca.gov', '3D73Y4CL3BG468425', '64058-145', '2561857166', 'http://dummyimage.com/162x214.bmp/ff4444/ffffff', 17, 2);
insert into PERSONS (ID_PERSON, FIRST_NAME, LAST_NAME, EMAIL, SECOND_EMAIL, PASSWORD, INVITATION_CODE, MOBILE, URL_PHOTO, ID_CITY, ID_LANGUAGE) values (118, 'El', 'Hew', 'ehew39@jigsy.com', null, 'WA1LFBFP1CA245698', '33261-100', '2498078339', 'http://dummyimage.com/112x212.png/5fa2dd/ffffff', 18, 3);
insert into PERSONS (ID_PERSON, FIRST_NAME, LAST_NAME, EMAIL, SECOND_EMAIL, PASSWORD, INVITATION_CODE, MOBILE, URL_PHOTO, ID_CITY, ID_LANGUAGE) values (119, 'Tabatha', 'Hansmann', 'thansmann3a@cpanel.net', 'thansmann3a@seesaa.net', 'WAUFEBFMXBA232357', '0078-0468', '0419341900', 'http://dummyimage.com/230x166.bmp/cc0000/ffffff', 19, 4);
insert into PERSONS (ID_PERSON, FIRST_NAME, LAST_NAME, EMAIL, SECOND_EMAIL, PASSWORD, INVITATION_CODE, MOBILE, URL_PHOTO, ID_CITY, ID_LANGUAGE) values (120, 'Dexter', 'Bostock', 'dbostock3b@storify.com', 'dbostock3b@apache.org', '1GD311CG0FZ261377', '49953-1894', '4163682945', 'http://dummyimage.com/124x143.png/5fa2dd/ffffff', 20, 5);
insert into PERSONS (ID_PERSON, FIRST_NAME, LAST_NAME, EMAIL, SECOND_EMAIL, PASSWORD, INVITATION_CODE, MOBILE, URL_PHOTO, ID_CITY, ID_LANGUAGE) values (121, 'Christian', 'Burrows', 'cburrows3c@deliciousdays.com', 'cburrows3c@quantcast.com', 'WBSBR93422P995465', '42806-018', '1921419563', 'http://dummyimage.com/113x136.bmp/cc0000/ffffff', 1, 1);
insert into PERSONS (ID_PERSON, FIRST_NAME, LAST_NAME, EMAIL, SECOND_EMAIL, PASSWORD, INVITATION_CODE, MOBILE, URL_PHOTO, ID_CITY, ID_LANGUAGE) values (122, 'Giffie', 'Flooks', 'gflooks3d@archive.org', 'gflooks3d@hostgator.com', '5N1AA0NCXAN583231', '68712-049', '2880500745', 'http://dummyimage.com/127x108.png/5fa2dd/ffffff', 2, 2);
insert into PERSONS (ID_PERSON, FIRST_NAME, LAST_NAME, EMAIL, SECOND_EMAIL, PASSWORD, INVITATION_CODE, MOBILE, URL_PHOTO, ID_CITY, ID_LANGUAGE) values (123, 'Othello', 'Pinare', 'opinare3e@cmu.edu', null, '4T1BD1EB9EU455762', '0615-7639', '7329714259', 'http://dummyimage.com/222x229.png/cc0000/ffffff', 3, 3);
insert into PERSONS (ID_PERSON, FIRST_NAME, LAST_NAME, EMAIL, SECOND_EMAIL, PASSWORD, INVITATION_CODE, MOBILE, URL_PHOTO, ID_CITY, ID_LANGUAGE) values (124, 'Cynthea', 'Barajaz', 'cbarajaz3f@ovh.net', 'cbarajaz3f@myspace.com', 'JN8AF5MR7FT846341', '75983-000', '5734542792', 'http://dummyimage.com/176x212.jpg/5fa2dd/ffffff', 4, 4);
insert into PERSONS (ID_PERSON, FIRST_NAME, LAST_NAME, EMAIL, SECOND_EMAIL, PASSWORD, INVITATION_CODE, MOBILE, URL_PHOTO, ID_CITY, ID_LANGUAGE) values (125, 'Margaretta', 'Guido', 'mguido3g@google.co.jp', 'mguido3g@1688.com', 'YV1672MW0B2751892', '0173-0644', '2963082002', 'http://dummyimage.com/203x176.bmp/5fa2dd/ffffff', 5, 5);
insert into PERSONS (ID_PERSON, FIRST_NAME, LAST_NAME, EMAIL, SECOND_EMAIL, PASSWORD, INVITATION_CODE, MOBILE, URL_PHOTO, ID_CITY, ID_LANGUAGE) values (126, 'Porty', 'Galliford', 'pgalliford3h@amazon.de', null, '1N6AA0CC5DN232932', '37000-902', '1323083642', 'http://dummyimage.com/160x176.bmp/cc0000/ffffff', 6, 1);
insert into PERSONS (ID_PERSON, FIRST_NAME, LAST_NAME, EMAIL, SECOND_EMAIL, PASSWORD, INVITATION_CODE, MOBILE, URL_PHOTO, ID_CITY, ID_LANGUAGE) values (127, 'Lamar', 'Mateo', 'lmateo3i@buzzfeed.com', null, '1N6AA0CCXCN800896', '55648-990', '6631455081', 'http://dummyimage.com/154x189.png/5fa2dd/ffffff', 7, 2);
insert into PERSONS (ID_PERSON, FIRST_NAME, LAST_NAME, EMAIL, SECOND_EMAIL, PASSWORD, INVITATION_CODE, MOBILE, URL_PHOTO, ID_CITY, ID_LANGUAGE) values (128, 'Tandie', 'MacWhirter', 'tmacwhirter3j@simplemachines.org', 'tmacwhirter3j@weather.com', '1D7RB1GT8BS535338', '49121-001', '6059220304', 'http://dummyimage.com/162x245.bmp/ff4444/ffffff', 8, 3);
insert into PERSONS (ID_PERSON, FIRST_NAME, LAST_NAME, EMAIL, SECOND_EMAIL, PASSWORD, INVITATION_CODE, MOBILE, URL_PHOTO, ID_CITY, ID_LANGUAGE) values (129, 'Brendin', 'Yule', 'byule3k@webs.com', null, '1G6AL5S31E0854425', '61715-070', '4437928830', 'http://dummyimage.com/197x248.png/dddddd/000000', 9, 4);
insert into PERSONS (ID_PERSON, FIRST_NAME, LAST_NAME, EMAIL, SECOND_EMAIL, PASSWORD, INVITATION_CODE, MOBILE, URL_PHOTO, ID_CITY, ID_LANGUAGE) values (130, 'Markos', 'Mineghelli', 'mmineghelli3l@desdev.cn', 'mmineghelli3l@tinyurl.com', '1FTWF3C59AE403154', '62750-027', '1685856624', 'http://dummyimage.com/245x191.jpg/ff4444/ffffff', 10, 5);
insert into PERSONS (ID_PERSON, FIRST_NAME, LAST_NAME, EMAIL, SECOND_EMAIL, PASSWORD, INVITATION_CODE, MOBILE, URL_PHOTO, ID_CITY, ID_LANGUAGE) values (131, 'Elnore', 'Ellse', 'eellse3m@huffingtonpost.com', 'eellse3m@cmu.edu', 'WAUSFBFL1AA015460', '24385-165', '8073638126', 'http://dummyimage.com/118x214.bmp/ff4444/ffffff', 11, 1);
insert into PERSONS (ID_PERSON, FIRST_NAME, LAST_NAME, EMAIL, SECOND_EMAIL, PASSWORD, INVITATION_CODE, MOBILE, URL_PHOTO, ID_CITY, ID_LANGUAGE) values (132, 'Ardyce', 'Tace', 'atace3n@sbwire.com', null, '2T1BPRHEXFC092421', '36987-3185', '8367413997', 'http://dummyimage.com/107x102.bmp/dddddd/000000', 12, 2);
insert into PERSONS (ID_PERSON, FIRST_NAME, LAST_NAME, EMAIL, SECOND_EMAIL, PASSWORD, INVITATION_CODE, MOBILE, URL_PHOTO, ID_CITY, ID_LANGUAGE) values (133, 'Gibby', 'Abbiss', 'gabbiss3o@istockphoto.com', null, '1C4AJWAG9FL701367', '76229-123', '7824923258', 'http://dummyimage.com/135x154.png/5fa2dd/ffffff', 13, 3);
insert into PERSONS (ID_PERSON, FIRST_NAME, LAST_NAME, EMAIL, SECOND_EMAIL, PASSWORD, INVITATION_CODE, MOBILE, URL_PHOTO, ID_CITY, ID_LANGUAGE) values (134, 'Daphne', 'Hamby', 'dhamby3p@linkedin.com', 'dhamby3p@wikispaces.com', 'WAUK2AFD1FN849999', '16129-003', '1712249622', 'http://dummyimage.com/130x100.bmp/cc0000/ffffff', 14, 4);
insert into PERSONS (ID_PERSON, FIRST_NAME, LAST_NAME, EMAIL, SECOND_EMAIL, PASSWORD, INVITATION_CODE, MOBILE, URL_PHOTO, ID_CITY, ID_LANGUAGE) values (135, 'Elinor', 'Skace', 'eskace3q@ted.com', null, '5J6TF1H36FL151104', '42291-175', '6026199853', 'http://dummyimage.com/119x242.jpg/5fa2dd/ffffff', 15, 5);
insert into PERSONS (ID_PERSON, FIRST_NAME, LAST_NAME, EMAIL, SECOND_EMAIL, PASSWORD, INVITATION_CODE, MOBILE, URL_PHOTO, ID_CITY, ID_LANGUAGE) values (136, 'Loretta', 'Broadfield', 'lbroadfield3r@unesco.org', 'lbroadfield3r@cargocollective.com', 'SCBLF44J17C690021', '36987-1066', '0498040984', 'http://dummyimage.com/221x241.png/dddddd/000000', 16, 1);
insert into PERSONS (ID_PERSON, FIRST_NAME, LAST_NAME, EMAIL, SECOND_EMAIL, PASSWORD, INVITATION_CODE, MOBILE, URL_PHOTO, ID_CITY, ID_LANGUAGE) values (137, 'Jorie', 'Halworth', 'jhalworth3s@de.vu', 'jhalworth3s@shutterfly.com', 'WBAPL5G54BN762979', '68180-352', '7286933906', 'http://dummyimage.com/124x185.png/5fa2dd/ffffff', 17, 2);
insert into PERSONS (ID_PERSON, FIRST_NAME, LAST_NAME, EMAIL, SECOND_EMAIL, PASSWORD, INVITATION_CODE, MOBILE, URL_PHOTO, ID_CITY, ID_LANGUAGE) values (138, 'Micaela', 'Spadelli', 'mspadelli3t@google.ru', 'mspadelli3t@themeforest.net', '2C3CCAXJ4DH400254', '49320-798', '2359095161', 'http://dummyimage.com/158x208.png/cc0000/ffffff', 18, 3);
insert into PERSONS (ID_PERSON, FIRST_NAME, LAST_NAME, EMAIL, SECOND_EMAIL, PASSWORD, INVITATION_CODE, MOBILE, URL_PHOTO, ID_CITY, ID_LANGUAGE) values (139, 'Jephthah', 'Sussans', 'jsussans3u@ucoz.com', 'jsussans3u@desdev.cn', 'WBADN63473G128927', '49349-191', '5979190546', 'http://dummyimage.com/139x102.bmp/ff4444/ffffff', 19, 4);
insert into PERSONS (ID_PERSON, FIRST_NAME, LAST_NAME, EMAIL, SECOND_EMAIL, PASSWORD, INVITATION_CODE, MOBILE, URL_PHOTO, ID_CITY, ID_LANGUAGE) values (140, 'Rollo', 'Heaseman', 'rheaseman3v@diigo.com', null, '4USFE435X7L024254', '54868-6029', '4171583055', 'http://dummyimage.com/201x109.png/5fa2dd/ffffff', 20, 5);
insert into PERSONS (ID_PERSON, FIRST_NAME, LAST_NAME, EMAIL, SECOND_EMAIL, PASSWORD, INVITATION_CODE, MOBILE, URL_PHOTO, ID_CITY, ID_LANGUAGE) values (141, 'Morena', 'Latter', 'mlatter3w@skyrock.com', 'mlatter3w@google.com.br', 'JM1NC2PF7F0119563', '65691-0089', '3969551668', 'http://dummyimage.com/176x166.png/dddddd/000000', 1, 1);
insert into PERSONS (ID_PERSON, FIRST_NAME, LAST_NAME, EMAIL, SECOND_EMAIL, PASSWORD, INVITATION_CODE, MOBILE, URL_PHOTO, ID_CITY, ID_LANGUAGE) values (142, 'Madel', 'Hayworth', 'mhayworth3x@cnet.com', 'mhayworth3x@usda.gov', 'SCBZK25E11C191139', '36800-052', '9136278203', 'http://dummyimage.com/101x229.png/5fa2dd/ffffff', 2, 2);
insert into PERSONS (ID_PERSON, FIRST_NAME, LAST_NAME, EMAIL, SECOND_EMAIL, PASSWORD, INVITATION_CODE, MOBILE, URL_PHOTO, ID_CITY, ID_LANGUAGE) values (143, 'Darryl', 'Pierucci', 'dpierucci3y@patch.com', 'dpierucci3y@aol.com', '1FTEW1C86FK805488', '54868-6355', '1792596995', 'http://dummyimage.com/244x146.jpg/dddddd/000000', 3, 3);
insert into PERSONS (ID_PERSON, FIRST_NAME, LAST_NAME, EMAIL, SECOND_EMAIL, PASSWORD, INVITATION_CODE, MOBILE, URL_PHOTO, ID_CITY, ID_LANGUAGE) values (144, 'Vina', 'Pidgen', 'vpidgen3z@ucoz.ru', 'vpidgen3z@nature.com', '3G5DB03E44S609956', '24987-435', '8211807440', 'http://dummyimage.com/249x113.jpg/cc0000/ffffff', 4, 4);
insert into PERSONS (ID_PERSON, FIRST_NAME, LAST_NAME, EMAIL, SECOND_EMAIL, PASSWORD, INVITATION_CODE, MOBILE, URL_PHOTO, ID_CITY, ID_LANGUAGE) values (145, 'Gui', 'Mutter', 'gmutter40@weather.com', 'gmutter40@bing.com', '4T1BK3DB6AU540698', '30698-459', '5210006182', 'http://dummyimage.com/147x143.bmp/5fa2dd/ffffff', 5, 5);
insert into PERSONS (ID_PERSON, FIRST_NAME, LAST_NAME, EMAIL, SECOND_EMAIL, PASSWORD, INVITATION_CODE, MOBILE, URL_PHOTO, ID_CITY, ID_LANGUAGE) values (146, 'Dur', 'Guidetti', 'dguidetti41@vkontakte.ru', null, '1D7RW3GK1BS696833', '61010-5500', '6999093938', 'http://dummyimage.com/249x163.jpg/dddddd/000000', 6, 1);
insert into PERSONS (ID_PERSON, FIRST_NAME, LAST_NAME, EMAIL, SECOND_EMAIL, PASSWORD, INVITATION_CODE, MOBILE, URL_PHOTO, ID_CITY, ID_LANGUAGE) values (147, 'Nicole', 'Nann', 'nnann42@plala.or.jp', null, 'WAUAFAFH9EN458584', '21695-701', '0593861930', 'http://dummyimage.com/211x212.bmp/5fa2dd/ffffff', 7, 2);
insert into PERSONS (ID_PERSON, FIRST_NAME, LAST_NAME, EMAIL, SECOND_EMAIL, PASSWORD, INVITATION_CODE, MOBILE, URL_PHOTO, ID_CITY, ID_LANGUAGE) values (148, 'Lindsay', 'Kuhndel', 'lkuhndel43@yelp.com', null, '1G6DM5E3XD0830158', '42361-009', '5232932667', 'http://dummyimage.com/196x121.bmp/ff4444/ffffff', 8, 3);
insert into PERSONS (ID_PERSON, FIRST_NAME, LAST_NAME, EMAIL, SECOND_EMAIL, PASSWORD, INVITATION_CODE, MOBILE, URL_PHOTO, ID_CITY, ID_LANGUAGE) values (149, 'Sylas', 'Radoux', 'sradoux44@csmonitor.com', 'sradoux44@cmu.edu', 'WAUUL68E95A927895', '51346-172', '9593000968', 'http://dummyimage.com/210x105.jpg/cc0000/ffffff', 9, 4);
insert into PERSONS (ID_PERSON, FIRST_NAME, LAST_NAME, EMAIL, SECOND_EMAIL, PASSWORD, INVITATION_CODE, MOBILE, URL_PHOTO, ID_CITY, ID_LANGUAGE) values (150, 'Minta', 'Heaysman', 'mheaysman45@spotify.com', 'mheaysman45@disqus.com', 'WAUDF78E58A408148', '36987-1749', '0659502496', 'http://dummyimage.com/177x213.png/ff4444/ffffff', 10, 5);
insert into PERSONS (ID_PERSON, FIRST_NAME, LAST_NAME, EMAIL, SECOND_EMAIL, PASSWORD, INVITATION_CODE, MOBILE, URL_PHOTO, ID_CITY, ID_LANGUAGE) values (151, 'Roberta', 'Henzer', 'rhenzer46@cafepress.com', null, '1N4AB7AP0DN325331', '64597-301', '5263927940', 'http://dummyimage.com/249x164.bmp/cc0000/ffffff', 11, 1);
insert into PERSONS (ID_PERSON, FIRST_NAME, LAST_NAME, EMAIL, SECOND_EMAIL, PASSWORD, INVITATION_CODE, MOBILE, URL_PHOTO, ID_CITY, ID_LANGUAGE) values (152, 'Lem', 'Samarth', 'lsamarth47@wikia.com', 'lsamarth47@example.com', '1HGCR2E50EA876461', '55056-0808', '3332606379', 'http://dummyimage.com/207x116.jpg/dddddd/000000', 12, 2);
insert into PERSONS (ID_PERSON, FIRST_NAME, LAST_NAME, EMAIL, SECOND_EMAIL, PASSWORD, INVITATION_CODE, MOBILE, URL_PHOTO, ID_CITY, ID_LANGUAGE) values (153, 'Stevy', 'Sachno', 'ssachno48@deviantart.com', null, '3D7TP2CT5AG272461', '55319-250', '2455267792', 'http://dummyimage.com/211x121.bmp/cc0000/ffffff', 13, 3);
insert into PERSONS (ID_PERSON, FIRST_NAME, LAST_NAME, EMAIL, SECOND_EMAIL, PASSWORD, INVITATION_CODE, MOBILE, URL_PHOTO, ID_CITY, ID_LANGUAGE) values (154, 'Nicholas', 'Rambadt', 'nrambadt49@yolasite.com', 'nrambadt49@seesaa.net', 'JTEBU5JRXA5013314', '61477-201', '0519992873', 'http://dummyimage.com/225x213.bmp/cc0000/ffffff', 14, 4);
insert into PERSONS (ID_PERSON, FIRST_NAME, LAST_NAME, EMAIL, SECOND_EMAIL, PASSWORD, INVITATION_CODE, MOBILE, URL_PHOTO, ID_CITY, ID_LANGUAGE) values (155, 'Erda', 'Gateshill', 'egateshill4a@discuz.net', 'egateshill4a@amazon.co.uk', 'WBA3A5C56EP451136', '0378-6173', '7721210690', 'http://dummyimage.com/113x123.jpg/5fa2dd/ffffff', 15, 5);
insert into PERSONS (ID_PERSON, FIRST_NAME, LAST_NAME, EMAIL, SECOND_EMAIL, PASSWORD, INVITATION_CODE, MOBILE, URL_PHOTO, ID_CITY, ID_LANGUAGE) values (156, 'Hillary', 'Yeldon', 'hyeldon4b@1und1.de', 'hyeldon4b@wsj.com', 'WAUAFAFH4BN987713', '42507-417', '2196364975', 'http://dummyimage.com/231x139.bmp/5fa2dd/ffffff', 16, 1);
insert into PERSONS (ID_PERSON, FIRST_NAME, LAST_NAME, EMAIL, SECOND_EMAIL, PASSWORD, INVITATION_CODE, MOBILE, URL_PHOTO, ID_CITY, ID_LANGUAGE) values (157, 'Decca', 'Cornewell', 'dcornewell4c@ifeng.com', 'dcornewell4c@free.fr', 'JHMZE2H32DS302904', '0268-0069', '6567971266', 'http://dummyimage.com/166x108.jpg/ff4444/ffffff', 17, 2);
insert into PERSONS (ID_PERSON, FIRST_NAME, LAST_NAME, EMAIL, SECOND_EMAIL, PASSWORD, INVITATION_CODE, MOBILE, URL_PHOTO, ID_CITY, ID_LANGUAGE) values (158, 'Danny', 'Ishchenko', 'dishchenko4d@google.com.br', 'dishchenko4d@walmart.com', 'JTDKDTB36F1766095', '0641-6061', '4707650856', 'http://dummyimage.com/137x176.jpg/5fa2dd/ffffff', 18, 3);
insert into PERSONS (ID_PERSON, FIRST_NAME, LAST_NAME, EMAIL, SECOND_EMAIL, PASSWORD, INVITATION_CODE, MOBILE, URL_PHOTO, ID_CITY, ID_LANGUAGE) values (159, 'Truda', 'Moran', 'tmoran4e@usa.gov', null, '1G6AX5SX8F0407924', '49817-1986', '3117630104', 'http://dummyimage.com/116x212.png/ff4444/ffffff', 19, 4);
insert into PERSONS (ID_PERSON, FIRST_NAME, LAST_NAME, EMAIL, SECOND_EMAIL, PASSWORD, INVITATION_CODE, MOBILE, URL_PHOTO, ID_CITY, ID_LANGUAGE) values (160, 'Diana', 'Janiak', 'djaniak4f@nbcnews.com', null, '2HNYD2H61DH813676', '64380-748', '3499785218', 'http://dummyimage.com/201x198.bmp/5fa2dd/ffffff', 20, 5);
insert into PERSONS (ID_PERSON, FIRST_NAME, LAST_NAME, EMAIL, SECOND_EMAIL, PASSWORD, INVITATION_CODE, MOBILE, URL_PHOTO, ID_CITY, ID_LANGUAGE) values (161, 'Vally', 'Arnull', 'varnull4g@constantcontact.com', null, 'WDDHF2EB5CA135860', '63505-004', '7555785773', 'http://dummyimage.com/169x248.bmp/ff4444/ffffff', 1, 1);
insert into PERSONS (ID_PERSON, FIRST_NAME, LAST_NAME, EMAIL, SECOND_EMAIL, PASSWORD, INVITATION_CODE, MOBILE, URL_PHOTO, ID_CITY, ID_LANGUAGE) values (162, 'Monika', 'Sawforde', 'msawforde4h@oaic.gov.au', 'msawforde4h@artisteer.com', 'WAUKF98E88A957796', '61543-7254', '4968014031', 'http://dummyimage.com/214x151.jpg/cc0000/ffffff', 2, 2);
insert into PERSONS (ID_PERSON, FIRST_NAME, LAST_NAME, EMAIL, SECOND_EMAIL, PASSWORD, INVITATION_CODE, MOBILE, URL_PHOTO, ID_CITY, ID_LANGUAGE) values (163, 'Ford', 'Calderon', 'fcalderon4i@chicagotribune.com', null, '5J8TB1H20CA641913', '55289-603', '6122721786', 'http://dummyimage.com/126x117.bmp/5fa2dd/ffffff', 3, 3);
insert into PERSONS (ID_PERSON, FIRST_NAME, LAST_NAME, EMAIL, SECOND_EMAIL, PASSWORD, INVITATION_CODE, MOBILE, URL_PHOTO, ID_CITY, ID_LANGUAGE) values (164, 'Holly', 'Geale', 'hgeale4j@soundcloud.com', null, 'JN8AS1MU7CM589227', '52085-001', '0302184317', 'http://dummyimage.com/143x138.png/dddddd/000000', 4, 4);
insert into PERSONS (ID_PERSON, FIRST_NAME, LAST_NAME, EMAIL, SECOND_EMAIL, PASSWORD, INVITATION_CODE, MOBILE, URL_PHOTO, ID_CITY, ID_LANGUAGE) values (165, 'Hadria', 'Cartan', 'hcartan4k@paginegialle.it', 'hcartan4k@delicious.com', 'SCBFT7ZA6EC210875', '0536-1275', '1480837814', 'http://dummyimage.com/134x158.jpg/dddddd/000000', 5, 5);
insert into PERSONS (ID_PERSON, FIRST_NAME, LAST_NAME, EMAIL, SECOND_EMAIL, PASSWORD, INVITATION_CODE, MOBILE, URL_PHOTO, ID_CITY, ID_LANGUAGE) values (166, 'Bobby', 'Dunbobin', 'bdunbobin4l@nsw.gov.au', null, '1FBSS3BL4AD547909', '0121-0671', '2331988110', 'http://dummyimage.com/205x106.jpg/cc0000/ffffff', 6, 1);
insert into PERSONS (ID_PERSON, FIRST_NAME, LAST_NAME, EMAIL, SECOND_EMAIL, PASSWORD, INVITATION_CODE, MOBILE, URL_PHOTO, ID_CITY, ID_LANGUAGE) values (167, 'Tye', 'Taffarello', 'ttaffarello4m@imageshack.us', 'ttaffarello4m@yahoo.co.jp', '1G6DB1ED0B0856658', '64980-184', '8466619925', 'http://dummyimage.com/208x250.bmp/dddddd/000000', 7, 2);
insert into PERSONS (ID_PERSON, FIRST_NAME, LAST_NAME, EMAIL, SECOND_EMAIL, PASSWORD, INVITATION_CODE, MOBILE, URL_PHOTO, ID_CITY, ID_LANGUAGE) values (168, 'Bing', 'Bison', 'bbison4n@rambler.ru', null, '1G4GH5G31CF543794', '13913-011', '7731648974', 'http://dummyimage.com/136x235.jpg/cc0000/ffffff', 8, 3);
insert into PERSONS (ID_PERSON, FIRST_NAME, LAST_NAME, EMAIL, SECOND_EMAIL, PASSWORD, INVITATION_CODE, MOBILE, URL_PHOTO, ID_CITY, ID_LANGUAGE) values (169, 'Pauly', 'Boshell', 'pboshell4o@amazon.de', 'pboshell4o@domainmarket.com', 'WBANE53506C532879', '54973-3015', '9472788386', 'http://dummyimage.com/107x182.png/ff4444/ffffff', 9, 4);
insert into PERSONS (ID_PERSON, FIRST_NAME, LAST_NAME, EMAIL, SECOND_EMAIL, PASSWORD, INVITATION_CODE, MOBILE, URL_PHOTO, ID_CITY, ID_LANGUAGE) values (170, 'Lonni', 'Ashtonhurst', 'lashtonhurst4p@senate.gov', 'lashtonhurst4p@studiopress.com', 'WBAEW53403P183652', '36987-2878', '5673779585', 'http://dummyimage.com/183x153.bmp/ff4444/ffffff', 10, 5);
insert into PERSONS (ID_PERSON, FIRST_NAME, LAST_NAME, EMAIL, SECOND_EMAIL, PASSWORD, INVITATION_CODE, MOBILE, URL_PHOTO, ID_CITY, ID_LANGUAGE) values (171, 'Jaquith', 'Goldspink', 'jgoldspink4q@tamu.edu', 'jgoldspink4q@unesco.org', '1FTMF1EW5AK892204', '54569-6543', '5800980985', 'http://dummyimage.com/118x180.bmp/ff4444/ffffff', 11, 1);
insert into PERSONS (ID_PERSON, FIRST_NAME, LAST_NAME, EMAIL, SECOND_EMAIL, PASSWORD, INVITATION_CODE, MOBILE, URL_PHOTO, ID_CITY, ID_LANGUAGE) values (172, 'Gar', 'Hinsch', 'ghinsch4r@chronoengine.com', 'ghinsch4r@nyu.edu', 'WAUKG78E15A275310', '76328-333', '6702436165', 'http://dummyimage.com/194x122.png/dddddd/000000', 12, 2);
insert into PERSONS (ID_PERSON, FIRST_NAME, LAST_NAME, EMAIL, SECOND_EMAIL, PASSWORD, INVITATION_CODE, MOBILE, URL_PHOTO, ID_CITY, ID_LANGUAGE) values (173, 'Kaye', 'Leadbeatter', 'kleadbeatter4s@cnet.com', null, 'TRUB3AFK7C1872209', '55154-3392', '1375024329', 'http://dummyimage.com/100x209.jpg/ff4444/ffffff', 13, 3);
insert into PERSONS (ID_PERSON, FIRST_NAME, LAST_NAME, EMAIL, SECOND_EMAIL, PASSWORD, INVITATION_CODE, MOBILE, URL_PHOTO, ID_CITY, ID_LANGUAGE) values (174, 'Cesar', 'Chastagnier', 'cchastagnier4t@bloomberg.com', null, '1N4AL2AP9CN684532', '0268-6516', '3391017724', 'http://dummyimage.com/135x221.bmp/5fa2dd/ffffff', 14, 4);
insert into PERSONS (ID_PERSON, FIRST_NAME, LAST_NAME, EMAIL, SECOND_EMAIL, PASSWORD, INVITATION_CODE, MOBILE, URL_PHOTO, ID_CITY, ID_LANGUAGE) values (175, 'Noni', 'Gabbatt', 'ngabbatt4u@hhs.gov', 'ngabbatt4u@cbc.ca', 'WAUAFAFH7AN256787', '63736-041', '5092324236', 'http://dummyimage.com/208x144.jpg/dddddd/000000', 15, 5);
insert into PERSONS (ID_PERSON, FIRST_NAME, LAST_NAME, EMAIL, SECOND_EMAIL, PASSWORD, INVITATION_CODE, MOBILE, URL_PHOTO, ID_CITY, ID_LANGUAGE) values (176, 'Charline', 'Lindeberg', 'clindeberg4v@angelfire.com', 'clindeberg4v@china.com.cn', 'WAUHF78PX8A124033', '42302-030', '4517208362', 'http://dummyimage.com/193x215.png/ff4444/ffffff', 16, 1);
insert into PERSONS (ID_PERSON, FIRST_NAME, LAST_NAME, EMAIL, SECOND_EMAIL, PASSWORD, INVITATION_CODE, MOBILE, URL_PHOTO, ID_CITY, ID_LANGUAGE) values (177, 'Harrison', 'Goulborn', 'hgoulborn4w@clickbank.net', null, 'WBSBR93405P582321', '54305-331', '4200152517', 'http://dummyimage.com/111x218.png/dddddd/000000', 17, 2);
insert into PERSONS (ID_PERSON, FIRST_NAME, LAST_NAME, EMAIL, SECOND_EMAIL, PASSWORD, INVITATION_CODE, MOBILE, URL_PHOTO, ID_CITY, ID_LANGUAGE) values (178, 'Sim', 'Piatti', 'spiatti4x@wikimedia.org', 'spiatti4x@sciencedirect.com', 'WA1CGCFE5BD819556', '37808-097', '4962246763', 'http://dummyimage.com/219x137.bmp/cc0000/ffffff', 18, 3);
insert into PERSONS (ID_PERSON, FIRST_NAME, LAST_NAME, EMAIL, SECOND_EMAIL, PASSWORD, INVITATION_CODE, MOBILE, URL_PHOTO, ID_CITY, ID_LANGUAGE) values (179, 'Giana', 'Aspel', 'gaspel4y@goodreads.com', null, 'JN1AZ4EH5CM919346', '54575-435', '3683956798', 'http://dummyimage.com/106x129.bmp/dddddd/000000', 19, 4);
insert into PERSONS (ID_PERSON, FIRST_NAME, LAST_NAME, EMAIL, SECOND_EMAIL, PASSWORD, INVITATION_CODE, MOBILE, URL_PHOTO, ID_CITY, ID_LANGUAGE) values (180, 'Jacquie', 'Campsall', 'jcampsall4z@goodreads.com', 'jcampsall4z@github.com', '4T1BD1FK3EU694965', '69106-110', '6907301733', 'http://dummyimage.com/120x174.jpg/ff4444/ffffff', 20, 5);
insert into PERSONS (ID_PERSON, FIRST_NAME, LAST_NAME, EMAIL, SECOND_EMAIL, PASSWORD, INVITATION_CODE, MOBILE, URL_PHOTO, ID_CITY, ID_LANGUAGE) values (181, 'Ozzy', 'Cathersides', 'ocathersides50@cbslocal.com', 'ocathersides50@free.fr', 'WBABV13475J477876', '54868-0427', '9056229001', 'http://dummyimage.com/215x225.jpg/cc0000/ffffff', 1, 1);
insert into PERSONS (ID_PERSON, FIRST_NAME, LAST_NAME, EMAIL, SECOND_EMAIL, PASSWORD, INVITATION_CODE, MOBILE, URL_PHOTO, ID_CITY, ID_LANGUAGE) values (182, 'Koralle', 'Dodson', 'kdodson51@tripod.com', null, '5UXXW5C57F0218655', '0904-6190', '4009610026', 'http://dummyimage.com/166x117.png/5fa2dd/ffffff', 2, 2);
insert into PERSONS (ID_PERSON, FIRST_NAME, LAST_NAME, EMAIL, SECOND_EMAIL, PASSWORD, INVITATION_CODE, MOBILE, URL_PHOTO, ID_CITY, ID_LANGUAGE) values (183, 'Marrilee', 'Stebles', 'mstebles52@behance.net', null, '19XFA1E83AE621902', '68084-709', '8691106018', 'http://dummyimage.com/133x114.jpg/dddddd/000000', 3, 3);
insert into PERSONS (ID_PERSON, FIRST_NAME, LAST_NAME, EMAIL, SECOND_EMAIL, PASSWORD, INVITATION_CODE, MOBILE, URL_PHOTO, ID_CITY, ID_LANGUAGE) values (184, 'Georges', 'Adran', 'gadran53@blogger.com', 'gadran53@foxnews.com', '2C3CCABG8EH568041', '63776-605', '6898376608', 'http://dummyimage.com/232x229.bmp/5fa2dd/ffffff', 4, 4);
insert into PERSONS (ID_PERSON, FIRST_NAME, LAST_NAME, EMAIL, SECOND_EMAIL, PASSWORD, INVITATION_CODE, MOBILE, URL_PHOTO, ID_CITY, ID_LANGUAGE) values (185, 'Ilyse', 'Diggar', 'idiggar54@salon.com', 'idiggar54@dropbox.com', '1HGCR2E33FA183643', '55154-1916', '5107059481', 'http://dummyimage.com/150x243.bmp/ff4444/ffffff', 5, 5);
insert into PERSONS (ID_PERSON, FIRST_NAME, LAST_NAME, EMAIL, SECOND_EMAIL, PASSWORD, INVITATION_CODE, MOBILE, URL_PHOTO, ID_CITY, ID_LANGUAGE) values (186, 'Rad', 'Patzelt', 'rpatzelt55@google.de', null, 'JN1CV6FE6EM323539', '57955-5059', '0215987810', 'http://dummyimage.com/189x167.png/dddddd/000000', 6, 1);
insert into PERSONS (ID_PERSON, FIRST_NAME, LAST_NAME, EMAIL, SECOND_EMAIL, PASSWORD, INVITATION_CODE, MOBILE, URL_PHOTO, ID_CITY, ID_LANGUAGE) values (187, 'Esme', 'Rogers', 'erogers56@patch.com', 'erogers56@senate.gov', '2T1KE4EE7CC170243', '62742-4034', '0471671738', 'http://dummyimage.com/115x212.bmp/cc0000/ffffff', 7, 2);
insert into PERSONS (ID_PERSON, FIRST_NAME, LAST_NAME, EMAIL, SECOND_EMAIL, PASSWORD, INVITATION_CODE, MOBILE, URL_PHOTO, ID_CITY, ID_LANGUAGE) values (188, 'Dayle', 'Paslow', 'dpaslow57@usnews.com', null, '1G6AT5SX0E0151613', '16714-331', '5817640996', 'http://dummyimage.com/201x138.png/ff4444/ffffff', 8, 3);
insert into PERSONS (ID_PERSON, FIRST_NAME, LAST_NAME, EMAIL, SECOND_EMAIL, PASSWORD, INVITATION_CODE, MOBILE, URL_PHOTO, ID_CITY, ID_LANGUAGE) values (189, 'Deane', 'Exley', 'dexley58@yellowpages.com', 'dexley58@cnn.com', '5N1AR2MM5FC344431', '60913-008', '7973267700', 'http://dummyimage.com/198x137.png/cc0000/ffffff', 9, 4);
insert into PERSONS (ID_PERSON, FIRST_NAME, LAST_NAME, EMAIL, SECOND_EMAIL, PASSWORD, INVITATION_CODE, MOBILE, URL_PHOTO, ID_CITY, ID_LANGUAGE) values (190, 'Buddy', 'Forri', 'bforri59@java.com', null, '1GKUCHE0XAR674853', '37012-296', '5448901298', 'http://dummyimage.com/145x139.jpg/dddddd/000000', 10, 5);
insert into PERSONS (ID_PERSON, FIRST_NAME, LAST_NAME, EMAIL, SECOND_EMAIL, PASSWORD, INVITATION_CODE, MOBILE, URL_PHOTO, ID_CITY, ID_LANGUAGE) values (191, 'Mellie', 'Ayce', 'mayce5a@yelp.com', 'mayce5a@fda.gov', '2C4RDGCG8DR748682', '63187-167', '5793459782', 'http://dummyimage.com/207x155.bmp/dddddd/000000', 11, 1);
insert into PERSONS (ID_PERSON, FIRST_NAME, LAST_NAME, EMAIL, SECOND_EMAIL, PASSWORD, INVITATION_CODE, MOBILE, URL_PHOTO, ID_CITY, ID_LANGUAGE) values (192, 'Chloe', 'Storch', 'cstorch5b@over-blog.com', 'cstorch5b@photobucket.com', '1GYS4AKJ5FR234383', '54868-3855', '4798703443', 'http://dummyimage.com/213x208.bmp/cc0000/ffffff', 12, 2);
insert into PERSONS (ID_PERSON, FIRST_NAME, LAST_NAME, EMAIL, SECOND_EMAIL, PASSWORD, INVITATION_CODE, MOBILE, URL_PHOTO, ID_CITY, ID_LANGUAGE) values (193, 'Dalis', 'Siuda', 'dsiuda5c@networkadvertising.org', 'dsiuda5c@addthis.com', 'JHMZE2H32ES862682', '54868-4848', '9970288180', 'http://dummyimage.com/126x105.bmp/ff4444/ffffff', 13, 3);
insert into PERSONS (ID_PERSON, FIRST_NAME, LAST_NAME, EMAIL, SECOND_EMAIL, PASSWORD, INVITATION_CODE, MOBILE, URL_PHOTO, ID_CITY, ID_LANGUAGE) values (194, 'Lynett', 'Fockes', 'lfockes5d@exblog.jp', null, 'WBSKG9C56CE594724', '54868-4672', '0135925525', 'http://dummyimage.com/192x192.bmp/5fa2dd/ffffff', 14, 4);
insert into PERSONS (ID_PERSON, FIRST_NAME, LAST_NAME, EMAIL, SECOND_EMAIL, PASSWORD, INVITATION_CODE, MOBILE, URL_PHOTO, ID_CITY, ID_LANGUAGE) values (195, 'Ferdinanda', 'Faill', 'ffaill5e@harvard.edu', 'ffaill5e@theatlantic.com', '5UMCN93402L520259', '10096-0215', '8521721919', 'http://dummyimage.com/149x179.jpg/cc0000/ffffff', 15, 5);
insert into PERSONS (ID_PERSON, FIRST_NAME, LAST_NAME, EMAIL, SECOND_EMAIL, PASSWORD, INVITATION_CODE, MOBILE, URL_PHOTO, ID_CITY, ID_LANGUAGE) values (196, 'Fifine', 'Shackelton', 'fshackelton5f@indiatimes.com', 'fshackelton5f@tripadvisor.com', 'JM3TB2BA4D0340788', '64942-1348', '2496618964', 'http://dummyimage.com/161x194.jpg/ff4444/ffffff', 16, 1);
insert into PERSONS (ID_PERSON, FIRST_NAME, LAST_NAME, EMAIL, SECOND_EMAIL, PASSWORD, INVITATION_CODE, MOBILE, URL_PHOTO, ID_CITY, ID_LANGUAGE) values (197, 'Aldis', 'Reveley', 'areveley5g@techcrunch.com', 'areveley5g@vk.com', '4T1BF1FK0EU801206', '16590-867', '7242384907', 'http://dummyimage.com/116x119.png/5fa2dd/ffffff', 17, 2);
insert into PERSONS (ID_PERSON, FIRST_NAME, LAST_NAME, EMAIL, SECOND_EMAIL, PASSWORD, INVITATION_CODE, MOBILE, URL_PHOTO, ID_CITY, ID_LANGUAGE) values (198, 'Charmaine', 'Heatley', 'cheatley5h@wix.com', null, 'WVWAN7AN3EE984599', '57520-0462', '6760182251', 'http://dummyimage.com/224x226.png/cc0000/ffffff', 18, 3);
insert into PERSONS (ID_PERSON, FIRST_NAME, LAST_NAME, EMAIL, SECOND_EMAIL, PASSWORD, INVITATION_CODE, MOBILE, URL_PHOTO, ID_CITY, ID_LANGUAGE) values (199, 'Ally', 'Woodsford', 'awoodsford5i@imgur.com', 'awoodsford5i@issuu.com', '5UXFG2C56BL888987', '45984-0001', '1183031823', 'http://dummyimage.com/206x106.png/cc0000/ffffff', 19, 4);
insert into PERSONS (ID_PERSON, FIRST_NAME, LAST_NAME, EMAIL, SECOND_EMAIL, PASSWORD, INVITATION_CODE, MOBILE, URL_PHOTO, ID_CITY, ID_LANGUAGE) values (200, 'Thomas', 'Gritskov', 'tgritskov5j@lycos.com', 'tgritskov5j@blogtalkradio.com', 'WBAPN7C57AA974034', '53808-0911', '7417486843', 'http://dummyimage.com/184x102.bmp/ff4444/ffffff', 20, 5);
insert into PERSONS (ID_PERSON, FIRST_NAME, LAST_NAME, EMAIL, SECOND_EMAIL, PASSWORD, INVITATION_CODE, MOBILE, URL_PHOTO, ID_CITY, ID_LANGUAGE) values (201, 'Lishe', 'Hazlehurst', 'lhazlehurst5k@aol.com', null, '1FTEW1CM7CF292799', '0026-3783', '2825891770', 'http://dummyimage.com/178x165.bmp/cc0000/ffffff', 1, 1);
insert into PERSONS (ID_PERSON, FIRST_NAME, LAST_NAME, EMAIL, SECOND_EMAIL, PASSWORD, INVITATION_CODE, MOBILE, URL_PHOTO, ID_CITY, ID_LANGUAGE) values (202, 'Aubrie', 'Campling', 'acampling5l@weather.com', null, '1G6DH5EG8A0986637', '62756-329', '1551332418', 'http://dummyimage.com/239x194.png/5fa2dd/ffffff', 2, 2);
insert into PERSONS (ID_PERSON, FIRST_NAME, LAST_NAME, EMAIL, SECOND_EMAIL, PASSWORD, INVITATION_CODE, MOBILE, URL_PHOTO, ID_CITY, ID_LANGUAGE) values (203, 'Bruno', 'Stoak', 'bstoak5m@cafepress.com', null, 'WBAUN7C55BV963210', '55316-072', '1541648250', 'http://dummyimage.com/135x115.png/cc0000/ffffff', 3, 3);
insert into PERSONS (ID_PERSON, FIRST_NAME, LAST_NAME, EMAIL, SECOND_EMAIL, PASSWORD, INVITATION_CODE, MOBILE, URL_PHOTO, ID_CITY, ID_LANGUAGE) values (204, 'Norris', 'Mounfield', 'nmounfield5n@blogspot.com', null, '1GKS1AE0XBR386210', '54868-6176', '3183400081', 'http://dummyimage.com/164x117.jpg/cc0000/ffffff', 4, 4);
insert into PERSONS (ID_PERSON, FIRST_NAME, LAST_NAME, EMAIL, SECOND_EMAIL, PASSWORD, INVITATION_CODE, MOBILE, URL_PHOTO, ID_CITY, ID_LANGUAGE) values (205, 'Rutledge', 'Sabattier', 'rsabattier5o@fc2.com', 'rsabattier5o@businesswire.com', 'WBAVC73537A526752', '30142-994', '8294915734', 'http://dummyimage.com/235x140.jpg/dddddd/000000', 5, 5);
insert into PERSONS (ID_PERSON, FIRST_NAME, LAST_NAME, EMAIL, SECOND_EMAIL, PASSWORD, INVITATION_CODE, MOBILE, URL_PHOTO, ID_CITY, ID_LANGUAGE) values (206, 'Gertrud', 'Fursey', 'gfursey5p@bluehost.com', 'gfursey5p@nbcnews.com', 'JH4CU4F42AC597203', '0615-7845', '6803674185', 'http://dummyimage.com/198x228.jpg/5fa2dd/ffffff', 6, 1);
insert into PERSONS (ID_PERSON, FIRST_NAME, LAST_NAME, EMAIL, SECOND_EMAIL, PASSWORD, INVITATION_CODE, MOBILE, URL_PHOTO, ID_CITY, ID_LANGUAGE) values (207, 'Odie', 'Goodlip', 'ogoodlip5q@123-reg.co.uk', 'ogoodlip5q@uol.com.br', 'JN1CV6AP0BM307714', '33261-749', '2302321383', 'http://dummyimage.com/185x114.png/ff4444/ffffff', 7, 2);
insert into PERSONS (ID_PERSON, FIRST_NAME, LAST_NAME, EMAIL, SECOND_EMAIL, PASSWORD, INVITATION_CODE, MOBILE, URL_PHOTO, ID_CITY, ID_LANGUAGE) values (208, 'Claire', 'Mollnar', 'cmollnar5r@wired.com', 'cmollnar5r@4shared.com', 'SALGR2VF6FA470283', '68151-2472', '8987741206', 'http://dummyimage.com/120x156.jpg/dddddd/000000', 8, 3);
insert into PERSONS (ID_PERSON, FIRST_NAME, LAST_NAME, EMAIL, SECOND_EMAIL, PASSWORD, INVITATION_CODE, MOBILE, URL_PHOTO, ID_CITY, ID_LANGUAGE) values (209, 'Xenos', 'Dinsdale', 'xdinsdale5s@trellian.com', 'xdinsdale5s@g.co', '4USBT33454L303869', '51706-509', '6665883809', 'http://dummyimage.com/166x240.bmp/ff4444/ffffff', 9, 4);
insert into PERSONS (ID_PERSON, FIRST_NAME, LAST_NAME, EMAIL, SECOND_EMAIL, PASSWORD, INVITATION_CODE, MOBILE, URL_PHOTO, ID_CITY, ID_LANGUAGE) values (210, 'Adah', 'Skellorne', 'askellorne5t@marketwatch.com', 'askellorne5t@angelfire.com', 'TRUDD38J681666599', '54575-154', '7613891240', 'http://dummyimage.com/172x215.png/ff4444/ffffff', 10, 5);
insert into PERSONS (ID_PERSON, FIRST_NAME, LAST_NAME, EMAIL, SECOND_EMAIL, PASSWORD, INVITATION_CODE, MOBILE, URL_PHOTO, ID_CITY, ID_LANGUAGE) values (211, 'Friedrick', 'Speight', 'fspeight5u@wsj.com', 'fspeight5u@booking.com', '1GYS3JKJ9FR914905', '0409-4903', '2920550322', 'http://dummyimage.com/236x137.bmp/cc0000/ffffff', 11, 1);
insert into PERSONS (ID_PERSON, FIRST_NAME, LAST_NAME, EMAIL, SECOND_EMAIL, PASSWORD, INVITATION_CODE, MOBILE, URL_PHOTO, ID_CITY, ID_LANGUAGE) values (212, 'Orran', 'Coggill', 'ocoggill5v@wordpress.com', 'ocoggill5v@tmall.com', '4T1BB3EK4BU970780', '0024-0335', '4686907942', 'http://dummyimage.com/182x210.bmp/ff4444/ffffff', 12, 2);
insert into PERSONS (ID_PERSON, FIRST_NAME, LAST_NAME, EMAIL, SECOND_EMAIL, PASSWORD, INVITATION_CODE, MOBILE, URL_PHOTO, ID_CITY, ID_LANGUAGE) values (213, 'Hewe', 'Bush', 'hbush5w@netvibes.com', null, 'WAULC68E42A373401', '10812-091', '8997195611', 'http://dummyimage.com/144x131.jpg/ff4444/ffffff', 13, 3);
insert into PERSONS (ID_PERSON, FIRST_NAME, LAST_NAME, EMAIL, SECOND_EMAIL, PASSWORD, INVITATION_CODE, MOBILE, URL_PHOTO, ID_CITY, ID_LANGUAGE) values (214, 'Dorree', 'Paffett', 'dpaffett5x@theguardian.com', null, 'SCBFR7ZAXCC254616', '49738-318', '2201161801', 'http://dummyimage.com/224x220.png/ff4444/ffffff', 14, 4);
insert into PERSONS (ID_PERSON, FIRST_NAME, LAST_NAME, EMAIL, SECOND_EMAIL, PASSWORD, INVITATION_CODE, MOBILE, URL_PHOTO, ID_CITY, ID_LANGUAGE) values (215, 'Burton', 'O''Luby', 'boluby5y@yahoo.com', 'boluby5y@hatena.ne.jp', 'WAUMF78KX9N052702', '60429-355', '8150893946', 'http://dummyimage.com/127x110.jpg/cc0000/ffffff', 15, 5);
insert into PERSONS (ID_PERSON, FIRST_NAME, LAST_NAME, EMAIL, SECOND_EMAIL, PASSWORD, INVITATION_CODE, MOBILE, URL_PHOTO, ID_CITY, ID_LANGUAGE) values (216, 'Olva', 'Lowman', 'olowman5z@ustream.tv', null, '5TFAW5F14EX177777', '42953-001', '6162126854', 'http://dummyimage.com/185x208.bmp/ff4444/ffffff', 16, 1);
insert into PERSONS (ID_PERSON, FIRST_NAME, LAST_NAME, EMAIL, SECOND_EMAIL, PASSWORD, INVITATION_CODE, MOBILE, URL_PHOTO, ID_CITY, ID_LANGUAGE) values (217, 'Nertie', 'Truswell', 'ntruswell60@scientificamerican.com', 'ntruswell60@smugmug.com', 'ML32A3HJ1EH280883', '36987-2486', '3828132650', 'http://dummyimage.com/125x156.png/dddddd/000000', 17, 2);
insert into PERSONS (ID_PERSON, FIRST_NAME, LAST_NAME, EMAIL, SECOND_EMAIL, PASSWORD, INVITATION_CODE, MOBILE, URL_PHOTO, ID_CITY, ID_LANGUAGE) values (218, 'Demetre', 'Vela', 'dvela61@oracle.com', 'dvela61@wired.com', '1G6DJ1E34D0248655', '0009-1111', '0262404982', 'http://dummyimage.com/169x249.bmp/dddddd/000000', 18, 3);
insert into PERSONS (ID_PERSON, FIRST_NAME, LAST_NAME, EMAIL, SECOND_EMAIL, PASSWORD, INVITATION_CODE, MOBILE, URL_PHOTO, ID_CITY, ID_LANGUAGE) values (219, 'Nerty', 'Keningham', 'nkeningham62@eepurl.com', null, 'KMHTC6AD3FU878432', '43251-2231', '6944982722', 'http://dummyimage.com/204x231.bmp/cc0000/ffffff', 19, 4);
insert into PERSONS (ID_PERSON, FIRST_NAME, LAST_NAME, EMAIL, SECOND_EMAIL, PASSWORD, INVITATION_CODE, MOBILE, URL_PHOTO, ID_CITY, ID_LANGUAGE) values (220, 'Gardiner', 'Goldwater', 'ggoldwater63@ucoz.com', null, '5J8TB18278A867390', '63629-2607', '7894306185', 'http://dummyimage.com/237x111.png/ff4444/ffffff', 20, 5);
insert into PERSONS (ID_PERSON, FIRST_NAME, LAST_NAME, EMAIL, SECOND_EMAIL, PASSWORD, INVITATION_CODE, MOBILE, URL_PHOTO, ID_CITY, ID_LANGUAGE) values (221, 'Mohandas', 'Hucknall', 'mhucknall64@gnu.org', 'mhucknall64@delicious.com', 'WA1UFAFL7DA654964', '36987-2857', '3219109209', 'http://dummyimage.com/184x152.jpg/ff4444/ffffff', 1, 1);
insert into PERSONS (ID_PERSON, FIRST_NAME, LAST_NAME, EMAIL, SECOND_EMAIL, PASSWORD, INVITATION_CODE, MOBILE, URL_PHOTO, ID_CITY, ID_LANGUAGE) values (222, 'Feodora', 'Camble', 'fcamble65@mozilla.com', null, '1N6AF0LX8FN458549', '10812-968', '6294929563', 'http://dummyimage.com/107x192.png/5fa2dd/ffffff', 2, 2);
insert into PERSONS (ID_PERSON, FIRST_NAME, LAST_NAME, EMAIL, SECOND_EMAIL, PASSWORD, INVITATION_CODE, MOBILE, URL_PHOTO, ID_CITY, ID_LANGUAGE) values (223, 'Kincaid', 'Matignon', 'kmatignon66@usnews.com', null, '2G61V5S31D9436770', '63629-2697', '0915524872', 'http://dummyimage.com/165x154.bmp/ff4444/ffffff', 3, 3);
insert into PERSONS (ID_PERSON, FIRST_NAME, LAST_NAME, EMAIL, SECOND_EMAIL, PASSWORD, INVITATION_CODE, MOBILE, URL_PHOTO, ID_CITY, ID_LANGUAGE) values (224, 'Brose', 'Moreman', 'bmoreman67@forbes.com', null, 'JTHDU5EF9C5012900', '47832-205', '8241169892', 'http://dummyimage.com/244x239.bmp/5fa2dd/ffffff', 4, 4);
insert into PERSONS (ID_PERSON, FIRST_NAME, LAST_NAME, EMAIL, SECOND_EMAIL, PASSWORD, INVITATION_CODE, MOBILE, URL_PHOTO, ID_CITY, ID_LANGUAGE) values (225, 'Floris', 'Damrel', 'fdamrel68@cocolog-nifty.com', 'fdamrel68@amazonaws.com', 'WBA3B3G51DN027756', '51345-106', '3519828286', 'http://dummyimage.com/212x236.jpg/cc0000/ffffff', 5, 5);
insert into PERSONS (ID_PERSON, FIRST_NAME, LAST_NAME, EMAIL, SECOND_EMAIL, PASSWORD, INVITATION_CODE, MOBILE, URL_PHOTO, ID_CITY, ID_LANGUAGE) values (226, 'Karalynn', 'Till', 'ktill69@joomla.org', null, '3C63DPHL6CG172078', '36987-1468', '0454433026', 'http://dummyimage.com/152x144.png/ff4444/ffffff', 6, 1);
insert into PERSONS (ID_PERSON, FIRST_NAME, LAST_NAME, EMAIL, SECOND_EMAIL, PASSWORD, INVITATION_CODE, MOBILE, URL_PHOTO, ID_CITY, ID_LANGUAGE) values (227, 'Charlene', 'Klainer', 'cklainer6a@wunderground.com', 'cklainer6a@oakley.com', '1GYS4AEF5BR432432', '42669-004', '9128133978', 'http://dummyimage.com/205x212.png/5fa2dd/ffffff', 7, 2);
insert into PERSONS (ID_PERSON, FIRST_NAME, LAST_NAME, EMAIL, SECOND_EMAIL, PASSWORD, INVITATION_CODE, MOBILE, URL_PHOTO, ID_CITY, ID_LANGUAGE) values (228, 'Hana', 'Garmans', 'hgarmans6b@msn.com', null, 'JN1CV6AP7BM140803', '49349-634', '4554325989', 'http://dummyimage.com/243x110.bmp/ff4444/ffffff', 8, 3);
insert into PERSONS (ID_PERSON, FIRST_NAME, LAST_NAME, EMAIL, SECOND_EMAIL, PASSWORD, INVITATION_CODE, MOBILE, URL_PHOTO, ID_CITY, ID_LANGUAGE) values (229, 'Trula', 'Parnall', 'tparnall6c@feedburner.com', null, '2T2BK1BA6FC994226', '0409-5086', '5737056023', 'http://dummyimage.com/134x115.jpg/5fa2dd/ffffff', 9, 4);
insert into PERSONS (ID_PERSON, FIRST_NAME, LAST_NAME, EMAIL, SECOND_EMAIL, PASSWORD, INVITATION_CODE, MOBILE, URL_PHOTO, ID_CITY, ID_LANGUAGE) values (230, 'Zed', 'Joynes', 'zjoynes6d@google.nl', null, 'WAUSF98K39A921571', '21695-005', '5337410202', 'http://dummyimage.com/216x224.jpg/ff4444/ffffff', 10, 5);
insert into PERSONS (ID_PERSON, FIRST_NAME, LAST_NAME, EMAIL, SECOND_EMAIL, PASSWORD, INVITATION_CODE, MOBILE, URL_PHOTO, ID_CITY, ID_LANGUAGE) values (231, 'Ardisj', 'Padgett', 'apadgett6e@last.fm', 'apadgett6e@g.co', 'WAUDF48H47A036390', '0113-0179', '8559369597', 'http://dummyimage.com/250x244.bmp/5fa2dd/ffffff', 11, 1);
insert into PERSONS (ID_PERSON, FIRST_NAME, LAST_NAME, EMAIL, SECOND_EMAIL, PASSWORD, INVITATION_CODE, MOBILE, URL_PHOTO, ID_CITY, ID_LANGUAGE) values (232, 'Shelba', 'Krolak', 'skrolak6f@chronoengine.com', 'skrolak6f@guardian.co.uk', 'WBSDE93412B428973', '64117-765', '7051905333', 'http://dummyimage.com/191x129.bmp/5fa2dd/ffffff', 12, 2);
insert into PERSONS (ID_PERSON, FIRST_NAME, LAST_NAME, EMAIL, SECOND_EMAIL, PASSWORD, INVITATION_CODE, MOBILE, URL_PHOTO, ID_CITY, ID_LANGUAGE) values (233, 'Ashli', 'Beauvais', 'abeauvais6g@ycombinator.com', 'abeauvais6g@harvard.edu', 'JN8CS1MU3DM448066', '46123-027', '7457257837', 'http://dummyimage.com/142x135.bmp/5fa2dd/ffffff', 13, 3);
insert into PERSONS (ID_PERSON, FIRST_NAME, LAST_NAME, EMAIL, SECOND_EMAIL, PASSWORD, INVITATION_CODE, MOBILE, URL_PHOTO, ID_CITY, ID_LANGUAGE) values (234, 'Siusan', 'Medling', 'smedling6h@godaddy.com', 'smedling6h@howstuffworks.com', '1G6KY54922U570619', '0363-0911', '4007085765', 'http://dummyimage.com/224x230.png/5fa2dd/ffffff', 14, 4);
insert into PERSONS (ID_PERSON, FIRST_NAME, LAST_NAME, EMAIL, SECOND_EMAIL, PASSWORD, INVITATION_CODE, MOBILE, URL_PHOTO, ID_CITY, ID_LANGUAGE) values (235, 'Antoine', 'Killick', 'akillick6i@domainmarket.com', null, 'WAUBH78E36A470193', '35356-706', '0448974274', 'http://dummyimage.com/248x228.bmp/cc0000/ffffff', 15, 5);
insert into PERSONS (ID_PERSON, FIRST_NAME, LAST_NAME, EMAIL, SECOND_EMAIL, PASSWORD, INVITATION_CODE, MOBILE, URL_PHOTO, ID_CITY, ID_LANGUAGE) values (236, 'Lefty', 'Guiton', 'lguiton6j@vk.com', 'lguiton6j@cbsnews.com', '3N1AB7APXFY431014', '36987-2830', '2021364046', 'http://dummyimage.com/128x102.jpg/5fa2dd/ffffff', 16, 1);
insert into PERSONS (ID_PERSON, FIRST_NAME, LAST_NAME, EMAIL, SECOND_EMAIL, PASSWORD, INVITATION_CODE, MOBILE, URL_PHOTO, ID_CITY, ID_LANGUAGE) values (237, 'Linnet', 'Berzin', 'lberzin6k@amazon.com', 'lberzin6k@oakley.com', 'JN8AS5MT7BW843312', '59194-001', '5223649044', 'http://dummyimage.com/106x185.jpg/dddddd/000000', 17, 2);
insert into PERSONS (ID_PERSON, FIRST_NAME, LAST_NAME, EMAIL, SECOND_EMAIL, PASSWORD, INVITATION_CODE, MOBILE, URL_PHOTO, ID_CITY, ID_LANGUAGE) values (238, 'Quintina', 'Guest', 'qguest6l@google.de', 'qguest6l@51.la', 'WA1BY94L88D091169', '0472-0117', '1004018533', 'http://dummyimage.com/239x190.jpg/ff4444/ffffff', 18, 3);
insert into PERSONS (ID_PERSON, FIRST_NAME, LAST_NAME, EMAIL, SECOND_EMAIL, PASSWORD, INVITATION_CODE, MOBILE, URL_PHOTO, ID_CITY, ID_LANGUAGE) values (239, 'Karlens', 'Lodemann', 'klodemann6m@sogou.com', 'klodemann6m@latimes.com', 'JTDKTUD35DD596071', '10812-327', '4158261988', 'http://dummyimage.com/241x124.bmp/ff4444/ffffff', 19, 4);
insert into PERSONS (ID_PERSON, FIRST_NAME, LAST_NAME, EMAIL, SECOND_EMAIL, PASSWORD, INVITATION_CODE, MOBILE, URL_PHOTO, ID_CITY, ID_LANGUAGE) values (240, 'Bryn', 'McCorley', 'bmccorley6n@infoseek.co.jp', 'bmccorley6n@so-net.ne.jp', '1G4HP54K42U225570', '50438-106', '9248502210', 'http://dummyimage.com/168x239.png/cc0000/ffffff', 20, 5);
insert into PERSONS (ID_PERSON, FIRST_NAME, LAST_NAME, EMAIL, SECOND_EMAIL, PASSWORD, INVITATION_CODE, MOBILE, URL_PHOTO, ID_CITY, ID_LANGUAGE) values (241, 'Daloris', 'Disbrow', 'ddisbrow6o@soup.io', null, '19XFB2F29CE802826', '0603-0599', '4881268465', 'http://dummyimage.com/216x220.bmp/dddddd/000000', 1, 1);
insert into PERSONS (ID_PERSON, FIRST_NAME, LAST_NAME, EMAIL, SECOND_EMAIL, PASSWORD, INVITATION_CODE, MOBILE, URL_PHOTO, ID_CITY, ID_LANGUAGE) values (242, 'Jen', 'Petrecz', 'jpetrecz6p@vk.com', null, '1G6DS57V980856115', '36987-1966', '7952041754', 'http://dummyimage.com/203x225.png/ff4444/ffffff', 2, 2);
insert into PERSONS (ID_PERSON, FIRST_NAME, LAST_NAME, EMAIL, SECOND_EMAIL, PASSWORD, INVITATION_CODE, MOBILE, URL_PHOTO, ID_CITY, ID_LANGUAGE) values (243, 'Whitman', 'Skip', 'wskip6q@businessinsider.com', 'wskip6q@ox.ac.uk', '1N4AB7AP0DN367210', '49999-521', '2613650656', 'http://dummyimage.com/158x239.jpg/dddddd/000000', 3, 3);
insert into PERSONS (ID_PERSON, FIRST_NAME, LAST_NAME, EMAIL, SECOND_EMAIL, PASSWORD, INVITATION_CODE, MOBILE, URL_PHOTO, ID_CITY, ID_LANGUAGE) values (244, 'Jeddy', 'Sysland', 'jsysland6r@phpbb.com', null, '19XFB4F20FE413511', '59148-019', '4265845886', 'http://dummyimage.com/241x102.bmp/dddddd/000000', 4, 4);
insert into PERSONS (ID_PERSON, FIRST_NAME, LAST_NAME, EMAIL, SECOND_EMAIL, PASSWORD, INVITATION_CODE, MOBILE, URL_PHOTO, ID_CITY, ID_LANGUAGE) values (245, 'Karel', 'Gleed', 'kgleed6s@ning.com', null, '1G6KD54YX5U922465', '0548-5637', '3128040583', 'http://dummyimage.com/116x160.jpg/5fa2dd/ffffff', 5, 5);
insert into PERSONS (ID_PERSON, FIRST_NAME, LAST_NAME, EMAIL, SECOND_EMAIL, PASSWORD, INVITATION_CODE, MOBILE, URL_PHOTO, ID_CITY, ID_LANGUAGE) values (246, 'Irvine', 'Ipsgrave', 'iipsgrave6t@stumbleupon.com', 'iipsgrave6t@state.tx.us', 'WAUKF98E15A225165', '67046-131', '6622093881', 'http://dummyimage.com/118x181.bmp/ff4444/ffffff', 6, 1);
insert into PERSONS (ID_PERSON, FIRST_NAME, LAST_NAME, EMAIL, SECOND_EMAIL, PASSWORD, INVITATION_CODE, MOBILE, URL_PHOTO, ID_CITY, ID_LANGUAGE) values (247, 'Marci', 'Mulhill', 'mmulhill6u@over-blog.com', 'mmulhill6u@cdbaby.com', 'WBAKC6C59AC654793', '16590-937', '5505735134', 'http://dummyimage.com/159x139.bmp/cc0000/ffffff', 7, 2);
insert into PERSONS (ID_PERSON, FIRST_NAME, LAST_NAME, EMAIL, SECOND_EMAIL, PASSWORD, INVITATION_CODE, MOBILE, URL_PHOTO, ID_CITY, ID_LANGUAGE) values (248, 'Darren', 'Duckels', 'dduckels6v@eventbrite.com', 'dduckels6v@icio.us', 'WAUKFAFL7DN381849', '65044-0850', '3075975710', 'http://dummyimage.com/181x103.bmp/ff4444/ffffff', 8, 3);
insert into PERSONS (ID_PERSON, FIRST_NAME, LAST_NAME, EMAIL, SECOND_EMAIL, PASSWORD, INVITATION_CODE, MOBILE, URL_PHOTO, ID_CITY, ID_LANGUAGE) values (249, 'Matti', 'Edel', 'medel6w@cornell.edu', null, 'JN1BJ0HP2DM725317', '0049-1560', '3515613854', 'http://dummyimage.com/177x225.bmp/cc0000/ffffff', 9, 4);
insert into PERSONS (ID_PERSON, FIRST_NAME, LAST_NAME, EMAIL, SECOND_EMAIL, PASSWORD, INVITATION_CODE, MOBILE, URL_PHOTO, ID_CITY, ID_LANGUAGE) values (250, 'Karlik', 'Ludford', 'kludford6x@wikimedia.org', null, 'SALFP2BGXFH040469', '55289-106', '2770464949', 'http://dummyimage.com/174x108.png/dddddd/000000', 10, 5);
insert into PERSONS (ID_PERSON, FIRST_NAME, LAST_NAME, EMAIL, SECOND_EMAIL, PASSWORD, INVITATION_CODE, MOBILE, URL_PHOTO, ID_CITY, ID_LANGUAGE) values (251, 'Rhodie', 'Waudby', 'rwaudby6y@mayoclinic.com', 'rwaudby6y@ow.ly', 'WVGAK7A99AD281984', '54473-214', '7266916283', 'http://dummyimage.com/124x160.jpg/5fa2dd/ffffff', 11, 1);
insert into PERSONS (ID_PERSON, FIRST_NAME, LAST_NAME, EMAIL, SECOND_EMAIL, PASSWORD, INVITATION_CODE, MOBILE, URL_PHOTO, ID_CITY, ID_LANGUAGE) values (252, 'Emanuel', 'Corcut', 'ecorcut6z@jigsy.com', 'ecorcut6z@weather.com', 'WA1DGBFP0DA004251', '42808-111', '8156070852', 'http://dummyimage.com/228x174.png/dddddd/000000', 12, 2);
insert into PERSONS (ID_PERSON, FIRST_NAME, LAST_NAME, EMAIL, SECOND_EMAIL, PASSWORD, INVITATION_CODE, MOBILE, URL_PHOTO, ID_CITY, ID_LANGUAGE) values (253, 'Burton', 'Banister', 'bbanister70@dailymail.co.uk', 'bbanister70@oakley.com', 'WAULD54B52N198930', '0469-5202', '6431838386', 'http://dummyimage.com/189x217.png/dddddd/000000', 13, 3);
insert into PERSONS (ID_PERSON, FIRST_NAME, LAST_NAME, EMAIL, SECOND_EMAIL, PASSWORD, INVITATION_CODE, MOBILE, URL_PHOTO, ID_CITY, ID_LANGUAGE) values (254, 'Nicol', 'Emson', 'nemson71@nyu.edu', null, 'WBA3C3G50FN319477', '0172-2407', '1176175173', 'http://dummyimage.com/120x107.png/cc0000/ffffff', 14, 4);
insert into PERSONS (ID_PERSON, FIRST_NAME, LAST_NAME, EMAIL, SECOND_EMAIL, PASSWORD, INVITATION_CODE, MOBILE, URL_PHOTO, ID_CITY, ID_LANGUAGE) values (255, 'Etta', 'Dunabie', 'edunabie72@tripadvisor.com', null, '1G6DL5EG8A0927179', '12634-529', '5916882548', 'http://dummyimage.com/202x188.png/dddddd/000000', 15, 5);
insert into PERSONS (ID_PERSON, FIRST_NAME, LAST_NAME, EMAIL, SECOND_EMAIL, PASSWORD, INVITATION_CODE, MOBILE, URL_PHOTO, ID_CITY, ID_LANGUAGE) values (256, 'Sela', 'Macek', 'smacek73@nifty.com', null, 'WVWAA7AH4BV070797', '49967-182', '2477088939', 'http://dummyimage.com/156x194.bmp/ff4444/ffffff', 16, 1);
insert into PERSONS (ID_PERSON, FIRST_NAME, LAST_NAME, EMAIL, SECOND_EMAIL, PASSWORD, INVITATION_CODE, MOBILE, URL_PHOTO, ID_CITY, ID_LANGUAGE) values (257, 'Lara', 'Parlett', 'lparlett74@webmd.com', 'lparlett74@sogou.com', '1LNHL9DK0FG309604', '52125-480', '8256385618', 'http://dummyimage.com/176x147.bmp/5fa2dd/ffffff', 17, 2);
insert into PERSONS (ID_PERSON, FIRST_NAME, LAST_NAME, EMAIL, SECOND_EMAIL, PASSWORD, INVITATION_CODE, MOBILE, URL_PHOTO, ID_CITY, ID_LANGUAGE) values (258, 'Cassandry', 'Bustin', 'cbustin75@mediafire.com', 'cbustin75@merriam-webster.com', 'JTEBU5JR1B5385450', '0093-0135', '3360778340', 'http://dummyimage.com/108x242.bmp/cc0000/ffffff', 18, 3);
insert into PERSONS (ID_PERSON, FIRST_NAME, LAST_NAME, EMAIL, SECOND_EMAIL, PASSWORD, INVITATION_CODE, MOBILE, URL_PHOTO, ID_CITY, ID_LANGUAGE) values (259, 'Greg', 'Hagston', 'ghagston76@jalbum.net', null, '5N1AN0NW8EN309885', '62756-202', '2175614565', 'http://dummyimage.com/246x209.png/dddddd/000000', 19, 4);
insert into PERSONS (ID_PERSON, FIRST_NAME, LAST_NAME, EMAIL, SECOND_EMAIL, PASSWORD, INVITATION_CODE, MOBILE, URL_PHOTO, ID_CITY, ID_LANGUAGE) values (260, 'Pincas', 'Simeoni', 'psimeoni77@woothemes.com', 'psimeoni77@homestead.com', 'WAUSF98K69N304223', '49349-646', '1720375232', 'http://dummyimage.com/196x101.png/ff4444/ffffff', 20, 5);
insert into PERSONS (ID_PERSON, FIRST_NAME, LAST_NAME, EMAIL, SECOND_EMAIL, PASSWORD, INVITATION_CODE, MOBILE, URL_PHOTO, ID_CITY, ID_LANGUAGE) values (261, 'Barn', 'Curnow', 'bcurnow78@pen.io', 'bcurnow78@opera.com', 'WAU2GAFC5EN022899', '65162-209', '1234326469', 'http://dummyimage.com/165x154.jpg/5fa2dd/ffffff', 1, 1);
insert into PERSONS (ID_PERSON, FIRST_NAME, LAST_NAME, EMAIL, SECOND_EMAIL, PASSWORD, INVITATION_CODE, MOBILE, URL_PHOTO, ID_CITY, ID_LANGUAGE) values (262, 'Sebastiano', 'Gendricke', 'sgendricke79@is.gd', null, '1GYEE637390807221', '52125-264', '6163326512', 'http://dummyimage.com/168x234.png/ff4444/ffffff', 2, 2);
insert into PERSONS (ID_PERSON, FIRST_NAME, LAST_NAME, EMAIL, SECOND_EMAIL, PASSWORD, INVITATION_CODE, MOBILE, URL_PHOTO, ID_CITY, ID_LANGUAGE) values (263, 'Dill', 'Bisseker', 'dbisseker7a@altervista.org', 'dbisseker7a@oakley.com', '1C4RDJEG1DC922076', '75921-795', '2772282694', 'http://dummyimage.com/196x209.png/cc0000/ffffff', 3, 3);
insert into PERSONS (ID_PERSON, FIRST_NAME, LAST_NAME, EMAIL, SECOND_EMAIL, PASSWORD, INVITATION_CODE, MOBILE, URL_PHOTO, ID_CITY, ID_LANGUAGE) values (264, 'Nina', 'Sharpe', 'nsharpe7b@businessinsider.com', null, 'WBADX1C59DJ847381', '57520-0630', '8908573844', 'http://dummyimage.com/204x192.jpg/dddddd/000000', 4, 4);
insert into PERSONS (ID_PERSON, FIRST_NAME, LAST_NAME, EMAIL, SECOND_EMAIL, PASSWORD, INVITATION_CODE, MOBILE, URL_PHOTO, ID_CITY, ID_LANGUAGE) values (265, 'Winne', 'Tatters', 'wtatters7c@prweb.com', null, 'WAUCKAFR9AA383514', '43269-893', '4860014715', 'http://dummyimage.com/246x207.jpg/5fa2dd/ffffff', 5, 5);
insert into PERSONS (ID_PERSON, FIRST_NAME, LAST_NAME, EMAIL, SECOND_EMAIL, PASSWORD, INVITATION_CODE, MOBILE, URL_PHOTO, ID_CITY, ID_LANGUAGE) values (266, 'Robinia', 'Raulston', 'rraulston7d@csmonitor.com', null, '3VW4A7AT6CM116737', '43538-920', '4126983554', 'http://dummyimage.com/197x223.jpg/cc0000/ffffff', 6, 1);
insert into PERSONS (ID_PERSON, FIRST_NAME, LAST_NAME, EMAIL, SECOND_EMAIL, PASSWORD, INVITATION_CODE, MOBILE, URL_PHOTO, ID_CITY, ID_LANGUAGE) values (267, 'Lev', 'Sturzaker', 'lsturzaker7e@unblog.fr', 'lsturzaker7e@vimeo.com', '3VW1K7AJ9FM601344', '48951-9998', '6044035832', 'http://dummyimage.com/235x185.jpg/cc0000/ffffff', 7, 2);
insert into PERSONS (ID_PERSON, FIRST_NAME, LAST_NAME, EMAIL, SECOND_EMAIL, PASSWORD, INVITATION_CODE, MOBILE, URL_PHOTO, ID_CITY, ID_LANGUAGE) values (268, 'Ewen', 'Girdler', 'egirdler7f@delicious.com', null, 'WAUKG78E56A795396', '16590-002', '2965023607', 'http://dummyimage.com/152x154.jpg/ff4444/ffffff', 8, 3);
insert into PERSONS (ID_PERSON, FIRST_NAME, LAST_NAME, EMAIL, SECOND_EMAIL, PASSWORD, INVITATION_CODE, MOBILE, URL_PHOTO, ID_CITY, ID_LANGUAGE) values (269, 'Freida', 'Hyndson', 'fhyndson7g@bloomberg.com', 'fhyndson7g@fda.gov', 'WAUDT48H86K077705', '68647-194', '0261613383', 'http://dummyimage.com/216x191.png/cc0000/ffffff', 9, 4);
insert into PERSONS (ID_PERSON, FIRST_NAME, LAST_NAME, EMAIL, SECOND_EMAIL, PASSWORD, INVITATION_CODE, MOBILE, URL_PHOTO, ID_CITY, ID_LANGUAGE) values (270, 'Bogey', 'Broader', 'bbroader7h@redcross.org', 'bbroader7h@nytimes.com', 'WA1WMAFP6EA186857', '62169-203', '9327517075', 'http://dummyimage.com/147x142.bmp/dddddd/000000', 10, 5);
insert into PERSONS (ID_PERSON, FIRST_NAME, LAST_NAME, EMAIL, SECOND_EMAIL, PASSWORD, INVITATION_CODE, MOBILE, URL_PHOTO, ID_CITY, ID_LANGUAGE) values (271, 'Kerry', 'Yea', 'kyea7i@booking.com', null, 'SCBDC47L48C998151', '63736-532', '7448014560', 'http://dummyimage.com/170x165.bmp/cc0000/ffffff', 11, 1);
insert into PERSONS (ID_PERSON, FIRST_NAME, LAST_NAME, EMAIL, SECOND_EMAIL, PASSWORD, INVITATION_CODE, MOBILE, URL_PHOTO, ID_CITY, ID_LANGUAGE) values (272, 'Nikolaus', 'Clubley', 'nclubley7j@seattletimes.com', 'nclubley7j@slashdot.org', '1FTSW2A58AE381899', '37000-156', '0223439347', 'http://dummyimage.com/106x234.jpg/5fa2dd/ffffff', 12, 2);
insert into PERSONS (ID_PERSON, FIRST_NAME, LAST_NAME, EMAIL, SECOND_EMAIL, PASSWORD, INVITATION_CODE, MOBILE, URL_PHOTO, ID_CITY, ID_LANGUAGE) values (273, 'Giff', 'Curl', 'gcurl7k@businessweek.com', null, 'WDDHF2EBXDA238466', '11410-804', '7962120584', 'http://dummyimage.com/176x189.bmp/dddddd/000000', 13, 3);
insert into PERSONS (ID_PERSON, FIRST_NAME, LAST_NAME, EMAIL, SECOND_EMAIL, PASSWORD, INVITATION_CODE, MOBILE, URL_PHOTO, ID_CITY, ID_LANGUAGE) values (274, 'Ailyn', 'Goadby', 'agoadby7l@economist.com', null, 'KNALN4D71F5336973', '13537-283', '3852043638', 'http://dummyimage.com/227x219.png/dddddd/000000', 14, 4);
insert into PERSONS (ID_PERSON, FIRST_NAME, LAST_NAME, EMAIL, SECOND_EMAIL, PASSWORD, INVITATION_CODE, MOBILE, URL_PHOTO, ID_CITY, ID_LANGUAGE) values (275, 'Bondie', 'Pestor', 'bpestor7m@bravesites.com', 'bpestor7m@quantcast.com', 'WAUNF78P78A831819', '63459-542', '8319726514', 'http://dummyimage.com/124x144.bmp/5fa2dd/ffffff', 15, 5);
insert into PERSONS (ID_PERSON, FIRST_NAME, LAST_NAME, EMAIL, SECOND_EMAIL, PASSWORD, INVITATION_CODE, MOBILE, URL_PHOTO, ID_CITY, ID_LANGUAGE) values (276, 'Willamina', 'McReath', 'wmcreath7n@opera.com', 'wmcreath7n@webnode.com', '1G6DU57V490458533', '37000-120', '7165339728', 'http://dummyimage.com/164x125.png/dddddd/000000', 16, 1);
insert into PERSONS (ID_PERSON, FIRST_NAME, LAST_NAME, EMAIL, SECOND_EMAIL, PASSWORD, INVITATION_CODE, MOBILE, URL_PHOTO, ID_CITY, ID_LANGUAGE) values (277, 'Willy', 'Densie', 'wdensie7o@wordpress.com', 'wdensie7o@jiathis.com', '19UUB2F3XFA916195', '0555-9020', '6852245268', 'http://dummyimage.com/122x142.bmp/dddddd/000000', 17, 2);
insert into PERSONS (ID_PERSON, FIRST_NAME, LAST_NAME, EMAIL, SECOND_EMAIL, PASSWORD, INVITATION_CODE, MOBILE, URL_PHOTO, ID_CITY, ID_LANGUAGE) values (278, 'Caterina', 'Brighouse', 'cbrighouse7p@nbcnews.com', null, '1GD01ZEG9BF078781', '53346-1314', '8098929655', 'http://dummyimage.com/128x231.png/cc0000/ffffff', 18, 3);
insert into PERSONS (ID_PERSON, FIRST_NAME, LAST_NAME, EMAIL, SECOND_EMAIL, PASSWORD, INVITATION_CODE, MOBILE, URL_PHOTO, ID_CITY, ID_LANGUAGE) values (279, 'Kimberli', 'Beedle', 'kbeedle7q@bizjournals.com', null, '1G6DX67D180584187', '58232-0035', '2159052914', 'http://dummyimage.com/130x215.png/cc0000/ffffff', 19, 4);
insert into PERSONS (ID_PERSON, FIRST_NAME, LAST_NAME, EMAIL, SECOND_EMAIL, PASSWORD, INVITATION_CODE, MOBILE, URL_PHOTO, ID_CITY, ID_LANGUAGE) values (280, 'Lowe', 'Westoff', 'lwestoff7r@dion.ne.jp', 'lwestoff7r@ucoz.com', '1G6DK8EG3A0960711', '43857-0052', '8723559349', 'http://dummyimage.com/149x181.png/5fa2dd/ffffff', 20, 5);
insert into PERSONS (ID_PERSON, FIRST_NAME, LAST_NAME, EMAIL, SECOND_EMAIL, PASSWORD, INVITATION_CODE, MOBILE, URL_PHOTO, ID_CITY, ID_LANGUAGE) values (281, 'Rodina', 'Fonteyne', 'rfonteyne7s@sogou.com', 'rfonteyne7s@g.co', '1N4AL2EP5DC103101', '0087-2775', '2358039055', 'http://dummyimage.com/208x136.png/ff4444/ffffff', 1, 1);
insert into PERSONS (ID_PERSON, FIRST_NAME, LAST_NAME, EMAIL, SECOND_EMAIL, PASSWORD, INVITATION_CODE, MOBILE, URL_PHOTO, ID_CITY, ID_LANGUAGE) values (282, 'Kariotta', 'Malster', 'kmalster7t@instagram.com', 'kmalster7t@cpanel.net', '3N1BC1AP2AL242541', '0268-1419', '4163677666', 'http://dummyimage.com/120x119.bmp/cc0000/ffffff', 2, 2);
insert into PERSONS (ID_PERSON, FIRST_NAME, LAST_NAME, EMAIL, SECOND_EMAIL, PASSWORD, INVITATION_CODE, MOBILE, URL_PHOTO, ID_CITY, ID_LANGUAGE) values (283, 'Vivyan', 'Litherland', 'vlitherland7u@shareasale.com', 'vlitherland7u@loc.gov', 'TRURD38J281764132', '55714-4477', '8917284302', 'http://dummyimage.com/133x233.bmp/cc0000/ffffff', 3, 3);
insert into PERSONS (ID_PERSON, FIRST_NAME, LAST_NAME, EMAIL, SECOND_EMAIL, PASSWORD, INVITATION_CODE, MOBILE, URL_PHOTO, ID_CITY, ID_LANGUAGE) values (284, 'Gaven', 'Dunnett', 'gdunnett7v@yale.edu', null, 'YV1672MK9D2418705', '43269-786', '7356296187', 'http://dummyimage.com/108x242.jpg/dddddd/000000', 4, 4);
insert into PERSONS (ID_PERSON, FIRST_NAME, LAST_NAME, EMAIL, SECOND_EMAIL, PASSWORD, INVITATION_CODE, MOBILE, URL_PHOTO, ID_CITY, ID_LANGUAGE) values (285, 'Micheline', 'Douris', 'mdouris7w@istockphoto.com', 'mdouris7w@cloudflare.com', 'JH4DC54876S508452', '37205-741', '2363208838', 'http://dummyimage.com/249x159.bmp/dddddd/000000', 5, 5);
insert into PERSONS (ID_PERSON, FIRST_NAME, LAST_NAME, EMAIL, SECOND_EMAIL, PASSWORD, INVITATION_CODE, MOBILE, URL_PHOTO, ID_CITY, ID_LANGUAGE) values (286, 'Concettina', 'Perks', 'cperks7x@prlog.org', null, 'WBADW7C52DE775146', '64942-1338', '5351947692', 'http://dummyimage.com/215x217.jpg/dddddd/000000', 6, 1);
insert into PERSONS (ID_PERSON, FIRST_NAME, LAST_NAME, EMAIL, SECOND_EMAIL, PASSWORD, INVITATION_CODE, MOBILE, URL_PHOTO, ID_CITY, ID_LANGUAGE) values (287, 'Tyler', 'Trousdale', 'ttrousdale7y@cnet.com', null, '5N1AZ2MH3FN625196', '36987-1878', '8231891846', 'http://dummyimage.com/156x113.png/dddddd/000000', 7, 2);
insert into PERSONS (ID_PERSON, FIRST_NAME, LAST_NAME, EMAIL, SECOND_EMAIL, PASSWORD, INVITATION_CODE, MOBILE, URL_PHOTO, ID_CITY, ID_LANGUAGE) values (288, 'Davin', 'Baldrey', 'dbaldrey7z@chron.com', null, '3GYFNCEY4AS195620', '10515-145', '9478988875', 'http://dummyimage.com/210x223.jpg/5fa2dd/ffffff', 8, 3);
insert into PERSONS (ID_PERSON, FIRST_NAME, LAST_NAME, EMAIL, SECOND_EMAIL, PASSWORD, INVITATION_CODE, MOBILE, URL_PHOTO, ID_CITY, ID_LANGUAGE) values (289, 'Norbie', 'Iffland', 'niffland80@google.co.uk', null, 'KMHCT4AE4CU502928', '34908-620', '5076411200', 'http://dummyimage.com/190x247.jpg/cc0000/ffffff', 9, 4);
insert into PERSONS (ID_PERSON, FIRST_NAME, LAST_NAME, EMAIL, SECOND_EMAIL, PASSWORD, INVITATION_CODE, MOBILE, URL_PHOTO, ID_CITY, ID_LANGUAGE) values (290, 'Conny', 'Reinhardt', 'creinhardt81@ucla.edu', 'creinhardt81@github.io', '3GYFNBE32ES037992', '58118-0711', '3897221292', 'http://dummyimage.com/119x203.png/cc0000/ffffff', 10, 5);
insert into PERSONS (ID_PERSON, FIRST_NAME, LAST_NAME, EMAIL, SECOND_EMAIL, PASSWORD, INVITATION_CODE, MOBILE, URL_PHOTO, ID_CITY, ID_LANGUAGE) values (291, 'Gearard', 'Croux', 'gcroux82@usda.gov', null, 'SCFFDAAE0BG994885', '76332-002', '2784528367', 'http://dummyimage.com/194x215.jpg/ff4444/ffffff', 11, 1);
insert into PERSONS (ID_PERSON, FIRST_NAME, LAST_NAME, EMAIL, SECOND_EMAIL, PASSWORD, INVITATION_CODE, MOBILE, URL_PHOTO, ID_CITY, ID_LANGUAGE) values (292, 'Murial', 'Pestor', 'mpestor83@usnews.com', 'mpestor83@macromedia.com', 'WBAUP9C55AV913363', '49288-0318', '3854615744', 'http://dummyimage.com/167x144.png/ff4444/ffffff', 12, 2);
insert into PERSONS (ID_PERSON, FIRST_NAME, LAST_NAME, EMAIL, SECOND_EMAIL, PASSWORD, INVITATION_CODE, MOBILE, URL_PHOTO, ID_CITY, ID_LANGUAGE) values (293, 'Barclay', 'Southerns', 'bsoutherns84@cocolog-nifty.com', 'bsoutherns84@tinypic.com', 'SCBDC47L99C942174', '61077-019', '0537288856', 'http://dummyimage.com/155x167.bmp/ff4444/ffffff', 13, 3);
insert into PERSONS (ID_PERSON, FIRST_NAME, LAST_NAME, EMAIL, SECOND_EMAIL, PASSWORD, INVITATION_CODE, MOBILE, URL_PHOTO, ID_CITY, ID_LANGUAGE) values (294, 'Aleksandr', 'McLay', 'amclay85@seesaa.net', null, 'WAUKH98E67A777063', '57237-054', '4385552282', 'http://dummyimage.com/130x242.bmp/dddddd/000000', 14, 4);
insert into PERSONS (ID_PERSON, FIRST_NAME, LAST_NAME, EMAIL, SECOND_EMAIL, PASSWORD, INVITATION_CODE, MOBILE, URL_PHOTO, ID_CITY, ID_LANGUAGE) values (295, 'Nolana', 'Ellerker', 'nellerker86@ted.com', 'nellerker86@psu.edu', '3C6JD7BP6CG532890', '0228-2530', '1819459888', 'http://dummyimage.com/205x180.bmp/dddddd/000000', 15, 5);
insert into PERSONS (ID_PERSON, FIRST_NAME, LAST_NAME, EMAIL, SECOND_EMAIL, PASSWORD, INVITATION_CODE, MOBILE, URL_PHOTO, ID_CITY, ID_LANGUAGE) values (296, 'Bette', 'Mullinder', 'bmullinder87@theatlantic.com', 'bmullinder87@technorati.com', 'KMHCM3AC8BU381857', '0095-0049', '4347128983', 'http://dummyimage.com/230x153.jpg/cc0000/ffffff', 16, 1);
insert into PERSONS (ID_PERSON, FIRST_NAME, LAST_NAME, EMAIL, SECOND_EMAIL, PASSWORD, INVITATION_CODE, MOBILE, URL_PHOTO, ID_CITY, ID_LANGUAGE) values (297, 'Madelaine', 'Bremen', 'mbremen88@pinterest.com', null, 'KMHCT4AE6EU829544', '58503-008', '3245365551', 'http://dummyimage.com/250x146.jpg/cc0000/ffffff', 17, 2);
insert into PERSONS (ID_PERSON, FIRST_NAME, LAST_NAME, EMAIL, SECOND_EMAIL, PASSWORD, INVITATION_CODE, MOBILE, URL_PHOTO, ID_CITY, ID_LANGUAGE) values (298, 'Bone', 'Golson', 'bgolson89@scientificamerican.com', 'bgolson89@bloglines.com', 'WAUBFAFL7FA733256', '51672-1258', '4488981585', 'http://dummyimage.com/108x163.jpg/cc0000/ffffff', 18, 3);
insert into PERSONS (ID_PERSON, FIRST_NAME, LAST_NAME, EMAIL, SECOND_EMAIL, PASSWORD, INVITATION_CODE, MOBILE, URL_PHOTO, ID_CITY, ID_LANGUAGE) values (299, 'Georgeanna', 'Balducci', 'gbalducci8a@webnode.com', null, '1FTWX3B55AE485270', '67296-0590', '1893227618', 'http://dummyimage.com/195x104.png/ff4444/ffffff', 19, 4);
insert into PERSONS (ID_PERSON, FIRST_NAME, LAST_NAME, EMAIL, SECOND_EMAIL, PASSWORD, INVITATION_CODE, MOBILE, URL_PHOTO, ID_CITY, ID_LANGUAGE) values (300, 'Chicky', 'Thonger', 'cthonger8b@whitehouse.gov', 'cthonger8b@ycombinator.com', '3C6TD5ET2CG182096', '65841-756', '6551368840', 'http://dummyimage.com/146x225.bmp/cc0000/ffffff', 20, 5);
insert into PERSONS (ID_PERSON, FIRST_NAME, LAST_NAME, EMAIL, SECOND_EMAIL, PASSWORD, INVITATION_CODE, MOBILE, URL_PHOTO, ID_CITY, ID_LANGUAGE) values (301, 'Toddy', 'Winny', 'twinny8c@free.fr', null, '1FTWX3B53AE608984', '49349-496', '0000517186', 'http://dummyimage.com/205x202.jpg/cc0000/ffffff', 1, 1);
insert into PERSONS (ID_PERSON, FIRST_NAME, LAST_NAME, EMAIL, SECOND_EMAIL, PASSWORD, INVITATION_CODE, MOBILE, URL_PHOTO, ID_CITY, ID_LANGUAGE) values (302, 'Iggie', 'Harsnep', 'iharsnep8d@wikimedia.org', 'iharsnep8d@google.fr', 'JA4AD2A31EZ532593', '49035-223', '6162164802', 'http://dummyimage.com/231x248.png/dddddd/000000', 2, 2);
insert into PERSONS (ID_PERSON, FIRST_NAME, LAST_NAME, EMAIL, SECOND_EMAIL, PASSWORD, INVITATION_CODE, MOBILE, URL_PHOTO, ID_CITY, ID_LANGUAGE) values (303, 'Scott', 'Riddiough', 'sriddiough8e@skype.com', 'sriddiough8e@cbc.ca', 'WBASN2C59DC598765', '36987-2024', '8888534407', 'http://dummyimage.com/237x168.png/5fa2dd/ffffff', 3, 3);
insert into PERSONS (ID_PERSON, FIRST_NAME, LAST_NAME, EMAIL, SECOND_EMAIL, PASSWORD, INVITATION_CODE, MOBILE, URL_PHOTO, ID_CITY, ID_LANGUAGE) values (304, 'Aldric', 'Arrault', 'aarrault8f@noaa.gov', null, 'JN1AJ0HPXAM253200', '63629-1525', '0929956265', 'http://dummyimage.com/238x204.jpg/ff4444/ffffff', 4, 4);
insert into PERSONS (ID_PERSON, FIRST_NAME, LAST_NAME, EMAIL, SECOND_EMAIL, PASSWORD, INVITATION_CODE, MOBILE, URL_PHOTO, ID_CITY, ID_LANGUAGE) values (305, 'Amalia', 'Josefs', 'ajosefs8g@lulu.com', null, 'WAUBVAFA9AN205558', '62011-0095', '2878913574', 'http://dummyimage.com/152x179.bmp/dddddd/000000', 5, 5);
insert into PERSONS (ID_PERSON, FIRST_NAME, LAST_NAME, EMAIL, SECOND_EMAIL, PASSWORD, INVITATION_CODE, MOBILE, URL_PHOTO, ID_CITY, ID_LANGUAGE) values (306, 'Nelle', 'Caldeyroux', 'ncaldeyroux8h@shutterfly.com', 'ncaldeyroux8h@cpanel.net', '5UXWY3C55F0355510', '49738-054', '3220694675', 'http://dummyimage.com/216x191.bmp/dddddd/000000', 6, 1);
insert into PERSONS (ID_PERSON, FIRST_NAME, LAST_NAME, EMAIL, SECOND_EMAIL, PASSWORD, INVITATION_CODE, MOBILE, URL_PHOTO, ID_CITY, ID_LANGUAGE) values (307, 'Laurena', 'Hansemann', 'lhansemann8i@reference.com', null, '2G4GN5EK2C9014690', '48951-6056', '0100492800', 'http://dummyimage.com/151x234.jpg/cc0000/ffffff', 7, 2);
insert into PERSONS (ID_PERSON, FIRST_NAME, LAST_NAME, EMAIL, SECOND_EMAIL, PASSWORD, INVITATION_CODE, MOBILE, URL_PHOTO, ID_CITY, ID_LANGUAGE) values (308, 'Daphene', 'Joy', 'djoy8j@surveymonkey.com', 'djoy8j@illinois.edu', '1FTFW1E89AK862763', '0409-9790', '0478267983', 'http://dummyimage.com/110x193.bmp/ff4444/ffffff', 8, 3);
insert into PERSONS (ID_PERSON, FIRST_NAME, LAST_NAME, EMAIL, SECOND_EMAIL, PASSWORD, INVITATION_CODE, MOBILE, URL_PHOTO, ID_CITY, ID_LANGUAGE) values (309, 'George', 'Beharrell', 'gbeharrell8k@vk.com', 'gbeharrell8k@wix.com', 'WAUDH78E18A833652', '31645-158', '9482870034', 'http://dummyimage.com/124x243.png/cc0000/ffffff', 9, 4);
insert into PERSONS (ID_PERSON, FIRST_NAME, LAST_NAME, EMAIL, SECOND_EMAIL, PASSWORD, INVITATION_CODE, MOBILE, URL_PHOTO, ID_CITY, ID_LANGUAGE) values (310, 'Marlena', 'McIlraith', 'mmcilraith8l@icq.com', 'mmcilraith8l@e-recht24.de', '5TDDK3DC2BS772520', '10685-537', '1795116633', 'http://dummyimage.com/210x196.jpg/dddddd/000000', 10, 5);
insert into PERSONS (ID_PERSON, FIRST_NAME, LAST_NAME, EMAIL, SECOND_EMAIL, PASSWORD, INVITATION_CODE, MOBILE, URL_PHOTO, ID_CITY, ID_LANGUAGE) values (311, 'Elyssa', 'Drezzer', 'edrezzer8m@spotify.com', null, 'SCFAD01A36G758156', '98132-304', '6126132203', 'http://dummyimage.com/162x240.png/ff4444/ffffff', 11, 1);
insert into PERSONS (ID_PERSON, FIRST_NAME, LAST_NAME, EMAIL, SECOND_EMAIL, PASSWORD, INVITATION_CODE, MOBILE, URL_PHOTO, ID_CITY, ID_LANGUAGE) values (312, 'Raddie', 'Church', 'rchurch8n@nih.gov', 'rchurch8n@51.la', '5UXKS4C55E0549023', '0093-2070', '6662079413', 'http://dummyimage.com/106x110.bmp/dddddd/000000', 12, 2);
insert into PERSONS (ID_PERSON, FIRST_NAME, LAST_NAME, EMAIL, SECOND_EMAIL, PASSWORD, INVITATION_CODE, MOBILE, URL_PHOTO, ID_CITY, ID_LANGUAGE) values (313, 'Huey', 'Jewel', 'hjewel8o@un.org', 'hjewel8o@google.ru', 'KMHGC4DD2EU165568', '67475-112', '1234485915', 'http://dummyimage.com/120x225.png/cc0000/ffffff', 13, 3);
insert into PERSONS (ID_PERSON, FIRST_NAME, LAST_NAME, EMAIL, SECOND_EMAIL, PASSWORD, INVITATION_CODE, MOBILE, URL_PHOTO, ID_CITY, ID_LANGUAGE) values (314, 'Ingamar', 'Suthworth', 'isuthworth8p@phoca.cz', 'isuthworth8p@hao123.com', '1B3CC1FB0AN264862', '36987-2831', '4260675117', 'http://dummyimage.com/234x214.bmp/5fa2dd/ffffff', 14, 4);
insert into PERSONS (ID_PERSON, FIRST_NAME, LAST_NAME, EMAIL, SECOND_EMAIL, PASSWORD, INVITATION_CODE, MOBILE, URL_PHOTO, ID_CITY, ID_LANGUAGE) values (315, 'Dyanne', 'Whaley', 'dwhaley8q@cbslocal.com', 'dwhaley8q@nps.gov', '1G4GE5ED6BF130241', '68180-361', '7924607501', 'http://dummyimage.com/199x217.bmp/dddddd/000000', 15, 5);
insert into PERSONS (ID_PERSON, FIRST_NAME, LAST_NAME, EMAIL, SECOND_EMAIL, PASSWORD, INVITATION_CODE, MOBILE, URL_PHOTO, ID_CITY, ID_LANGUAGE) values (316, 'Ricardo', 'Choudhury', 'rchoudhury8r@360.cn', 'rchoudhury8r@drupal.org', 'WBA3B9C54FF375279', '42254-140', '6110661619', 'http://dummyimage.com/178x248.jpg/dddddd/000000', 16, 1);
insert into PERSONS (ID_PERSON, FIRST_NAME, LAST_NAME, EMAIL, SECOND_EMAIL, PASSWORD, INVITATION_CODE, MOBILE, URL_PHOTO, ID_CITY, ID_LANGUAGE) values (317, 'Stesha', 'Cakes', 'scakes8s@admin.ch', null, 'WAUTFAFH7AN531535', '0409-7761', '4214515358', 'http://dummyimage.com/166x235.bmp/cc0000/ffffff', 17, 2);
insert into PERSONS (ID_PERSON, FIRST_NAME, LAST_NAME, EMAIL, SECOND_EMAIL, PASSWORD, INVITATION_CODE, MOBILE, URL_PHOTO, ID_CITY, ID_LANGUAGE) values (318, 'Trip', 'Wardhaw', 'twardhaw8t@uol.com.br', null, '1FTEW1C88AF208943', '0093-0135', '8092248907', 'http://dummyimage.com/227x201.jpg/ff4444/ffffff', 18, 3);
insert into PERSONS (ID_PERSON, FIRST_NAME, LAST_NAME, EMAIL, SECOND_EMAIL, PASSWORD, INVITATION_CODE, MOBILE, URL_PHOTO, ID_CITY, ID_LANGUAGE) values (319, 'Oberon', 'Elstow', 'oelstow8u@tuttocitta.it', 'oelstow8u@deliciousdays.com', '2T2BK1BA7FC720128', '0573-1916', '7370250504', 'http://dummyimage.com/245x110.png/5fa2dd/ffffff', 19, 4);
insert into PERSONS (ID_PERSON, FIRST_NAME, LAST_NAME, EMAIL, SECOND_EMAIL, PASSWORD, INVITATION_CODE, MOBILE, URL_PHOTO, ID_CITY, ID_LANGUAGE) values (320, 'Sandi', 'Corwood', 'scorwood8v@feedburner.com', null, 'WAUAH94F17N778706', '10096-0281', '6244588312', 'http://dummyimage.com/129x118.jpg/ff4444/ffffff', 20, 5);
insert into PERSONS (ID_PERSON, FIRST_NAME, LAST_NAME, EMAIL, SECOND_EMAIL, PASSWORD, INVITATION_CODE, MOBILE, URL_PHOTO, ID_CITY, ID_LANGUAGE) values (321, 'Adrienne', 'Beasleigh', 'abeasleigh8w@amazon.com', 'abeasleigh8w@tinypic.com', '1G4CU541224930622', '49967-700', '2765333785', 'http://dummyimage.com/236x218.png/cc0000/ffffff', 1, 1);
insert into PERSONS (ID_PERSON, FIRST_NAME, LAST_NAME, EMAIL, SECOND_EMAIL, PASSWORD, INVITATION_CODE, MOBILE, URL_PHOTO, ID_CITY, ID_LANGUAGE) values (322, 'Valera', 'Farmery', 'vfarmery8x@fema.gov', 'vfarmery8x@google.ca', '1FTWW3A51AE214372', '68462-384', '8082098406', 'http://dummyimage.com/202x240.png/dddddd/000000', 2, 2);
insert into PERSONS (ID_PERSON, FIRST_NAME, LAST_NAME, EMAIL, SECOND_EMAIL, PASSWORD, INVITATION_CODE, MOBILE, URL_PHOTO, ID_CITY, ID_LANGUAGE) values (323, 'Katti', 'Boom', 'kboom8y@jimdo.com', null, 'WBXPA93415W303794', '0002-4454', '4737788430', 'http://dummyimage.com/107x222.png/ff4444/ffffff', 3, 3);
insert into PERSONS (ID_PERSON, FIRST_NAME, LAST_NAME, EMAIL, SECOND_EMAIL, PASSWORD, INVITATION_CODE, MOBILE, URL_PHOTO, ID_CITY, ID_LANGUAGE) values (324, 'Sasha', 'Sondon', 'ssondon8z@yellowbook.com', 'ssondon8z@nba.com', '1G6AC5SX1E0085962', '99207-850', '0698582489', 'http://dummyimage.com/115x164.bmp/5fa2dd/ffffff', 4, 4);
insert into PERSONS (ID_PERSON, FIRST_NAME, LAST_NAME, EMAIL, SECOND_EMAIL, PASSWORD, INVITATION_CODE, MOBILE, URL_PHOTO, ID_CITY, ID_LANGUAGE) values (325, 'Sherri', 'Lodford', 'slodford90@apple.com', 'slodford90@indiegogo.com', '4USBT534X4L803344', '67046-111', '7915265229', 'http://dummyimage.com/169x190.bmp/cc0000/ffffff', 5, 5);
insert into PERSONS (ID_PERSON, FIRST_NAME, LAST_NAME, EMAIL, SECOND_EMAIL, PASSWORD, INVITATION_CODE, MOBILE, URL_PHOTO, ID_CITY, ID_LANGUAGE) values (326, 'Violante', 'Minister', 'vminister91@imdb.com', 'vminister91@edublogs.org', 'WBA3T3C50EP306480', '42926-131', '9092995029', 'http://dummyimage.com/100x108.bmp/ff4444/ffffff', 6, 1);
insert into PERSONS (ID_PERSON, FIRST_NAME, LAST_NAME, EMAIL, SECOND_EMAIL, PASSWORD, INVITATION_CODE, MOBILE, URL_PHOTO, ID_CITY, ID_LANGUAGE) values (327, 'Cora', 'Piet', 'cpiet92@symantec.com', null, 'WBADX7C59CE426559', '49371-033', '8566444124', 'http://dummyimage.com/114x201.jpg/cc0000/ffffff', 7, 2);
insert into PERSONS (ID_PERSON, FIRST_NAME, LAST_NAME, EMAIL, SECOND_EMAIL, PASSWORD, INVITATION_CODE, MOBILE, URL_PHOTO, ID_CITY, ID_LANGUAGE) values (328, 'Andria', 'Lorenzin', 'alorenzin93@sourceforge.net', null, '5UXXW5C56F0024425', '41520-441', '3460843489', 'http://dummyimage.com/235x118.jpg/ff4444/ffffff', 8, 3);
insert into PERSONS (ID_PERSON, FIRST_NAME, LAST_NAME, EMAIL, SECOND_EMAIL, PASSWORD, INVITATION_CODE, MOBILE, URL_PHOTO, ID_CITY, ID_LANGUAGE) values (329, 'Hobey', 'Smeeth', 'hsmeeth94@princeton.edu', 'hsmeeth94@a8.net', '2C4RDGCG3ER806828', '45737-217', '8364300865', 'http://dummyimage.com/244x172.jpg/dddddd/000000', 9, 4);
insert into PERSONS (ID_PERSON, FIRST_NAME, LAST_NAME, EMAIL, SECOND_EMAIL, PASSWORD, INVITATION_CODE, MOBILE, URL_PHOTO, ID_CITY, ID_LANGUAGE) values (330, 'Nan', 'Bum', 'nbum95@smugmug.com', 'nbum95@disqus.com', 'JTHDU1EFXB5196221', '58411-111', '4362867481', 'http://dummyimage.com/149x223.bmp/cc0000/ffffff', 10, 5);
insert into PERSONS (ID_PERSON, FIRST_NAME, LAST_NAME, EMAIL, SECOND_EMAIL, PASSWORD, INVITATION_CODE, MOBILE, URL_PHOTO, ID_CITY, ID_LANGUAGE) values (331, 'Lucila', 'Gammett', 'lgammett96@alibaba.com', null, 'JN8AS5MT9DW413929', '0135-0429', '3992337235', 'http://dummyimage.com/201x139.jpg/dddddd/000000', 11, 1);
insert into PERSONS (ID_PERSON, FIRST_NAME, LAST_NAME, EMAIL, SECOND_EMAIL, PASSWORD, INVITATION_CODE, MOBILE, URL_PHOTO, ID_CITY, ID_LANGUAGE) values (332, 'Durward', 'Smartman', 'dsmartman97@soup.io', 'dsmartman97@nsw.gov.au', 'YV4960DLXA2365167', '63354-617', '7026231898', 'http://dummyimage.com/143x122.png/dddddd/000000', 12, 2);
insert into PERSONS (ID_PERSON, FIRST_NAME, LAST_NAME, EMAIL, SECOND_EMAIL, PASSWORD, INVITATION_CODE, MOBILE, URL_PHOTO, ID_CITY, ID_LANGUAGE) values (333, 'Ardis', 'Zanazzi', 'azanazzi98@china.com.cn', 'azanazzi98@auda.org.au', '5XYKT3A65EG355039', '54458-914', '6387430569', 'http://dummyimage.com/226x160.jpg/5fa2dd/ffffff', 13, 3);
insert into PERSONS (ID_PERSON, FIRST_NAME, LAST_NAME, EMAIL, SECOND_EMAIL, PASSWORD, INVITATION_CODE, MOBILE, URL_PHOTO, ID_CITY, ID_LANGUAGE) values (334, 'Gratia', 'Dagnall', 'gdagnall99@mapquest.com', 'gdagnall99@blogspot.com', '1FAHP3HN7AW438275', '67544-401', '1440445990', 'http://dummyimage.com/211x137.jpg/5fa2dd/ffffff', 14, 4);
insert into PERSONS (ID_PERSON, FIRST_NAME, LAST_NAME, EMAIL, SECOND_EMAIL, PASSWORD, INVITATION_CODE, MOBILE, URL_PHOTO, ID_CITY, ID_LANGUAGE) values (335, 'Letta', 'Leethem', 'lleethem9a@washington.edu', null, '5J8TB18278A767015', '0131-2479', '8449091977', 'http://dummyimage.com/179x119.jpg/ff4444/ffffff', 15, 5);
insert into PERSONS (ID_PERSON, FIRST_NAME, LAST_NAME, EMAIL, SECOND_EMAIL, PASSWORD, INVITATION_CODE, MOBILE, URL_PHOTO, ID_CITY, ID_LANGUAGE) values (336, 'Leopold', 'Efford', 'lefford9b@earthlink.net', null, '3C63DRHL3CG222351', '63730-292', '2992506354', 'http://dummyimage.com/146x173.jpg/ff4444/ffffff', 16, 1);
insert into PERSONS (ID_PERSON, FIRST_NAME, LAST_NAME, EMAIL, SECOND_EMAIL, PASSWORD, INVITATION_CODE, MOBILE, URL_PHOTO, ID_CITY, ID_LANGUAGE) values (337, 'Scott', 'Nayer', 'snayer9c@webnode.com', null, '1G4PT5SV9E4093902', '50076-200', '4482843199', 'http://dummyimage.com/199x246.jpg/ff4444/ffffff', 17, 2);
insert into PERSONS (ID_PERSON, FIRST_NAME, LAST_NAME, EMAIL, SECOND_EMAIL, PASSWORD, INVITATION_CODE, MOBILE, URL_PHOTO, ID_CITY, ID_LANGUAGE) values (338, 'Had', 'Skamell', 'hskamell9d@usatoday.com', 'hskamell9d@cam.ac.uk', 'WBAYB6C55FD268130', '49580-0210', '5683583055', 'http://dummyimage.com/249x215.png/5fa2dd/ffffff', 18, 3);
insert into PERSONS (ID_PERSON, FIRST_NAME, LAST_NAME, EMAIL, SECOND_EMAIL, PASSWORD, INVITATION_CODE, MOBILE, URL_PHOTO, ID_CITY, ID_LANGUAGE) values (339, 'Claudius', 'Burdon', 'cburdon9e@sogou.com', 'cburdon9e@4shared.com', '2T1BURHE6FC371115', '42254-071', '4486412915', 'http://dummyimage.com/191x106.jpg/dddddd/000000', 19, 4);
insert into PERSONS (ID_PERSON, FIRST_NAME, LAST_NAME, EMAIL, SECOND_EMAIL, PASSWORD, INVITATION_CODE, MOBILE, URL_PHOTO, ID_CITY, ID_LANGUAGE) values (340, 'Roddie', 'Worboy', 'rworboy9f@w3.org', 'rworboy9f@nih.gov', '5NPDH4AE5EH127316', '41520-120', '3216907368', 'http://dummyimage.com/193x148.png/cc0000/ffffff', 20, 5);
insert into PERSONS (ID_PERSON, FIRST_NAME, LAST_NAME, EMAIL, SECOND_EMAIL, PASSWORD, INVITATION_CODE, MOBILE, URL_PHOTO, ID_CITY, ID_LANGUAGE) values (341, 'Ema', 'Roisen', 'eroisen9g@imageshack.us', 'eroisen9g@github.io', '5GADX33L26D177074', '61715-033', '4281640843', 'http://dummyimage.com/202x105.jpg/5fa2dd/ffffff', 1, 1);
insert into PERSONS (ID_PERSON, FIRST_NAME, LAST_NAME, EMAIL, SECOND_EMAIL, PASSWORD, INVITATION_CODE, MOBILE, URL_PHOTO, ID_CITY, ID_LANGUAGE) values (342, 'Paulina', 'Ings', 'pings9h@va.gov', null, '4A4AP3AU3DE703080', '0228-3005', '6448153500', 'http://dummyimage.com/249x198.bmp/5fa2dd/ffffff', 2, 2);
insert into PERSONS (ID_PERSON, FIRST_NAME, LAST_NAME, EMAIL, SECOND_EMAIL, PASSWORD, INVITATION_CODE, MOBILE, URL_PHOTO, ID_CITY, ID_LANGUAGE) values (343, 'Guilbert', 'Prowting', 'gprowting9i@delicious.com', null, 'WA1CV74L57D409670', '60429-183', '2793907081', 'http://dummyimage.com/246x122.png/ff4444/ffffff', 3, 3);
insert into PERSONS (ID_PERSON, FIRST_NAME, LAST_NAME, EMAIL, SECOND_EMAIL, PASSWORD, INVITATION_CODE, MOBILE, URL_PHOTO, ID_CITY, ID_LANGUAGE) values (344, 'Dennison', 'McArd', 'dmcard9j@skyrock.com', null, '1GYFC33269R723175', '68001-253', '1802404430', 'http://dummyimage.com/111x141.bmp/dddddd/000000', 4, 4);
insert into PERSONS (ID_PERSON, FIRST_NAME, LAST_NAME, EMAIL, SECOND_EMAIL, PASSWORD, INVITATION_CODE, MOBILE, URL_PHOTO, ID_CITY, ID_LANGUAGE) values (345, 'Danila', 'Jarritt', 'djarritt9k@istockphoto.com', 'djarritt9k@nifty.com', 'SCBBP9ZA3BC188716', '50580-669', '7651470257', 'http://dummyimage.com/174x202.bmp/cc0000/ffffff', 5, 5);
insert into PERSONS (ID_PERSON, FIRST_NAME, LAST_NAME, EMAIL, SECOND_EMAIL, PASSWORD, INVITATION_CODE, MOBILE, URL_PHOTO, ID_CITY, ID_LANGUAGE) values (346, 'Codi', 'Giacobini', 'cgiacobini9l@gizmodo.com', 'cgiacobini9l@slashdot.org', '3VWF17AT2FM966684', '76237-275', '0289004179', 'http://dummyimage.com/110x174.png/ff4444/ffffff', 6, 1);
insert into PERSONS (ID_PERSON, FIRST_NAME, LAST_NAME, EMAIL, SECOND_EMAIL, PASSWORD, INVITATION_CODE, MOBILE, URL_PHOTO, ID_CITY, ID_LANGUAGE) values (347, 'Merv', 'Brownett', 'mbrownett9m@umn.edu', null, 'WAUMR44E07N072170', '0019-9068', '0113919859', 'http://dummyimage.com/163x216.jpg/dddddd/000000', 7, 2);
insert into PERSONS (ID_PERSON, FIRST_NAME, LAST_NAME, EMAIL, SECOND_EMAIL, PASSWORD, INVITATION_CODE, MOBILE, URL_PHOTO, ID_CITY, ID_LANGUAGE) values (348, 'Elisha', 'Prattin', 'eprattin9n@bbb.org', 'eprattin9n@hao123.com', '5FRYD3H68FB377329', '51285-441', '0857635298', 'http://dummyimage.com/152x196.jpg/5fa2dd/ffffff', 8, 3);
insert into PERSONS (ID_PERSON, FIRST_NAME, LAST_NAME, EMAIL, SECOND_EMAIL, PASSWORD, INVITATION_CODE, MOBILE, URL_PHOTO, ID_CITY, ID_LANGUAGE) values (349, 'Faunie', 'Franseco', 'ffranseco9o@nhs.uk', 'ffranseco9o@de.vu', 'SALAG2D40AA161090', '11673-571', '1665916753', 'http://dummyimage.com/212x151.png/5fa2dd/ffffff', 9, 4);
insert into PERSONS (ID_PERSON, FIRST_NAME, LAST_NAME, EMAIL, SECOND_EMAIL, PASSWORD, INVITATION_CODE, MOBILE, URL_PHOTO, ID_CITY, ID_LANGUAGE) values (350, 'Meghann', 'Wallbridge', 'mwallbridge9p@geocities.com', null, '1GYS3CKJ5FR699454', '24236-558', '9334920513', 'http://dummyimage.com/167x104.png/cc0000/ffffff', 10, 5);
insert into PERSONS (ID_PERSON, FIRST_NAME, LAST_NAME, EMAIL, SECOND_EMAIL, PASSWORD, INVITATION_CODE, MOBILE, URL_PHOTO, ID_CITY, ID_LANGUAGE) values (351, 'Illa', 'Jinkins', 'ijinkins9q@cocolog-nifty.com', 'ijinkins9q@parallels.com', '5YMGZ0C50DL552587', '21695-358', '2054424528', 'http://dummyimage.com/233x239.png/cc0000/ffffff', 11, 1);
insert into PERSONS (ID_PERSON, FIRST_NAME, LAST_NAME, EMAIL, SECOND_EMAIL, PASSWORD, INVITATION_CODE, MOBILE, URL_PHOTO, ID_CITY, ID_LANGUAGE) values (352, 'Annabal', 'Mainson', 'amainson9r@sitemeter.com', null, 'WAUWFAFR6EA157289', '50810-2000', '2546647857', 'http://dummyimage.com/177x221.bmp/5fa2dd/ffffff', 12, 2);
insert into PERSONS (ID_PERSON, FIRST_NAME, LAST_NAME, EMAIL, SECOND_EMAIL, PASSWORD, INVITATION_CODE, MOBILE, URL_PHOTO, ID_CITY, ID_LANGUAGE) values (353, 'Joelly', 'Howel', 'jhowel9s@1688.com', 'jhowel9s@opensource.org', 'KMHFG4JG8CA829174', '49349-675', '8009807125', 'http://dummyimage.com/196x122.bmp/5fa2dd/ffffff', 13, 3);
insert into PERSONS (ID_PERSON, FIRST_NAME, LAST_NAME, EMAIL, SECOND_EMAIL, PASSWORD, INVITATION_CODE, MOBILE, URL_PHOTO, ID_CITY, ID_LANGUAGE) values (354, 'Ag', 'Stoeck', 'astoeck9t@purevolume.com', null, 'WDDNG7BB8BA739032', '49349-675', '9436737939', 'http://dummyimage.com/240x160.bmp/dddddd/000000', 14, 4);
insert into PERSONS (ID_PERSON, FIRST_NAME, LAST_NAME, EMAIL, SECOND_EMAIL, PASSWORD, INVITATION_CODE, MOBILE, URL_PHOTO, ID_CITY, ID_LANGUAGE) values (355, 'Rebekah', 'Skitch', 'rskitch9u@abc.net.au', 'rskitch9u@t-online.de', 'WAUXL58E85A479477', '41163-620', '6327209173', 'http://dummyimage.com/196x212.jpg/cc0000/ffffff', 15, 5);
insert into PERSONS (ID_PERSON, FIRST_NAME, LAST_NAME, EMAIL, SECOND_EMAIL, PASSWORD, INVITATION_CODE, MOBILE, URL_PHOTO, ID_CITY, ID_LANGUAGE) values (356, 'Giorgia', 'Wybrow', 'gwybrow9v@sfgate.com', 'gwybrow9v@walmart.com', 'WVGDP9BP0ED109937', '68788-9117', '6253997149', 'http://dummyimage.com/171x154.jpg/ff4444/ffffff', 16, 1);
insert into PERSONS (ID_PERSON, FIRST_NAME, LAST_NAME, EMAIL, SECOND_EMAIL, PASSWORD, INVITATION_CODE, MOBILE, URL_PHOTO, ID_CITY, ID_LANGUAGE) values (357, 'David', 'Winridge', 'dwinridge9w@mayoclinic.com', 'dwinridge9w@surveymonkey.com', 'WP0AA2A95ES279449', '49349-554', '9726594871', 'http://dummyimage.com/134x230.png/cc0000/ffffff', 17, 2);
insert into PERSONS (ID_PERSON, FIRST_NAME, LAST_NAME, EMAIL, SECOND_EMAIL, PASSWORD, INVITATION_CODE, MOBILE, URL_PHOTO, ID_CITY, ID_LANGUAGE) values (358, 'Honey', 'Daunter', 'hdaunter9x@kickstarter.com', 'hdaunter9x@goo.ne.jp', 'WAUFFAFL6FA556295', '37000-329', '3673568507', 'http://dummyimage.com/177x130.jpg/ff4444/ffffff', 18, 3);
insert into PERSONS (ID_PERSON, FIRST_NAME, LAST_NAME, EMAIL, SECOND_EMAIL, PASSWORD, INVITATION_CODE, MOBILE, URL_PHOTO, ID_CITY, ID_LANGUAGE) values (359, 'Felike', 'Akenhead', 'fakenhead9y@economist.com', 'fakenhead9y@wp.com', '2C3CDZBG1FH198743', '0135-0435', '4647263363', 'http://dummyimage.com/110x202.png/cc0000/ffffff', 19, 4);
insert into PERSONS (ID_PERSON, FIRST_NAME, LAST_NAME, EMAIL, SECOND_EMAIL, PASSWORD, INVITATION_CODE, MOBILE, URL_PHOTO, ID_CITY, ID_LANGUAGE) values (360, 'Albertina', 'Bellhouse', 'abellhouse9z@cisco.com', null, '3N1BC1AP4BL970346', '49349-434', '3363323972', 'http://dummyimage.com/236x111.jpg/cc0000/ffffff', 20, 5);
insert into PERSONS (ID_PERSON, FIRST_NAME, LAST_NAME, EMAIL, SECOND_EMAIL, PASSWORD, INVITATION_CODE, MOBILE, URL_PHOTO, ID_CITY, ID_LANGUAGE) values (361, 'Peri', 'Mayell', 'pmayella0@de.vu', 'pmayella0@xrea.com', '1N6AA0CJ9EN736688', '0093-5214', '7423514942', 'http://dummyimage.com/209x223.png/5fa2dd/ffffff', 1, 1);
insert into PERSONS (ID_PERSON, FIRST_NAME, LAST_NAME, EMAIL, SECOND_EMAIL, PASSWORD, INVITATION_CODE, MOBILE, URL_PHOTO, ID_CITY, ID_LANGUAGE) values (362, 'Aurthur', 'Ducker', 'aduckera1@hubpages.com', 'aduckera1@t-online.de', '5FRYD3H95GB864984', '36987-2719', '8646432416', 'http://dummyimage.com/184x188.png/dddddd/000000', 2, 2);
insert into PERSONS (ID_PERSON, FIRST_NAME, LAST_NAME, EMAIL, SECOND_EMAIL, PASSWORD, INVITATION_CODE, MOBILE, URL_PHOTO, ID_CITY, ID_LANGUAGE) values (363, 'Allie', 'Maddie', 'amaddiea2@tumblr.com', 'amaddiea2@1688.com', '1D4PU5GK8BW192407', '65862-638', '5753450415', 'http://dummyimage.com/104x122.jpg/cc0000/ffffff', 3, 3);
insert into PERSONS (ID_PERSON, FIRST_NAME, LAST_NAME, EMAIL, SECOND_EMAIL, PASSWORD, INVITATION_CODE, MOBILE, URL_PHOTO, ID_CITY, ID_LANGUAGE) values (364, 'Boote', 'Hughland', 'bhughlanda3@cmu.edu', null, '5N1AZ2MG9FN343538', '0168-0357', '4260767593', 'http://dummyimage.com/140x122.png/ff4444/ffffff', 4, 4);
insert into PERSONS (ID_PERSON, FIRST_NAME, LAST_NAME, EMAIL, SECOND_EMAIL, PASSWORD, INVITATION_CODE, MOBILE, URL_PHOTO, ID_CITY, ID_LANGUAGE) values (365, 'Gar', 'Froment', 'gfromenta4@symantec.com', null, '1FTEX1C84AF227521', '48951-1090', '9473440944', 'http://dummyimage.com/158x244.png/5fa2dd/ffffff', 5, 5);
insert into PERSONS (ID_PERSON, FIRST_NAME, LAST_NAME, EMAIL, SECOND_EMAIL, PASSWORD, INVITATION_CODE, MOBILE, URL_PHOTO, ID_CITY, ID_LANGUAGE) values (366, 'Christopher', 'Juett', 'cjuetta5@baidu.com', null, '1D4PU5GK0AW089271', '49884-270', '5304690958', 'http://dummyimage.com/157x214.png/ff4444/ffffff', 6, 1);
insert into PERSONS (ID_PERSON, FIRST_NAME, LAST_NAME, EMAIL, SECOND_EMAIL, PASSWORD, INVITATION_CODE, MOBILE, URL_PHOTO, ID_CITY, ID_LANGUAGE) values (367, 'Tawsha', 'Spinke', 'tspinkea6@unicef.org', 'tspinkea6@purevolume.com', '1GYS4HEF3BR764457', '68016-403', '8066235399', 'http://dummyimage.com/114x193.jpg/ff4444/ffffff', 7, 2);
insert into PERSONS (ID_PERSON, FIRST_NAME, LAST_NAME, EMAIL, SECOND_EMAIL, PASSWORD, INVITATION_CODE, MOBILE, URL_PHOTO, ID_CITY, ID_LANGUAGE) values (368, 'Orelie', 'Boshier', 'oboshiera7@networksolutions.com', 'oboshiera7@examiner.com', '1C4NJCBA7DD180764', '41250-099', '9714552613', 'http://dummyimage.com/122x233.jpg/cc0000/ffffff', 8, 3);
insert into PERSONS (ID_PERSON, FIRST_NAME, LAST_NAME, EMAIL, SECOND_EMAIL, PASSWORD, INVITATION_CODE, MOBILE, URL_PHOTO, ID_CITY, ID_LANGUAGE) values (369, 'Kristian', 'Billett', 'kbilletta8@deviantart.com', 'kbilletta8@yahoo.com', '2G4WD582061958114', '51630-001', '4917811805', 'http://dummyimage.com/213x229.bmp/dddddd/000000', 9, 4);
insert into PERSONS (ID_PERSON, FIRST_NAME, LAST_NAME, EMAIL, SECOND_EMAIL, PASSWORD, INVITATION_CODE, MOBILE, URL_PHOTO, ID_CITY, ID_LANGUAGE) values (370, 'Mischa', 'Varndall', 'mvarndalla9@live.com', 'mvarndalla9@fda.gov', '2T3BFREVXEW032862', '46708-093', '3900200335', 'http://dummyimage.com/130x213.png/ff4444/ffffff', 10, 5);
insert into PERSONS (ID_PERSON, FIRST_NAME, LAST_NAME, EMAIL, SECOND_EMAIL, PASSWORD, INVITATION_CODE, MOBILE, URL_PHOTO, ID_CITY, ID_LANGUAGE) values (371, 'Emlyn', 'Gallally', 'egallallyaa@yahoo.com', 'egallallyaa@smugmug.com', 'WAUDG94F95N003910', '16729-150', '3428459938', 'http://dummyimage.com/217x245.jpg/dddddd/000000', 11, 1);
insert into PERSONS (ID_PERSON, FIRST_NAME, LAST_NAME, EMAIL, SECOND_EMAIL, PASSWORD, INVITATION_CODE, MOBILE, URL_PHOTO, ID_CITY, ID_LANGUAGE) values (372, 'Corrinne', 'Galloway', 'cgallowayab@paginegialle.it', null, '3GYT4NEF8CG302643', '13734-013', '0050714767', 'http://dummyimage.com/188x189.png/cc0000/ffffff', 12, 2);
insert into PERSONS (ID_PERSON, FIRST_NAME, LAST_NAME, EMAIL, SECOND_EMAIL, PASSWORD, INVITATION_CODE, MOBILE, URL_PHOTO, ID_CITY, ID_LANGUAGE) values (373, 'Tucky', 'Scowcroft', 'tscowcroftac@surveymonkey.com', 'tscowcroftac@pbs.org', '4F2CY0C76AK668907', '0054-4219', '1226863965', 'http://dummyimage.com/230x163.png/ff4444/ffffff', 13, 3);
insert into PERSONS (ID_PERSON, FIRST_NAME, LAST_NAME, EMAIL, SECOND_EMAIL, PASSWORD, INVITATION_CODE, MOBILE, URL_PHOTO, ID_CITY, ID_LANGUAGE) values (374, 'Marleah', 'Sailor', 'msailorad@opensource.org', 'msailorad@wordpress.org', 'WAUDL74F96N643309', '0220-9067', '8306572769', 'http://dummyimage.com/192x246.jpg/5fa2dd/ffffff', 14, 4);
insert into PERSONS (ID_PERSON, FIRST_NAME, LAST_NAME, EMAIL, SECOND_EMAIL, PASSWORD, INVITATION_CODE, MOBILE, URL_PHOTO, ID_CITY, ID_LANGUAGE) values (375, 'Ainsley', 'Sheward', 'ashewardae@ovh.net', 'ashewardae@ebay.com', '1GYFK66868R719016', '49999-834', '7890243758', 'http://dummyimage.com/223x197.bmp/ff4444/ffffff', 15, 5);
insert into PERSONS (ID_PERSON, FIRST_NAME, LAST_NAME, EMAIL, SECOND_EMAIL, PASSWORD, INVITATION_CODE, MOBILE, URL_PHOTO, ID_CITY, ID_LANGUAGE) values (376, 'Valenka', 'Hirtzmann', 'vhirtzmannaf@house.gov', 'vhirtzmannaf@smh.com.au', '5N1AN0NU0CC606558', '11086-022', '3331246123', 'http://dummyimage.com/138x223.jpg/5fa2dd/ffffff', 16, 1);
insert into PERSONS (ID_PERSON, FIRST_NAME, LAST_NAME, EMAIL, SECOND_EMAIL, PASSWORD, INVITATION_CODE, MOBILE, URL_PHOTO, ID_CITY, ID_LANGUAGE) values (377, 'Roselia', 'Ney', 'rneyag@admin.ch', null, '1G4HH5E98AU190281', '0003-2187', '4950590731', 'http://dummyimage.com/214x126.jpg/dddddd/000000', 17, 2);
insert into PERSONS (ID_PERSON, FIRST_NAME, LAST_NAME, EMAIL, SECOND_EMAIL, PASSWORD, INVITATION_CODE, MOBILE, URL_PHOTO, ID_CITY, ID_LANGUAGE) values (378, 'Zebadiah', 'Bosquet', 'zbosquetah@e-recht24.de', null, '1D7CE5GK4AS054965', '36987-2684', '0344273555', 'http://dummyimage.com/134x248.png/ff4444/ffffff', 18, 3);
insert into PERSONS (ID_PERSON, FIRST_NAME, LAST_NAME, EMAIL, SECOND_EMAIL, PASSWORD, INVITATION_CODE, MOBILE, URL_PHOTO, ID_CITY, ID_LANGUAGE) values (379, 'Nicolais', 'Pilling', 'npillingai@360.cn', 'npillingai@umn.edu', 'WVWAP7AN0EE601583', '10812-503', '3911838816', 'http://dummyimage.com/210x104.bmp/5fa2dd/ffffff', 19, 4);
insert into PERSONS (ID_PERSON, FIRST_NAME, LAST_NAME, EMAIL, SECOND_EMAIL, PASSWORD, INVITATION_CODE, MOBILE, URL_PHOTO, ID_CITY, ID_LANGUAGE) values (380, 'Melony', 'Calken', 'mcalkenaj@newsvine.com', null, '2T2BK1BA9FC924008', '65044-6585', '0030101794', 'http://dummyimage.com/108x165.jpg/5fa2dd/ffffff', 20, 5);
insert into PERSONS (ID_PERSON, FIRST_NAME, LAST_NAME, EMAIL, SECOND_EMAIL, PASSWORD, INVITATION_CODE, MOBILE, URL_PHOTO, ID_CITY, ID_LANGUAGE) values (381, 'Erin', 'Bissill', 'ebissillak@businessinsider.com', 'ebissillak@alibaba.com', '1G6KF54932U699281', '15828-320', '5700214539', 'http://dummyimage.com/225x175.jpg/5fa2dd/ffffff', 1, 1);
insert into PERSONS (ID_PERSON, FIRST_NAME, LAST_NAME, EMAIL, SECOND_EMAIL, PASSWORD, INVITATION_CODE, MOBILE, URL_PHOTO, ID_CITY, ID_LANGUAGE) values (382, 'Gertruda', 'Lavarack', 'glavarackal@europa.eu', 'glavarackal@liveinternet.ru', 'JHMFA3F21BS077404', '55154-1909', '8930155235', 'http://dummyimage.com/185x208.png/ff4444/ffffff', 2, 2);
insert into PERSONS (ID_PERSON, FIRST_NAME, LAST_NAME, EMAIL, SECOND_EMAIL, PASSWORD, INVITATION_CODE, MOBILE, URL_PHOTO, ID_CITY, ID_LANGUAGE) values (383, 'Freddi', 'Baton', 'fbatonam@yandex.ru', null, '3C4PDCDG5DT082425', '48951-3109', '6355354077', 'http://dummyimage.com/248x152.png/dddddd/000000', 3, 3);
insert into PERSONS (ID_PERSON, FIRST_NAME, LAST_NAME, EMAIL, SECOND_EMAIL, PASSWORD, INVITATION_CODE, MOBILE, URL_PHOTO, ID_CITY, ID_LANGUAGE) values (384, 'Drucill', 'Everard', 'deverardan@dailymotion.com', 'deverardan@nature.com', '5NPDH4AE8BH051229', '60429-289', '5027714971', 'http://dummyimage.com/175x119.jpg/dddddd/000000', 4, 4);
insert into PERSONS (ID_PERSON, FIRST_NAME, LAST_NAME, EMAIL, SECOND_EMAIL, PASSWORD, INVITATION_CODE, MOBILE, URL_PHOTO, ID_CITY, ID_LANGUAGE) values (385, 'Kalle', 'Bulbeck', 'kbulbeckao@dedecms.com', 'kbulbeckao@newsvine.com', 'JN8AE2KP9B9483244', '57520-0243', '5035997898', 'http://dummyimage.com/135x212.bmp/dddddd/000000', 5, 5);
insert into PERSONS (ID_PERSON, FIRST_NAME, LAST_NAME, EMAIL, SECOND_EMAIL, PASSWORD, INVITATION_CODE, MOBILE, URL_PHOTO, ID_CITY, ID_LANGUAGE) values (386, 'Marji', 'McLinden', 'mmclindenap@google.com.hk', null, '1G6KD54Y03U649162', '54868-4146', '3324118123', 'http://dummyimage.com/118x159.jpg/ff4444/ffffff', 6, 1);
insert into PERSONS (ID_PERSON, FIRST_NAME, LAST_NAME, EMAIL, SECOND_EMAIL, PASSWORD, INVITATION_CODE, MOBILE, URL_PHOTO, ID_CITY, ID_LANGUAGE) values (387, 'Martyn', 'Botcherby', 'mbotcherbyaq@unc.edu', null, '1G6DE8E56C0945323', '61657-1027', '1057231975', 'http://dummyimage.com/116x126.bmp/dddddd/000000', 7, 2);
insert into PERSONS (ID_PERSON, FIRST_NAME, LAST_NAME, EMAIL, SECOND_EMAIL, PASSWORD, INVITATION_CODE, MOBILE, URL_PHOTO, ID_CITY, ID_LANGUAGE) values (388, 'Manon', 'Tilling', 'mtillingar@list-manage.com', 'mtillingar@dyndns.org', 'WBA3V7C54EJ945739', '55312-167', '9499014675', 'http://dummyimage.com/221x115.jpg/cc0000/ffffff', 8, 3);
insert into PERSONS (ID_PERSON, FIRST_NAME, LAST_NAME, EMAIL, SECOND_EMAIL, PASSWORD, INVITATION_CODE, MOBILE, URL_PHOTO, ID_CITY, ID_LANGUAGE) values (389, 'Buiron', 'Glacken', 'bglackenas@ox.ac.uk', 'bglackenas@wikia.com', 'WBAVB735X7K650708', '54643-5646', '9991770763', 'http://dummyimage.com/206x140.bmp/cc0000/ffffff', 9, 4);
insert into PERSONS (ID_PERSON, FIRST_NAME, LAST_NAME, EMAIL, SECOND_EMAIL, PASSWORD, INVITATION_CODE, MOBILE, URL_PHOTO, ID_CITY, ID_LANGUAGE) values (390, 'Dania', 'Chapelle', 'dchapelleat@mashable.com', null, '2G4WS52J411251709', '0093-2068', '2443639924', 'http://dummyimage.com/152x247.jpg/cc0000/ffffff', 10, 5);
insert into PERSONS (ID_PERSON, FIRST_NAME, LAST_NAME, EMAIL, SECOND_EMAIL, PASSWORD, INVITATION_CODE, MOBILE, URL_PHOTO, ID_CITY, ID_LANGUAGE) values (391, 'Rosemonde', 'Castri', 'rcastriau@theatlantic.com', null, 'KNADN5A38F6533869', '0641-0493', '4324217602', 'http://dummyimage.com/181x159.bmp/cc0000/ffffff', 11, 1);
insert into PERSONS (ID_PERSON, FIRST_NAME, LAST_NAME, EMAIL, SECOND_EMAIL, PASSWORD, INVITATION_CODE, MOBILE, URL_PHOTO, ID_CITY, ID_LANGUAGE) values (392, 'Phil', 'Bedboro', 'pbedboroav@noaa.gov', null, '1G6AE5SX6D0671615', '52125-564', '1610575172', 'http://dummyimage.com/191x141.png/ff4444/ffffff', 12, 2);
insert into PERSONS (ID_PERSON, FIRST_NAME, LAST_NAME, EMAIL, SECOND_EMAIL, PASSWORD, INVITATION_CODE, MOBILE, URL_PHOTO, ID_CITY, ID_LANGUAGE) values (393, 'Guilbert', 'Vicar', 'gvicaraw@sina.com.cn', 'gvicaraw@issuu.com', '5TDBK3EHXAS602633', '45865-347', '5593699879', 'http://dummyimage.com/147x164.png/dddddd/000000', 13, 3);
insert into PERSONS (ID_PERSON, FIRST_NAME, LAST_NAME, EMAIL, SECOND_EMAIL, PASSWORD, INVITATION_CODE, MOBILE, URL_PHOTO, ID_CITY, ID_LANGUAGE) values (394, 'Derry', 'Scading', 'dscadingax@skype.com', 'dscadingax@harvard.edu', 'WAUHE78PX9A146747', '68308-269', '7232140614', 'http://dummyimage.com/174x197.bmp/ff4444/ffffff', 14, 4);
insert into PERSONS (ID_PERSON, FIRST_NAME, LAST_NAME, EMAIL, SECOND_EMAIL, PASSWORD, INVITATION_CODE, MOBILE, URL_PHOTO, ID_CITY, ID_LANGUAGE) values (395, 'Emilia', 'Jarry', 'ejarryay@gmpg.org', 'ejarryay@dyndns.org', 'WAUWG74F39N574814', '22700-146', '6341156898', 'http://dummyimage.com/191x232.jpg/cc0000/ffffff', 15, 5);
insert into PERSONS (ID_PERSON, FIRST_NAME, LAST_NAME, EMAIL, SECOND_EMAIL, PASSWORD, INVITATION_CODE, MOBILE, URL_PHOTO, ID_CITY, ID_LANGUAGE) values (396, 'Chaddie', 'Hawler', 'chawleraz@dmoz.org', 'chawleraz@cnet.com', '2C3CA9CT7AH136552', '37000-395', '1174109165', 'http://dummyimage.com/113x139.png/cc0000/ffffff', 16, 1);
insert into PERSONS (ID_PERSON, FIRST_NAME, LAST_NAME, EMAIL, SECOND_EMAIL, PASSWORD, INVITATION_CODE, MOBILE, URL_PHOTO, ID_CITY, ID_LANGUAGE) values (397, 'Pepillo', 'O'' Liddy', 'poliddyb0@seesaa.net', null, 'WAUZL54B91N921089', '0942-9398', '8804127562', 'http://dummyimage.com/187x180.png/ff4444/ffffff', 17, 2);
insert into PERSONS (ID_PERSON, FIRST_NAME, LAST_NAME, EMAIL, SECOND_EMAIL, PASSWORD, INVITATION_CODE, MOBILE, URL_PHOTO, ID_CITY, ID_LANGUAGE) values (398, 'Marjory', 'Warrilow', 'mwarrilowb1@merriam-webster.com', 'mwarrilowb1@woothemes.com', 'JM3TB2BV0E0637478', '48433-309', '7241903129', 'http://dummyimage.com/250x184.bmp/ff4444/ffffff', 18, 3);
insert into PERSONS (ID_PERSON, FIRST_NAME, LAST_NAME, EMAIL, SECOND_EMAIL, PASSWORD, INVITATION_CODE, MOBILE, URL_PHOTO, ID_CITY, ID_LANGUAGE) values (399, 'Elvira', 'Puckett', 'epuckettb2@weibo.com', 'epuckettb2@state.gov', '2GKALMEK8D6957863', '63629-4146', '9345452273', 'http://dummyimage.com/230x182.png/5fa2dd/ffffff', 19, 4);
insert into PERSONS (ID_PERSON, FIRST_NAME, LAST_NAME, EMAIL, SECOND_EMAIL, PASSWORD, INVITATION_CODE, MOBILE, URL_PHOTO, ID_CITY, ID_LANGUAGE) values (400, 'Demeter', 'Fittis', 'dfittisb3@guardian.co.uk', null, 'WBANB33515C410107', '0555-0484', '2680911997', 'http://dummyimage.com/146x147.jpg/dddddd/000000', 20, 5);
insert into PERSONS (ID_PERSON, FIRST_NAME, LAST_NAME, EMAIL, SECOND_EMAIL, PASSWORD, INVITATION_CODE, MOBILE, URL_PHOTO, ID_CITY, ID_LANGUAGE) values (401, 'Donnell', 'Sawfoot', 'dsawfootb4@cloudflare.com', 'dsawfootb4@ow.ly', '3VWJP7ATXCM947711', '51655-439', '9404309311', 'http://dummyimage.com/217x116.bmp/dddddd/000000', 1, 1);
insert into PERSONS (ID_PERSON, FIRST_NAME, LAST_NAME, EMAIL, SECOND_EMAIL, PASSWORD, INVITATION_CODE, MOBILE, URL_PHOTO, ID_CITY, ID_LANGUAGE) values (402, 'Marcelle', 'Caudrey', 'mcaudreyb5@trellian.com', 'mcaudreyb5@rambler.ru', 'WBAEP33494P079292', '42507-557', '4218767688', 'http://dummyimage.com/135x163.bmp/dddddd/000000', 2, 2);
insert into PERSONS (ID_PERSON, FIRST_NAME, LAST_NAME, EMAIL, SECOND_EMAIL, PASSWORD, INVITATION_CODE, MOBILE, URL_PHOTO, ID_CITY, ID_LANGUAGE) values (403, 'Vanna', 'Fullerlove', 'vfullerloveb6@psu.edu', 'vfullerloveb6@hatena.ne.jp', '1B3CB3HA1AD686714', '53808-0354', '3776650877', 'http://dummyimage.com/238x189.bmp/cc0000/ffffff', 3, 3);
insert into PERSONS (ID_PERSON, FIRST_NAME, LAST_NAME, EMAIL, SECOND_EMAIL, PASSWORD, INVITATION_CODE, MOBILE, URL_PHOTO, ID_CITY, ID_LANGUAGE) values (404, 'Alberta', 'Perico', 'apericob7@people.com.cn', 'apericob7@360.cn', '1GYEE23A190163156', '59078-047', '9992520388', 'http://dummyimage.com/154x176.jpg/dddddd/000000', 4, 4);
insert into PERSONS (ID_PERSON, FIRST_NAME, LAST_NAME, EMAIL, SECOND_EMAIL, PASSWORD, INVITATION_CODE, MOBILE, URL_PHOTO, ID_CITY, ID_LANGUAGE) values (405, 'Kira', 'Charsley', 'kcharsleyb8@blinklist.com', null, 'JTHBL5EF1B5598405', '0179-0150', '1039439497', 'http://dummyimage.com/242x236.bmp/5fa2dd/ffffff', 5, 5);
insert into PERSONS (ID_PERSON, FIRST_NAME, LAST_NAME, EMAIL, SECOND_EMAIL, PASSWORD, INVITATION_CODE, MOBILE, URL_PHOTO, ID_CITY, ID_LANGUAGE) values (406, 'Culley', 'Beynon', 'cbeynonb9@wikispaces.com', 'cbeynonb9@icio.us', 'WAUDH78E56A286897', '58414-3509', '6093518337', 'http://dummyimage.com/115x236.jpg/dddddd/000000', 6, 1);
insert into PERSONS (ID_PERSON, FIRST_NAME, LAST_NAME, EMAIL, SECOND_EMAIL, PASSWORD, INVITATION_CODE, MOBILE, URL_PHOTO, ID_CITY, ID_LANGUAGE) values (407, 'Brittni', 'Fitzsymonds', 'bfitzsymondsba@webnode.com', 'bfitzsymondsba@vimeo.com', '5TDBK3EH4DS396343', '53808-0787', '5362574310', 'http://dummyimage.com/175x141.jpg/cc0000/ffffff', 7, 2);
insert into PERSONS (ID_PERSON, FIRST_NAME, LAST_NAME, EMAIL, SECOND_EMAIL, PASSWORD, INVITATION_CODE, MOBILE, URL_PHOTO, ID_CITY, ID_LANGUAGE) values (408, 'Gallard', 'Abeau', 'gabeaubb@vinaora.com', 'gabeaubb@nytimes.com', '1HGCR6F36FA069710', '59115-044', '6803326667', 'http://dummyimage.com/241x179.png/dddddd/000000', 8, 3);
insert into PERSONS (ID_PERSON, FIRST_NAME, LAST_NAME, EMAIL, SECOND_EMAIL, PASSWORD, INVITATION_CODE, MOBILE, URL_PHOTO, ID_CITY, ID_LANGUAGE) values (409, 'Rudolf', 'Grouer', 'rgrouerbc@hao123.com', 'rgrouerbc@answers.com', 'JH4KB2F69CC206686', '21695-982', '6306607285', 'http://dummyimage.com/116x245.jpg/ff4444/ffffff', 9, 4);
insert into PERSONS (ID_PERSON, FIRST_NAME, LAST_NAME, EMAIL, SECOND_EMAIL, PASSWORD, INVITATION_CODE, MOBILE, URL_PHOTO, ID_CITY, ID_LANGUAGE) values (410, 'Silvanus', 'Depper', 'sdepperbd@state.tx.us', null, '1G6AL5SX1D0547743', '53489-160', '8362042052', 'http://dummyimage.com/169x217.bmp/cc0000/ffffff', 10, 5);
insert into PERSONS (ID_PERSON, FIRST_NAME, LAST_NAME, EMAIL, SECOND_EMAIL, PASSWORD, INVITATION_CODE, MOBILE, URL_PHOTO, ID_CITY, ID_LANGUAGE) values (411, 'Biddy', 'Nesby', 'bnesbybe@noaa.gov', 'bnesbybe@mayoclinic.com', '1VWAH7A31DC260715', '10345-029', '9106888623', 'http://dummyimage.com/199x166.png/ff4444/ffffff', 11, 1);
insert into PERSONS (ID_PERSON, FIRST_NAME, LAST_NAME, EMAIL, SECOND_EMAIL, PASSWORD, INVITATION_CODE, MOBILE, URL_PHOTO, ID_CITY, ID_LANGUAGE) values (412, 'Paulina', 'Kenford', 'pkenfordbf@csmonitor.com', 'pkenfordbf@wufoo.com', 'SCBFH7ZA4FC335585', '54365-400', '6974164874', 'http://dummyimage.com/105x161.png/5fa2dd/ffffff', 12, 2);
insert into PERSONS (ID_PERSON, FIRST_NAME, LAST_NAME, EMAIL, SECOND_EMAIL, PASSWORD, INVITATION_CODE, MOBILE, URL_PHOTO, ID_CITY, ID_LANGUAGE) values (413, 'Joseph', 'McIlwraith', 'jmcilwraithbg@intel.com', 'jmcilwraithbg@wikimedia.org', 'JTHBW1GG5F2666587', '52125-480', '3870346507', 'http://dummyimage.com/230x133.png/cc0000/ffffff', 13, 3);
insert into PERSONS (ID_PERSON, FIRST_NAME, LAST_NAME, EMAIL, SECOND_EMAIL, PASSWORD, INVITATION_CODE, MOBILE, URL_PHOTO, ID_CITY, ID_LANGUAGE) values (414, 'Shellysheldon', 'Downie', 'sdowniebh@elegantthemes.com', 'sdowniebh@unesco.org', '1FTEX1CM6DK804705', '53014-582', '5576338189', 'http://dummyimage.com/126x214.png/cc0000/ffffff', 14, 4);
insert into PERSONS (ID_PERSON, FIRST_NAME, LAST_NAME, EMAIL, SECOND_EMAIL, PASSWORD, INVITATION_CODE, MOBILE, URL_PHOTO, ID_CITY, ID_LANGUAGE) values (415, 'Byran', 'O''Sullivan', 'bosullivanbi@barnesandnoble.com', null, '4A31K2DF0AE775330', '59762-2701', '5148458887', 'http://dummyimage.com/166x160.jpg/ff4444/ffffff', 15, 5);
insert into PERSONS (ID_PERSON, FIRST_NAME, LAST_NAME, EMAIL, SECOND_EMAIL, PASSWORD, INVITATION_CODE, MOBILE, URL_PHOTO, ID_CITY, ID_LANGUAGE) values (416, 'Malissa', 'Spriddle', 'mspriddlebj@google.com', 'mspriddlebj@de.vu', 'JM1BL1K30B1024759', '59779-067', '1861714203', 'http://dummyimage.com/181x103.png/ff4444/ffffff', 16, 1);
insert into PERSONS (ID_PERSON, FIRST_NAME, LAST_NAME, EMAIL, SECOND_EMAIL, PASSWORD, INVITATION_CODE, MOBILE, URL_PHOTO, ID_CITY, ID_LANGUAGE) values (417, 'Nolan', 'Turrell', 'nturrellbk@smh.com.au', null, 'WBAEN33495E559058', '61077-028', '3628402883', 'http://dummyimage.com/106x141.jpg/dddddd/000000', 17, 2);
insert into PERSONS (ID_PERSON, FIRST_NAME, LAST_NAME, EMAIL, SECOND_EMAIL, PASSWORD, INVITATION_CODE, MOBILE, URL_PHOTO, ID_CITY, ID_LANGUAGE) values (418, 'Aldis', 'Hedin', 'ahedinbl@so-net.ne.jp', null, 'WBA6A0C56FD736356', '55910-279', '8083961027', 'http://dummyimage.com/242x107.png/ff4444/ffffff', 18, 3);
insert into PERSONS (ID_PERSON, FIRST_NAME, LAST_NAME, EMAIL, SECOND_EMAIL, PASSWORD, INVITATION_CODE, MOBILE, URL_PHOTO, ID_CITY, ID_LANGUAGE) values (419, 'Pauletta', 'Feehely', 'pfeehelybm@fastcompany.com', null, '2T1BURHEXEC024918', '35356-981', '3963431776', 'http://dummyimage.com/134x210.jpg/5fa2dd/ffffff', 19, 4);
insert into PERSONS (ID_PERSON, FIRST_NAME, LAST_NAME, EMAIL, SECOND_EMAIL, PASSWORD, INVITATION_CODE, MOBILE, URL_PHOTO, ID_CITY, ID_LANGUAGE) values (420, 'Gene', 'Rizzi', 'grizzibn@comcast.net', null, 'KNDJT2A10A7111557', '0091-7429', '6011901549', 'http://dummyimage.com/205x140.png/cc0000/ffffff', 20, 5);
insert into PERSONS (ID_PERSON, FIRST_NAME, LAST_NAME, EMAIL, SECOND_EMAIL, PASSWORD, INVITATION_CODE, MOBILE, URL_PHOTO, ID_CITY, ID_LANGUAGE) values (421, 'Hyatt', 'Bineham', 'hbinehambo@networkadvertising.org', 'hbinehambo@gnu.org', '2G61L5S30F9943443', '62839-1101', '1981985867', 'http://dummyimage.com/117x165.bmp/dddddd/000000', 1, 1);
insert into PERSONS (ID_PERSON, FIRST_NAME, LAST_NAME, EMAIL, SECOND_EMAIL, PASSWORD, INVITATION_CODE, MOBILE, URL_PHOTO, ID_CITY, ID_LANGUAGE) values (422, 'Sheri', 'Morch', 'smorchbp@artisteer.com', 'smorchbp@webmd.com', 'JM1NC2EF0A0216244', '68462-563', '5238713754', 'http://dummyimage.com/151x169.png/cc0000/ffffff', 2, 2);
insert into PERSONS (ID_PERSON, FIRST_NAME, LAST_NAME, EMAIL, SECOND_EMAIL, PASSWORD, INVITATION_CODE, MOBILE, URL_PHOTO, ID_CITY, ID_LANGUAGE) values (423, 'Fidelia', 'Ferrieroi', 'fferrieroibq@sourceforge.net', null, 'JN1AZ4EH9EM249948', '49304-0007', '1294474219', 'http://dummyimage.com/232x158.png/5fa2dd/ffffff', 3, 3);
insert into PERSONS (ID_PERSON, FIRST_NAME, LAST_NAME, EMAIL, SECOND_EMAIL, PASSWORD, INVITATION_CODE, MOBILE, URL_PHOTO, ID_CITY, ID_LANGUAGE) values (424, 'Westley', 'Hiorn', 'whiornbr@sakura.ne.jp', 'whiornbr@altervista.org', '2C3CCADG7EH754506', '0268-0618', '0584158432', 'http://dummyimage.com/219x200.jpg/dddddd/000000', 4, 4);
insert into PERSONS (ID_PERSON, FIRST_NAME, LAST_NAME, EMAIL, SECOND_EMAIL, PASSWORD, INVITATION_CODE, MOBILE, URL_PHOTO, ID_CITY, ID_LANGUAGE) values (425, 'Sampson', 'Adin', 'sadinbs@patch.com', null, '3G5DA03E73S737612', '0268-0966', '2205744593', 'http://dummyimage.com/206x142.jpg/ff4444/ffffff', 5, 5);
insert into PERSONS (ID_PERSON, FIRST_NAME, LAST_NAME, EMAIL, SECOND_EMAIL, PASSWORD, INVITATION_CODE, MOBILE, URL_PHOTO, ID_CITY, ID_LANGUAGE) values (426, 'Claudetta', 'Marc', 'cmarcbt@hibu.com', null, '3C63DRAL3CG815492', '50184-1030', '9704095112', 'http://dummyimage.com/142x250.jpg/cc0000/ffffff', 6, 1);
insert into PERSONS (ID_PERSON, FIRST_NAME, LAST_NAME, EMAIL, SECOND_EMAIL, PASSWORD, INVITATION_CODE, MOBILE, URL_PHOTO, ID_CITY, ID_LANGUAGE) values (427, 'Hastings', 'Seddon', 'hseddonbu@arstechnica.com', 'hseddonbu@wikia.com', '2HNYD285X7H651509', '54738-951', '0213692678', 'http://dummyimage.com/117x103.png/cc0000/ffffff', 7, 2);
insert into PERSONS (ID_PERSON, FIRST_NAME, LAST_NAME, EMAIL, SECOND_EMAIL, PASSWORD, INVITATION_CODE, MOBILE, URL_PHOTO, ID_CITY, ID_LANGUAGE) values (428, 'Rodger', 'Minichillo', 'rminichillobv@goodreads.com', 'rminichillobv@vinaora.com', 'WBAYB6C51DD226017', '0603-6160', '4729712005', 'http://dummyimage.com/115x151.bmp/5fa2dd/ffffff', 8, 3);
insert into PERSONS (ID_PERSON, FIRST_NAME, LAST_NAME, EMAIL, SECOND_EMAIL, PASSWORD, INVITATION_CODE, MOBILE, URL_PHOTO, ID_CITY, ID_LANGUAGE) values (429, 'Xena', 'Mercy', 'xmercybw@youtu.be', 'xmercybw@cam.ac.uk', 'WAUFEAFMXBA033674', '49589-101', '0852745281', 'http://dummyimage.com/201x201.bmp/dddddd/000000', 9, 4);
insert into PERSONS (ID_PERSON, FIRST_NAME, LAST_NAME, EMAIL, SECOND_EMAIL, PASSWORD, INVITATION_CODE, MOBILE, URL_PHOTO, ID_CITY, ID_LANGUAGE) values (430, 'Danila', 'Gilliland', 'dgillilandbx@jugem.jp', 'dgillilandbx@marketwatch.com', 'WAUSF78K59N121741', '11401-6994', '0836176944', 'http://dummyimage.com/240x122.jpg/cc0000/ffffff', 10, 5);
insert into PERSONS (ID_PERSON, FIRST_NAME, LAST_NAME, EMAIL, SECOND_EMAIL, PASSWORD, INVITATION_CODE, MOBILE, URL_PHOTO, ID_CITY, ID_LANGUAGE) values (431, 'Cassaundra', 'Gunnell', 'cgunnellby@com.com', null, '3GYFNGE38ES294510', '52533-169', '3839204577', 'http://dummyimage.com/225x137.bmp/ff4444/ffffff', 11, 1);
insert into PERSONS (ID_PERSON, FIRST_NAME, LAST_NAME, EMAIL, SECOND_EMAIL, PASSWORD, INVITATION_CODE, MOBILE, URL_PHOTO, ID_CITY, ID_LANGUAGE) values (432, 'Nickey', 'MacGraith', 'nmacgraithbz@g.co', 'nmacgraithbz@techcrunch.com', 'WBSKG9C54CE223481', '63629-2942', '1675098875', 'http://dummyimage.com/152x208.png/ff4444/ffffff', 12, 2);
insert into PERSONS (ID_PERSON, FIRST_NAME, LAST_NAME, EMAIL, SECOND_EMAIL, PASSWORD, INVITATION_CODE, MOBILE, URL_PHOTO, ID_CITY, ID_LANGUAGE) values (433, 'Ettore', 'Tither', 'etitherc0@hhs.gov', null, 'WAUWGBFC4EN954244', '0496-0750', '5164146940', 'http://dummyimage.com/149x137.bmp/dddddd/000000', 13, 3);
insert into PERSONS (ID_PERSON, FIRST_NAME, LAST_NAME, EMAIL, SECOND_EMAIL, PASSWORD, INVITATION_CODE, MOBILE, URL_PHOTO, ID_CITY, ID_LANGUAGE) values (434, 'Corrie', 'Howlings', 'chowlingsc1@icq.com', null, 'JH4DC53873C714426', '59115-048', '2725354706', 'http://dummyimage.com/200x170.bmp/5fa2dd/ffffff', 14, 4);
insert into PERSONS (ID_PERSON, FIRST_NAME, LAST_NAME, EMAIL, SECOND_EMAIL, PASSWORD, INVITATION_CODE, MOBILE, URL_PHOTO, ID_CITY, ID_LANGUAGE) values (435, 'Davita', 'Spall', 'dspallc2@wikia.com', 'dspallc2@abc.net.au', 'WVWED7AJ6DW732971', '48951-7052', '7799592621', 'http://dummyimage.com/146x106.jpg/dddddd/000000', 15, 5);
insert into PERSONS (ID_PERSON, FIRST_NAME, LAST_NAME, EMAIL, SECOND_EMAIL, PASSWORD, INVITATION_CODE, MOBILE, URL_PHOTO, ID_CITY, ID_LANGUAGE) values (436, 'Cleveland', 'Nazareth', 'cnazarethc3@aol.com', null, '4T1BD1FK0CU618505', '49349-979', '7321772748', 'http://dummyimage.com/161x119.jpg/cc0000/ffffff', 16, 1);
insert into PERSONS (ID_PERSON, FIRST_NAME, LAST_NAME, EMAIL, SECOND_EMAIL, PASSWORD, INVITATION_CODE, MOBILE, URL_PHOTO, ID_CITY, ID_LANGUAGE) values (437, 'Thalia', 'Stanyforth', 'tstanyforthc4@simplemachines.org', 'tstanyforthc4@cocolog-nifty.com', 'WBAAV53431F082450', '42877-092', '6350116054', 'http://dummyimage.com/216x249.bmp/dddddd/000000', 17, 2);
insert into PERSONS (ID_PERSON, FIRST_NAME, LAST_NAME, EMAIL, SECOND_EMAIL, PASSWORD, INVITATION_CODE, MOBILE, URL_PHOTO, ID_CITY, ID_LANGUAGE) values (438, 'Rhea', 'de Copeman', 'rdecopemanc5@nifty.com', 'rdecopemanc5@home.pl', '1G4GE5EVXAF717033', '59762-0702', '8894247325', 'http://dummyimage.com/155x224.png/5fa2dd/ffffff', 18, 3);
insert into PERSONS (ID_PERSON, FIRST_NAME, LAST_NAME, EMAIL, SECOND_EMAIL, PASSWORD, INVITATION_CODE, MOBILE, URL_PHOTO, ID_CITY, ID_LANGUAGE) values (439, 'Colleen', 'Uebel', 'cuebelc6@privacy.gov.au', null, 'WBAPK5C52BA034285', '59779-082', '1876358610', 'http://dummyimage.com/129x234.bmp/cc0000/ffffff', 19, 4);
insert into PERSONS (ID_PERSON, FIRST_NAME, LAST_NAME, EMAIL, SECOND_EMAIL, PASSWORD, INVITATION_CODE, MOBILE, URL_PHOTO, ID_CITY, ID_LANGUAGE) values (440, 'Enriqueta', 'Duplock', 'eduplockc7@shutterfly.com', null, 'JN8AE2KP7B9840016', '62175-361', '2514153131', 'http://dummyimage.com/128x198.jpg/ff4444/ffffff', 20, 5);
insert into PERSONS (ID_PERSON, FIRST_NAME, LAST_NAME, EMAIL, SECOND_EMAIL, PASSWORD, INVITATION_CODE, MOBILE, URL_PHOTO, ID_CITY, ID_LANGUAGE) values (441, 'Sharona', 'Nickell', 'snickellc8@i2i.jp', 'snickellc8@hud.gov', 'WAUKGAFB5AN904057', '50580-536', '7666398387', 'http://dummyimage.com/172x172.jpg/cc0000/ffffff', 1, 1);
insert into PERSONS (ID_PERSON, FIRST_NAME, LAST_NAME, EMAIL, SECOND_EMAIL, PASSWORD, INVITATION_CODE, MOBILE, URL_PHOTO, ID_CITY, ID_LANGUAGE) values (442, 'Winthrop', 'Muggach', 'wmuggachc9@xinhuanet.com', null, '3VW1K7AJ5CM339950', '0093-7114', '2401547428', 'http://dummyimage.com/176x233.png/ff4444/ffffff', 2, 2);
insert into PERSONS (ID_PERSON, FIRST_NAME, LAST_NAME, EMAIL, SECOND_EMAIL, PASSWORD, INVITATION_CODE, MOBILE, URL_PHOTO, ID_CITY, ID_LANGUAGE) values (443, 'Nerissa', 'Haselhurst', 'nhaselhurstca@dagondesign.com', 'nhaselhurstca@gnu.org', '5N1AZ2MH6FN620154', '29500-9087', '7426516520', 'http://dummyimage.com/152x122.png/dddddd/000000', 3, 3);
insert into PERSONS (ID_PERSON, FIRST_NAME, LAST_NAME, EMAIL, SECOND_EMAIL, PASSWORD, INVITATION_CODE, MOBILE, URL_PHOTO, ID_CITY, ID_LANGUAGE) values (444, 'Tracy', 'Dorran', 'tdorrancb@si.edu', null, 'WAUBGAFC5CN275413', '68382-113', '8854590673', 'http://dummyimage.com/140x249.bmp/cc0000/ffffff', 4, 4);
insert into PERSONS (ID_PERSON, FIRST_NAME, LAST_NAME, EMAIL, SECOND_EMAIL, PASSWORD, INVITATION_CODE, MOBILE, URL_PHOTO, ID_CITY, ID_LANGUAGE) values (445, 'Merrily', 'Banton', 'mbantoncc@w3.org', null, 'SCFAD01A98G980851', '42283-004', '2315330149', 'http://dummyimage.com/245x214.png/ff4444/ffffff', 5, 5);
insert into PERSONS (ID_PERSON, FIRST_NAME, LAST_NAME, EMAIL, SECOND_EMAIL, PASSWORD, INVITATION_CODE, MOBILE, URL_PHOTO, ID_CITY, ID_LANGUAGE) values (446, 'Ware', 'Vannacci', 'wvannaccicd@amazon.co.jp', 'wvannaccicd@youku.com', '1N4AA5AP7BC460502', '53217-066', '8317840433', 'http://dummyimage.com/143x143.bmp/ff4444/ffffff', 6, 1);
insert into PERSONS (ID_PERSON, FIRST_NAME, LAST_NAME, EMAIL, SECOND_EMAIL, PASSWORD, INVITATION_CODE, MOBILE, URL_PHOTO, ID_CITY, ID_LANGUAGE) values (447, 'Bronny', 'Garman', 'bgarmance@umn.edu', 'bgarmance@google.co.jp', 'SCFEBBAK4DG608808', '0135-0547', '7016390918', 'http://dummyimage.com/175x108.bmp/dddddd/000000', 7, 2);
insert into PERSONS (ID_PERSON, FIRST_NAME, LAST_NAME, EMAIL, SECOND_EMAIL, PASSWORD, INVITATION_CODE, MOBILE, URL_PHOTO, ID_CITY, ID_LANGUAGE) values (448, 'Austin', 'Wrigley', 'awrigleycf@seattletimes.com', 'awrigleycf@yellowpages.com', '1N6AA0EKXFN807629', '68828-085', '6350505549', 'http://dummyimage.com/245x193.bmp/5fa2dd/ffffff', 8, 3);
insert into PERSONS (ID_PERSON, FIRST_NAME, LAST_NAME, EMAIL, SECOND_EMAIL, PASSWORD, INVITATION_CODE, MOBILE, URL_PHOTO, ID_CITY, ID_LANGUAGE) values (449, 'Odo', 'Astie', 'oastiecg@mit.edu', null, '3D7TT2HT2BG533552', '55154-9425', '2688936077', 'http://dummyimage.com/217x207.png/ff4444/ffffff', 9, 4);
insert into PERSONS (ID_PERSON, FIRST_NAME, LAST_NAME, EMAIL, SECOND_EMAIL, PASSWORD, INVITATION_CODE, MOBILE, URL_PHOTO, ID_CITY, ID_LANGUAGE) values (450, 'Jody', 'Fosken', 'jfoskench@businessinsider.com', 'jfoskench@deviantart.com', '2C3CCAKG6DH023762', '68479-200', '1886092338', 'http://dummyimage.com/223x201.bmp/5fa2dd/ffffff', 10, 5);
insert into PERSONS (ID_PERSON, FIRST_NAME, LAST_NAME, EMAIL, SECOND_EMAIL, PASSWORD, INVITATION_CODE, MOBILE, URL_PHOTO, ID_CITY, ID_LANGUAGE) values (451, 'Glynn', 'Laminman', 'glaminmanci@constantcontact.com', 'glaminmanci@scribd.com', '5FRYD3H44EB384484', '52554-1001', '1706161174', 'http://dummyimage.com/199x197.jpg/cc0000/ffffff', 11, 1);
insert into PERSONS (ID_PERSON, FIRST_NAME, LAST_NAME, EMAIL, SECOND_EMAIL, PASSWORD, INVITATION_CODE, MOBILE, URL_PHOTO, ID_CITY, ID_LANGUAGE) values (452, 'Patten', 'Prynne', 'pprynnecj@ft.com', null, '3GYFNEE35DS226457', '64058-613', '3643485514', 'http://dummyimage.com/165x149.jpg/cc0000/ffffff', 12, 2);
insert into PERSONS (ID_PERSON, FIRST_NAME, LAST_NAME, EMAIL, SECOND_EMAIL, PASSWORD, INVITATION_CODE, MOBILE, URL_PHOTO, ID_CITY, ID_LANGUAGE) values (453, 'Hamlin', 'Larcombe', 'hlarcombeck@soup.io', 'hlarcombeck@newsvine.com', 'SCFEBBAK5DG766302', '51079-565', '9621594499', 'http://dummyimage.com/247x224.bmp/5fa2dd/ffffff', 13, 3);
insert into PERSONS (ID_PERSON, FIRST_NAME, LAST_NAME, EMAIL, SECOND_EMAIL, PASSWORD, INVITATION_CODE, MOBILE, URL_PHOTO, ID_CITY, ID_LANGUAGE) values (454, 'Lind', 'Martijn', 'lmartijncl@networksolutions.com', 'lmartijncl@godaddy.com', 'JH4DC44691S233264', '63739-449', '5120584276', 'http://dummyimage.com/122x122.png/5fa2dd/ffffff', 14, 4);
insert into PERSONS (ID_PERSON, FIRST_NAME, LAST_NAME, EMAIL, SECOND_EMAIL, PASSWORD, INVITATION_CODE, MOBILE, URL_PHOTO, ID_CITY, ID_LANGUAGE) values (455, 'Sigmund', 'Ainsley', 'sainsleycm@google.com.hk', null, '5GAKVCKD0DJ403814', '0603-7663', '0176539409', 'http://dummyimage.com/220x122.png/5fa2dd/ffffff', 15, 5);
insert into PERSONS (ID_PERSON, FIRST_NAME, LAST_NAME, EMAIL, SECOND_EMAIL, PASSWORD, INVITATION_CODE, MOBILE, URL_PHOTO, ID_CITY, ID_LANGUAGE) values (456, 'Viv', 'Schinetti', 'vschinetticn@mediafire.com', 'vschinetticn@taobao.com', '1GD022CG1CZ994491', '52183-279', '4962640763', 'http://dummyimage.com/136x135.png/5fa2dd/ffffff', 16, 1);
insert into PERSONS (ID_PERSON, FIRST_NAME, LAST_NAME, EMAIL, SECOND_EMAIL, PASSWORD, INVITATION_CODE, MOBILE, URL_PHOTO, ID_CITY, ID_LANGUAGE) values (457, 'Laurice', 'Lepick', 'llepickco@netvibes.com', 'llepickco@photobucket.com', 'WAUPEBFM3CA436584', '0268-1177', '5238453159', 'http://dummyimage.com/209x194.png/ff4444/ffffff', 17, 2);
insert into PERSONS (ID_PERSON, FIRST_NAME, LAST_NAME, EMAIL, SECOND_EMAIL, PASSWORD, INVITATION_CODE, MOBILE, URL_PHOTO, ID_CITY, ID_LANGUAGE) values (458, 'Granthem', 'Friedman', 'gfriedmancp@hc360.com', 'gfriedmancp@live.com', '1N6BF0KXXFN870445', '36987-2086', '5337364383', 'http://dummyimage.com/204x174.bmp/cc0000/ffffff', 18, 3);
insert into PERSONS (ID_PERSON, FIRST_NAME, LAST_NAME, EMAIL, SECOND_EMAIL, PASSWORD, INVITATION_CODE, MOBILE, URL_PHOTO, ID_CITY, ID_LANGUAGE) values (459, 'Kin', 'Wildes', 'kwildescq@nydailynews.com', 'kwildescq@sogou.com', 'WVWGU7AN8CE662003', '50967-126', '3196538222', 'http://dummyimage.com/104x117.bmp/dddddd/000000', 19, 4);
insert into PERSONS (ID_PERSON, FIRST_NAME, LAST_NAME, EMAIL, SECOND_EMAIL, PASSWORD, INVITATION_CODE, MOBILE, URL_PHOTO, ID_CITY, ID_LANGUAGE) values (460, 'Costa', 'Klulicek', 'cklulicekcr@time.com', null, '4A31K3DT1CE648293', '0904-6234', '4051519902', 'http://dummyimage.com/122x126.bmp/cc0000/ffffff', 20, 5);
insert into PERSONS (ID_PERSON, FIRST_NAME, LAST_NAME, EMAIL, SECOND_EMAIL, PASSWORD, INVITATION_CODE, MOBILE, URL_PHOTO, ID_CITY, ID_LANGUAGE) values (461, 'Ivy', 'Jaye', 'ijayecs@prlog.org', null, '5N1AA0NC0BN181557', '12488-1800', '0003764826', 'http://dummyimage.com/175x110.png/dddddd/000000', 1, 1);
insert into PERSONS (ID_PERSON, FIRST_NAME, LAST_NAME, EMAIL, SECOND_EMAIL, PASSWORD, INVITATION_CODE, MOBILE, URL_PHOTO, ID_CITY, ID_LANGUAGE) values (462, 'Wynn', 'Schwandermann', 'wschwandermannct@tumblr.com', 'wschwandermannct@quantcast.com', '4T1BF3EK5AU505041', '55910-445', '0243841698', 'http://dummyimage.com/156x132.png/dddddd/000000', 2, 2);
insert into PERSONS (ID_PERSON, FIRST_NAME, LAST_NAME, EMAIL, SECOND_EMAIL, PASSWORD, INVITATION_CODE, MOBILE, URL_PHOTO, ID_CITY, ID_LANGUAGE) values (463, 'Flory', 'Backshall', 'fbackshallcu@phoca.cz', null, 'WBABD53484P348986', '60637-009', '4706251001', 'http://dummyimage.com/104x194.jpg/dddddd/000000', 3, 3);
insert into PERSONS (ID_PERSON, FIRST_NAME, LAST_NAME, EMAIL, SECOND_EMAIL, PASSWORD, INVITATION_CODE, MOBILE, URL_PHOTO, ID_CITY, ID_LANGUAGE) values (464, 'Jamaal', 'Peasby', 'jpeasbycv@elpais.com', null, '2G4GZ5GV8B9450809', '54868-1980', '4770487517', 'http://dummyimage.com/250x201.png/dddddd/000000', 4, 4);
insert into PERSONS (ID_PERSON, FIRST_NAME, LAST_NAME, EMAIL, SECOND_EMAIL, PASSWORD, INVITATION_CODE, MOBILE, URL_PHOTO, ID_CITY, ID_LANGUAGE) values (465, 'Vanessa', 'Teasdale-Markie', 'vteasdalemarkiecw@theguardian.com', 'vteasdalemarkiecw@t.co', '19UUB2F71FA781840', '16590-202', '6435537682', 'http://dummyimage.com/208x141.jpg/5fa2dd/ffffff', 5, 5);
insert into PERSONS (ID_PERSON, FIRST_NAME, LAST_NAME, EMAIL, SECOND_EMAIL, PASSWORD, INVITATION_CODE, MOBILE, URL_PHOTO, ID_CITY, ID_LANGUAGE) values (466, 'Fredric', 'Cicutto', 'fcicuttocx@tumblr.com', null, 'WAUGGAFC8CN458083', '61924-266', '4354605775', 'http://dummyimage.com/219x142.png/5fa2dd/ffffff', 6, 1);
insert into PERSONS (ID_PERSON, FIRST_NAME, LAST_NAME, EMAIL, SECOND_EMAIL, PASSWORD, INVITATION_CODE, MOBILE, URL_PHOTO, ID_CITY, ID_LANGUAGE) values (467, 'Willy', 'Brazer', 'wbrazercy@jugem.jp', null, 'WAUEF98E18A445729', '68462-465', '9005407182', 'http://dummyimage.com/185x246.jpg/cc0000/ffffff', 7, 2);
insert into PERSONS (ID_PERSON, FIRST_NAME, LAST_NAME, EMAIL, SECOND_EMAIL, PASSWORD, INVITATION_CODE, MOBILE, URL_PHOTO, ID_CITY, ID_LANGUAGE) values (468, 'Jo-ann', 'Fulham', 'jfulhamcz@fotki.com', 'jfulhamcz@ow.ly', '2D4RN3D17AR849226', '0093-5118', '5634511372', 'http://dummyimage.com/133x140.bmp/ff4444/ffffff', 8, 3);
insert into PERSONS (ID_PERSON, FIRST_NAME, LAST_NAME, EMAIL, SECOND_EMAIL, PASSWORD, INVITATION_CODE, MOBILE, URL_PHOTO, ID_CITY, ID_LANGUAGE) values (469, 'Jennie', 'Tinton', 'jtintond0@utexas.edu', 'jtintond0@wsj.com', 'WA1CFBFP5CA945773', '0641-6088', '9938863477', 'http://dummyimage.com/153x111.png/dddddd/000000', 9, 4);
insert into PERSONS (ID_PERSON, FIRST_NAME, LAST_NAME, EMAIL, SECOND_EMAIL, PASSWORD, INVITATION_CODE, MOBILE, URL_PHOTO, ID_CITY, ID_LANGUAGE) values (470, 'Mikol', 'Izhak', 'mizhakd1@java.com', 'mizhakd1@dedecms.com', '3GYFNDEY0AS828314', '49348-302', '4703883031', 'http://dummyimage.com/168x113.png/ff4444/ffffff', 10, 5);
insert into PERSONS (ID_PERSON, FIRST_NAME, LAST_NAME, EMAIL, SECOND_EMAIL, PASSWORD, INVITATION_CODE, MOBILE, URL_PHOTO, ID_CITY, ID_LANGUAGE) values (471, 'Irita', 'Jaques', 'ijaquesd2@plala.or.jp', null, '1G6KE54Y14U834853', '10812-107', '6026343539', 'http://dummyimage.com/158x149.bmp/dddddd/000000', 11, 1);
insert into PERSONS (ID_PERSON, FIRST_NAME, LAST_NAME, EMAIL, SECOND_EMAIL, PASSWORD, INVITATION_CODE, MOBILE, URL_PHOTO, ID_CITY, ID_LANGUAGE) values (472, 'Blake', 'Corlett', 'bcorlettd3@so-net.ne.jp', 'bcorlettd3@friendfeed.com', '1FTWX3D55AE399678', '0179-0034', '5420534657', 'http://dummyimage.com/110x144.jpg/5fa2dd/ffffff', 12, 2);
insert into PERSONS (ID_PERSON, FIRST_NAME, LAST_NAME, EMAIL, SECOND_EMAIL, PASSWORD, INVITATION_CODE, MOBILE, URL_PHOTO, ID_CITY, ID_LANGUAGE) values (473, 'Ailis', 'Zorn', 'azornd4@amazon.com', 'azornd4@wisc.edu', 'TRUDD38J991150576', '41595-5510', '3651790797', 'http://dummyimage.com/152x130.bmp/ff4444/ffffff', 13, 3);
insert into PERSONS (ID_PERSON, FIRST_NAME, LAST_NAME, EMAIL, SECOND_EMAIL, PASSWORD, INVITATION_CODE, MOBILE, URL_PHOTO, ID_CITY, ID_LANGUAGE) values (474, 'Halli', 'Partner', 'hpartnerd5@paginegialle.it', null, '2G4GV5EV4B9850865', '52685-426', '8600333989', 'http://dummyimage.com/224x148.jpg/dddddd/000000', 14, 4);
insert into PERSONS (ID_PERSON, FIRST_NAME, LAST_NAME, EMAIL, SECOND_EMAIL, PASSWORD, INVITATION_CODE, MOBILE, URL_PHOTO, ID_CITY, ID_LANGUAGE) values (475, 'Iorgos', 'Dugald', 'idugaldd6@amazon.de', 'idugaldd6@instagram.com', '2C3CDXFG8FH028345', '51830-054', '5924056368', 'http://dummyimage.com/208x112.png/cc0000/ffffff', 15, 5);
insert into PERSONS (ID_PERSON, FIRST_NAME, LAST_NAME, EMAIL, SECOND_EMAIL, PASSWORD, INVITATION_CODE, MOBILE, URL_PHOTO, ID_CITY, ID_LANGUAGE) values (476, 'Aviva', 'Lace', 'alaced7@prlog.org', 'alaced7@wordpress.org', '1FTEW1CM6EF907555', '34690-3001', '3320426567', 'http://dummyimage.com/167x129.jpg/dddddd/000000', 16, 1);
insert into PERSONS (ID_PERSON, FIRST_NAME, LAST_NAME, EMAIL, SECOND_EMAIL, PASSWORD, INVITATION_CODE, MOBILE, URL_PHOTO, ID_CITY, ID_LANGUAGE) values (477, 'Catina', 'Siaskowski', 'csiaskowskid8@jugem.jp', null, '1N6AD0CU3AC192406', '55150-155', '3622630353', 'http://dummyimage.com/242x122.bmp/dddddd/000000', 17, 2);
insert into PERSONS (ID_PERSON, FIRST_NAME, LAST_NAME, EMAIL, SECOND_EMAIL, PASSWORD, INVITATION_CODE, MOBILE, URL_PHOTO, ID_CITY, ID_LANGUAGE) values (478, 'Panchito', 'Beelby', 'pbeelbyd9@blogtalkradio.com', 'pbeelbyd9@dell.com', '3GYFNKE40AS822823', '46994-327', '6824533068', 'http://dummyimage.com/115x103.png/dddddd/000000', 18, 3);
insert into PERSONS (ID_PERSON, FIRST_NAME, LAST_NAME, EMAIL, SECOND_EMAIL, PASSWORD, INVITATION_CODE, MOBILE, URL_PHOTO, ID_CITY, ID_LANGUAGE) values (479, 'Shoshanna', 'Kop', 'skopda@umn.edu', 'skopda@buzzfeed.com', '1FMCU5K36AK943806', '65321-012', '6550540453', 'http://dummyimage.com/236x222.bmp/5fa2dd/ffffff', 19, 4);
insert into PERSONS (ID_PERSON, FIRST_NAME, LAST_NAME, EMAIL, SECOND_EMAIL, PASSWORD, INVITATION_CODE, MOBILE, URL_PHOTO, ID_CITY, ID_LANGUAGE) values (480, 'Enrique', 'Leftwich', 'eleftwichdb@google.com.au', 'eleftwichdb@w3.org', '3VW4T7AT3EM276328', '41250-256', '7390876980', 'http://dummyimage.com/210x249.png/ff4444/ffffff', 20, 5);
insert into PERSONS (ID_PERSON, FIRST_NAME, LAST_NAME, EMAIL, SECOND_EMAIL, PASSWORD, INVITATION_CODE, MOBILE, URL_PHOTO, ID_CITY, ID_LANGUAGE) values (481, 'Jeannette', 'Boffey', 'jboffeydc@goodreads.com', 'jboffeydc@dyndns.org', '1C4AJWAGXDL127195', '49575-003', '0078452953', 'http://dummyimage.com/183x132.png/ff4444/ffffff', 1, 1);
insert into PERSONS (ID_PERSON, FIRST_NAME, LAST_NAME, EMAIL, SECOND_EMAIL, PASSWORD, INVITATION_CODE, MOBILE, URL_PHOTO, ID_CITY, ID_LANGUAGE) values (482, 'Drucy', 'Pugh', 'dpughdd@mtv.com', 'dpughdd@microsoft.com', '2B3CA3CV9AH140257', '51141-0657', '5810827861', 'http://dummyimage.com/137x166.bmp/cc0000/ffffff', 2, 2);
insert into PERSONS (ID_PERSON, FIRST_NAME, LAST_NAME, EMAIL, SECOND_EMAIL, PASSWORD, INVITATION_CODE, MOBILE, URL_PHOTO, ID_CITY, ID_LANGUAGE) values (483, 'Leeland', 'Bellenie', 'lbelleniede@youku.com', null, 'JTHBE1BL2F1889442', '60681-0123', '5585910205', 'http://dummyimage.com/180x240.png/5fa2dd/ffffff', 3, 3);
insert into PERSONS (ID_PERSON, FIRST_NAME, LAST_NAME, EMAIL, SECOND_EMAIL, PASSWORD, INVITATION_CODE, MOBILE, URL_PHOTO, ID_CITY, ID_LANGUAGE) values (484, 'Kip', 'Youles', 'kyoulesdf@qq.com', 'kyoulesdf@latimes.com', 'WBAWC7C58AE382958', '33261-170', '3080483804', 'http://dummyimage.com/179x139.png/ff4444/ffffff', 4, 4);
insert into PERSONS (ID_PERSON, FIRST_NAME, LAST_NAME, EMAIL, SECOND_EMAIL, PASSWORD, INVITATION_CODE, MOBILE, URL_PHOTO, ID_CITY, ID_LANGUAGE) values (485, 'Alfred', 'Harsant', 'aharsantdg@un.org', 'aharsantdg@goo.ne.jp', 'WAUCFAFH4DN445507', '52685-370', '1865375950', 'http://dummyimage.com/143x146.jpg/dddddd/000000', 5, 5);
insert into PERSONS (ID_PERSON, FIRST_NAME, LAST_NAME, EMAIL, SECOND_EMAIL, PASSWORD, INVITATION_CODE, MOBILE, URL_PHOTO, ID_CITY, ID_LANGUAGE) values (486, 'Udell', 'Jozef', 'ujozefdh@vistaprint.com', 'ujozefdh@dion.ne.jp', 'WAUFGBFC4EN546326', '52125-301', '3605131166', 'http://dummyimage.com/202x242.jpg/dddddd/000000', 6, 1);
insert into PERSONS (ID_PERSON, FIRST_NAME, LAST_NAME, EMAIL, SECOND_EMAIL, PASSWORD, INVITATION_CODE, MOBILE, URL_PHOTO, ID_CITY, ID_LANGUAGE) values (487, 'Sheilah', 'Pennock', 'spennockdi@pcworld.com', 'spennockdi@google.ru', '3C63D3KL8CG519637', '49349-337', '9190338367', 'http://dummyimage.com/236x142.png/5fa2dd/ffffff', 7, 2);
insert into PERSONS (ID_PERSON, FIRST_NAME, LAST_NAME, EMAIL, SECOND_EMAIL, PASSWORD, INVITATION_CODE, MOBILE, URL_PHOTO, ID_CITY, ID_LANGUAGE) values (488, 'Lek', 'Golly', 'lgollydj@networkadvertising.org', null, 'WAUJC68E45A654156', '0430-0010', '6004030112', 'http://dummyimage.com/228x188.bmp/ff4444/ffffff', 8, 3);
insert into PERSONS (ID_PERSON, FIRST_NAME, LAST_NAME, EMAIL, SECOND_EMAIL, PASSWORD, INVITATION_CODE, MOBILE, URL_PHOTO, ID_CITY, ID_LANGUAGE) values (489, 'Claude', 'Rapps', 'crappsdk@xrea.com', null, '1GD12ZCG5CF061403', '42508-147', '9366023177', 'http://dummyimage.com/170x193.jpg/ff4444/ffffff', 9, 4);
insert into PERSONS (ID_PERSON, FIRST_NAME, LAST_NAME, EMAIL, SECOND_EMAIL, PASSWORD, INVITATION_CODE, MOBILE, URL_PHOTO, ID_CITY, ID_LANGUAGE) values (490, 'Dee dee', 'Pedycan', 'dpedycandl@paypal.com', null, '2G61T5S33E9062573', '51079-921', '3660893722', 'http://dummyimage.com/191x170.png/cc0000/ffffff', 10, 5);
insert into PERSONS (ID_PERSON, FIRST_NAME, LAST_NAME, EMAIL, SECOND_EMAIL, PASSWORD, INVITATION_CODE, MOBILE, URL_PHOTO, ID_CITY, ID_LANGUAGE) values (491, 'Beverlie', 'Colbran', 'bcolbrandm@biglobe.ne.jp', null, 'WAUKD78P76A316664', '0338-0520', '1678619582', 'http://dummyimage.com/144x227.png/ff4444/ffffff', 11, 1);
insert into PERSONS (ID_PERSON, FIRST_NAME, LAST_NAME, EMAIL, SECOND_EMAIL, PASSWORD, INVITATION_CODE, MOBILE, URL_PHOTO, ID_CITY, ID_LANGUAGE) values (492, 'Bianca', 'Bartels', 'bbartelsdn@hubpages.com', null, 'WA1BY74L19D073537', '55648-991', '3139490216', 'http://dummyimage.com/170x127.bmp/ff4444/ffffff', 12, 2);
insert into PERSONS (ID_PERSON, FIRST_NAME, LAST_NAME, EMAIL, SECOND_EMAIL, PASSWORD, INVITATION_CODE, MOBILE, URL_PHOTO, ID_CITY, ID_LANGUAGE) values (493, 'Benedikta', 'Blaskett', 'bblaskettdo@prweb.com', 'bblaskettdo@google.ca', '3D7TT2CT9AG866465', '65903-242', '7198094902', 'http://dummyimage.com/238x142.bmp/5fa2dd/ffffff', 13, 3);
insert into PERSONS (ID_PERSON, FIRST_NAME, LAST_NAME, EMAIL, SECOND_EMAIL, PASSWORD, INVITATION_CODE, MOBILE, URL_PHOTO, ID_CITY, ID_LANGUAGE) values (494, 'Audy', 'Fawdry', 'afawdrydp@canalblog.com', null, '1GTN2TEH1FZ588902', '49348-097', '4004669995', 'http://dummyimage.com/225x153.png/cc0000/ffffff', 14, 4);
insert into PERSONS (ID_PERSON, FIRST_NAME, LAST_NAME, EMAIL, SECOND_EMAIL, PASSWORD, INVITATION_CODE, MOBILE, URL_PHOTO, ID_CITY, ID_LANGUAGE) values (495, 'Pierrette', 'Vitall', 'pvitalldq@skype.com', 'pvitalldq@fastcompany.com', '19XFB2F59FE464486', '52438-014', '7905726592', 'http://dummyimage.com/197x111.jpg/ff4444/ffffff', 15, 5);
insert into PERSONS (ID_PERSON, FIRST_NAME, LAST_NAME, EMAIL, SECOND_EMAIL, PASSWORD, INVITATION_CODE, MOBILE, URL_PHOTO, ID_CITY, ID_LANGUAGE) values (496, 'Huntley', 'Physick', 'hphysickdr@twitpic.com', 'hphysickdr@alibaba.com', 'KMHEC4A42EA333741', '61589-1913', '6103062543', 'http://dummyimage.com/186x238.bmp/5fa2dd/ffffff', 16, 1);
insert into PERSONS (ID_PERSON, FIRST_NAME, LAST_NAME, EMAIL, SECOND_EMAIL, PASSWORD, INVITATION_CODE, MOBILE, URL_PHOTO, ID_CITY, ID_LANGUAGE) values (497, 'Ase', 'Pedro', 'apedrods@canalblog.com', null, 'JM1GJ1U58F1820711', '68382-059', '0737587954', 'http://dummyimage.com/106x117.bmp/dddddd/000000', 17, 2);
insert into PERSONS (ID_PERSON, FIRST_NAME, LAST_NAME, EMAIL, SECOND_EMAIL, PASSWORD, INVITATION_CODE, MOBILE, URL_PHOTO, ID_CITY, ID_LANGUAGE) values (498, 'Alyse', 'Sent', 'asentdt@dedecms.com', null, 'WBABV13454J513921', '65044-1831', '0176086943', 'http://dummyimage.com/236x170.jpg/cc0000/ffffff', 18, 3);
insert into PERSONS (ID_PERSON, FIRST_NAME, LAST_NAME, EMAIL, SECOND_EMAIL, PASSWORD, INVITATION_CODE, MOBILE, URL_PHOTO, ID_CITY, ID_LANGUAGE) values (499, 'Peyter', 'Conochie', 'pconochiedu@webs.com', null, 'WBAVB73537P910045', '21695-948', '0100351468', 'http://dummyimage.com/158x240.bmp/dddddd/000000', 19, 4);
insert into PERSONS (ID_PERSON, FIRST_NAME, LAST_NAME, EMAIL, SECOND_EMAIL, PASSWORD, INVITATION_CODE, MOBILE, URL_PHOTO, ID_CITY, ID_LANGUAGE) values (500, 'Charles', 'Pittam', 'cpittamdv@theguardian.com', 'cpittamdv@sphinn.com', '1FTMF1EW9AK885935', '14783-060', '8259465167', 'http://dummyimage.com/131x136.png/cc0000/ffffff', 20, 5);
insert into PERSONS (ID_PERSON, FIRST_NAME, LAST_NAME, EMAIL, SECOND_EMAIL, PASSWORD, INVITATION_CODE, MOBILE, URL_PHOTO, ID_CITY, ID_LANGUAGE) values (501, 'Jenifer', 'Izatt', 'jizattdw@xrea.com', null, '1GYFK46858R184118', '67046-461', '6307742151', 'http://dummyimage.com/162x221.bmp/cc0000/ffffff', 1, 1);
insert into PERSONS (ID_PERSON, FIRST_NAME, LAST_NAME, EMAIL, SECOND_EMAIL, PASSWORD, INVITATION_CODE, MOBILE, URL_PHOTO, ID_CITY, ID_LANGUAGE) values (502, 'Warden', 'Giottini', 'wgiottinidx@engadget.com', 'wgiottinidx@reverbnation.com', 'WBSDX9C53DE663783', '59886-337', '4108188829', 'http://dummyimage.com/221x140.png/ff4444/ffffff', 2, 2);
insert into PERSONS (ID_PERSON, FIRST_NAME, LAST_NAME, EMAIL, SECOND_EMAIL, PASSWORD, INVITATION_CODE, MOBILE, URL_PHOTO, ID_CITY, ID_LANGUAGE) values (503, 'Linoel', 'Gile', 'lgiledy@utexas.edu', null, '2HKRM3H57DH335150', '0075-8004', '4127380772', 'http://dummyimage.com/104x110.png/cc0000/ffffff', 3, 3);
insert into PERSONS (ID_PERSON, FIRST_NAME, LAST_NAME, EMAIL, SECOND_EMAIL, PASSWORD, INVITATION_CODE, MOBILE, URL_PHOTO, ID_CITY, ID_LANGUAGE) values (504, 'Gretna', 'Quincee', 'gquinceedz@miitbeian.gov.cn', null, '2FMHK6CT8AB258233', '0536-5700', '2627528521', 'http://dummyimage.com/233x247.bmp/5fa2dd/ffffff', 4, 4);
insert into PERSONS (ID_PERSON, FIRST_NAME, LAST_NAME, EMAIL, SECOND_EMAIL, PASSWORD, INVITATION_CODE, MOBILE, URL_PHOTO, ID_CITY, ID_LANGUAGE) values (505, 'Daryn', 'Jolliffe', 'djolliffee0@com.com', 'djolliffee0@netscape.com', '3VW217AUXFM830391', '52544-884', '4649154219', 'http://dummyimage.com/205x103.png/cc0000/ffffff', 5, 5);
insert into PERSONS (ID_PERSON, FIRST_NAME, LAST_NAME, EMAIL, SECOND_EMAIL, PASSWORD, INVITATION_CODE, MOBILE, URL_PHOTO, ID_CITY, ID_LANGUAGE) values (506, 'Rosina', 'Domini', 'rdominie1@booking.com', null, '1G6DX6ED0B0286224', '49288-0182', '0214373460', 'http://dummyimage.com/102x162.png/ff4444/ffffff', 6, 1);
insert into PERSONS (ID_PERSON, FIRST_NAME, LAST_NAME, EMAIL, SECOND_EMAIL, PASSWORD, INVITATION_CODE, MOBILE, URL_PHOTO, ID_CITY, ID_LANGUAGE) values (507, 'Renell', 'Grigsby', 'rgrigsbye2@amazon.co.uk', 'rgrigsbye2@storify.com', 'JH4DC44541S636186', '55154-0537', '9090181563', 'http://dummyimage.com/244x168.jpg/5fa2dd/ffffff', 7, 2);
insert into PERSONS (ID_PERSON, FIRST_NAME, LAST_NAME, EMAIL, SECOND_EMAIL, PASSWORD, INVITATION_CODE, MOBILE, URL_PHOTO, ID_CITY, ID_LANGUAGE) values (508, 'Yvor', 'Stickley', 'ystickleye3@dion.ne.jp', 'ystickleye3@statcounter.com', 'SAJWA4DB1EL644883', '0517-2610', '7586540918', 'http://dummyimage.com/191x149.jpg/dddddd/000000', 8, 3);
insert into PERSONS (ID_PERSON, FIRST_NAME, LAST_NAME, EMAIL, SECOND_EMAIL, PASSWORD, INVITATION_CODE, MOBILE, URL_PHOTO, ID_CITY, ID_LANGUAGE) values (509, 'Ahmad', 'Smallpeace', 'asmallpeacee4@shinystat.com', 'asmallpeacee4@ask.com', '5UXFG2C59E0631005', '21695-342', '2515880622', 'http://dummyimage.com/101x216.png/cc0000/ffffff', 9, 4);
insert into PERSONS (ID_PERSON, FIRST_NAME, LAST_NAME, EMAIL, SECOND_EMAIL, PASSWORD, INVITATION_CODE, MOBILE, URL_PHOTO, ID_CITY, ID_LANGUAGE) values (510, 'Trevar', 'Rawsthorne', 'trawsthornee5@discovery.com', 'trawsthornee5@mashable.com', 'WA1AV94LX9D805308', '0268-1062', '6203748897', 'http://dummyimage.com/172x124.png/cc0000/ffffff', 10, 5);
insert into PERSONS (ID_PERSON, FIRST_NAME, LAST_NAME, EMAIL, SECOND_EMAIL, PASSWORD, INVITATION_CODE, MOBILE, URL_PHOTO, ID_CITY, ID_LANGUAGE) values (511, 'Florina', 'Glanville', 'fglanvillee6@uiuc.edu', null, '5N1AN0NU1CC546791', '21695-077', '7164803196', 'http://dummyimage.com/110x163.jpg/dddddd/000000', 11, 1);
insert into PERSONS (ID_PERSON, FIRST_NAME, LAST_NAME, EMAIL, SECOND_EMAIL, PASSWORD, INVITATION_CODE, MOBILE, URL_PHOTO, ID_CITY, ID_LANGUAGE) values (512, 'Heidi', 'Symms', 'hsymmse7@simplemachines.org', null, 'WBAKX6C55BC461093', '0186-1073', '1368389422', 'http://dummyimage.com/221x164.bmp/ff4444/ffffff', 12, 2);
insert into PERSONS (ID_PERSON, FIRST_NAME, LAST_NAME, EMAIL, SECOND_EMAIL, PASSWORD, INVITATION_CODE, MOBILE, URL_PHOTO, ID_CITY, ID_LANGUAGE) values (513, 'Brigid', 'Jeannaud', 'bjeannaude8@mashable.com', 'bjeannaude8@cam.ac.uk', 'WBAWC73569E139869', '65841-684', '1435472799', 'http://dummyimage.com/172x248.bmp/ff4444/ffffff', 13, 3);
insert into PERSONS (ID_PERSON, FIRST_NAME, LAST_NAME, EMAIL, SECOND_EMAIL, PASSWORD, INVITATION_CODE, MOBILE, URL_PHOTO, ID_CITY, ID_LANGUAGE) values (514, 'Zeke', 'Scallan', 'zscallane9@a8.net', 'zscallane9@imdb.com', '5N1AZ2MH3FN254993', '51672-4149', '2562659864', 'http://dummyimage.com/212x129.jpg/cc0000/ffffff', 14, 4);
insert into PERSONS (ID_PERSON, FIRST_NAME, LAST_NAME, EMAIL, SECOND_EMAIL, PASSWORD, INVITATION_CODE, MOBILE, URL_PHOTO, ID_CITY, ID_LANGUAGE) values (515, 'Miner', 'Crennell', 'mcrennellea@nhs.uk', 'mcrennellea@washingtonpost.com', '1GD22ZCG4DZ500403', '54868-4885', '6786414397', 'http://dummyimage.com/103x228.jpg/dddddd/000000', 15, 5);
insert into PERSONS (ID_PERSON, FIRST_NAME, LAST_NAME, EMAIL, SECOND_EMAIL, PASSWORD, INVITATION_CODE, MOBILE, URL_PHOTO, ID_CITY, ID_LANGUAGE) values (516, 'Ginger', 'Mallinson', 'gmallinsoneb@yahoo.co.jp', 'gmallinsoneb@examiner.com', 'WDDHF2EB0DA905660', '52959-722', '4804883185', 'http://dummyimage.com/242x196.jpg/dddddd/000000', 16, 1);
insert into PERSONS (ID_PERSON, FIRST_NAME, LAST_NAME, EMAIL, SECOND_EMAIL, PASSWORD, INVITATION_CODE, MOBILE, URL_PHOTO, ID_CITY, ID_LANGUAGE) values (517, 'Kipp', 'Crayke', 'kcraykeec@redcross.org', null, '1GKUCEEF8AR129267', '66761-322', '4345002257', 'http://dummyimage.com/236x123.jpg/cc0000/ffffff', 17, 2);
insert into PERSONS (ID_PERSON, FIRST_NAME, LAST_NAME, EMAIL, SECOND_EMAIL, PASSWORD, INVITATION_CODE, MOBILE, URL_PHOTO, ID_CITY, ID_LANGUAGE) values (518, 'Cissy', 'Clapperton', 'cclappertoned@un.org', null, 'SCFAD02A08G374045', '68258-2994', '4408262110', 'http://dummyimage.com/168x169.jpg/dddddd/000000', 18, 3);
insert into PERSONS (ID_PERSON, FIRST_NAME, LAST_NAME, EMAIL, SECOND_EMAIL, PASSWORD, INVITATION_CODE, MOBILE, URL_PHOTO, ID_CITY, ID_LANGUAGE) values (519, 'Petunia', 'Fretson', 'pfretsonee@jiathis.com', null, '1G6YX36D485552774', '48951-8009', '0488017785', 'http://dummyimage.com/102x156.png/dddddd/000000', 19, 4);
insert into PERSONS (ID_PERSON, FIRST_NAME, LAST_NAME, EMAIL, SECOND_EMAIL, PASSWORD, INVITATION_CODE, MOBILE, URL_PHOTO, ID_CITY, ID_LANGUAGE) values (520, 'Amos', 'Keling', 'akelingef@trellian.com', 'akelingef@weebly.com', 'WBA3C3G58EN208206', '41268-532', '8106102696', 'http://dummyimage.com/119x175.png/ff4444/ffffff', 20, 5);
insert into PERSONS (ID_PERSON, FIRST_NAME, LAST_NAME, EMAIL, SECOND_EMAIL, PASSWORD, INVITATION_CODE, MOBILE, URL_PHOTO, ID_CITY, ID_LANGUAGE) values (521, 'Koral', 'Gages', 'kgageseg@soundcloud.com', null, '3D73Y4HL7AG382221', '50242-076', '7741613839', 'http://dummyimage.com/132x123.bmp/cc0000/ffffff', 1, 1);
insert into PERSONS (ID_PERSON, FIRST_NAME, LAST_NAME, EMAIL, SECOND_EMAIL, PASSWORD, INVITATION_CODE, MOBILE, URL_PHOTO, ID_CITY, ID_LANGUAGE) values (522, 'Shanda', 'Sellstrom', 'ssellstromeh@list-manage.com', null, 'KMHTC6AD6EU555278', '0409-2689', '4077950597', 'http://dummyimage.com/185x111.jpg/cc0000/ffffff', 2, 2);
insert into PERSONS (ID_PERSON, FIRST_NAME, LAST_NAME, EMAIL, SECOND_EMAIL, PASSWORD, INVITATION_CODE, MOBILE, URL_PHOTO, ID_CITY, ID_LANGUAGE) values (523, 'Raquel', 'Lowman', 'rlowmanei@wikimedia.org', null, 'WA1LFBFP9BA433741', '68428-036', '7091091442', 'http://dummyimage.com/236x135.bmp/ff4444/ffffff', 3, 3);
insert into PERSONS (ID_PERSON, FIRST_NAME, LAST_NAME, EMAIL, SECOND_EMAIL, PASSWORD, INVITATION_CODE, MOBILE, URL_PHOTO, ID_CITY, ID_LANGUAGE) values (524, 'Faina', 'Mattusevich', 'fmattusevichej@economist.com', 'fmattusevichej@jugem.jp', 'SAJWA0EX3E8188648', '63629-4026', '2424851107', 'http://dummyimage.com/250x199.jpg/cc0000/ffffff', 4, 4);
insert into PERSONS (ID_PERSON, FIRST_NAME, LAST_NAME, EMAIL, SECOND_EMAIL, PASSWORD, INVITATION_CODE, MOBILE, URL_PHOTO, ID_CITY, ID_LANGUAGE) values (525, 'Helaine', 'Thursfield', 'hthursfieldek@gizmodo.com', 'hthursfieldek@qq.com', 'WUARL48H59K743595', '66077-773', '0561116857', 'http://dummyimage.com/109x119.jpg/dddddd/000000', 5, 5);
insert into PERSONS (ID_PERSON, FIRST_NAME, LAST_NAME, EMAIL, SECOND_EMAIL, PASSWORD, INVITATION_CODE, MOBILE, URL_PHOTO, ID_CITY, ID_LANGUAGE) values (526, 'Englebert', 'Noden', 'enodenel@blogger.com', 'enodenel@loc.gov', 'WAUFFAFL2FN093533', '27437-143', '8348306099', 'http://dummyimage.com/131x184.bmp/5fa2dd/ffffff', 6, 1);
insert into PERSONS (ID_PERSON, FIRST_NAME, LAST_NAME, EMAIL, SECOND_EMAIL, PASSWORD, INVITATION_CODE, MOBILE, URL_PHOTO, ID_CITY, ID_LANGUAGE) values (527, 'Manfred', 'O''Ruane', 'moruaneem@gravatar.com', 'moruaneem@noaa.gov', 'JTHBE1BL5F1274240', '65862-187', '1294148125', 'http://dummyimage.com/104x209.bmp/dddddd/000000', 7, 2);
insert into PERSONS (ID_PERSON, FIRST_NAME, LAST_NAME, EMAIL, SECOND_EMAIL, PASSWORD, INVITATION_CODE, MOBILE, URL_PHOTO, ID_CITY, ID_LANGUAGE) values (528, 'Perceval', 'Lardeux', 'plardeuxen@vinaora.com', 'plardeuxen@gnu.org', '1GYS3HEF6ER860428', '16252-558', '5788948606', 'http://dummyimage.com/125x102.bmp/cc0000/ffffff', 8, 3);
insert into PERSONS (ID_PERSON, FIRST_NAME, LAST_NAME, EMAIL, SECOND_EMAIL, PASSWORD, INVITATION_CODE, MOBILE, URL_PHOTO, ID_CITY, ID_LANGUAGE) values (529, 'Grantley', 'Jantel', 'gjanteleo@cbsnews.com', null, '3VWJX7AJ7AM488665', '65044-1665', '8331370554', 'http://dummyimage.com/100x203.png/cc0000/ffffff', 9, 4);
insert into PERSONS (ID_PERSON, FIRST_NAME, LAST_NAME, EMAIL, SECOND_EMAIL, PASSWORD, INVITATION_CODE, MOBILE, URL_PHOTO, ID_CITY, ID_LANGUAGE) values (530, 'Virgil', 'Myford', 'vmyfordep@japanpost.jp', null, 'KMHCT4AE0DU553747', '52544-896', '6774533787', 'http://dummyimage.com/149x187.bmp/cc0000/ffffff', 10, 5);
insert into PERSONS (ID_PERSON, FIRST_NAME, LAST_NAME, EMAIL, SECOND_EMAIL, PASSWORD, INVITATION_CODE, MOBILE, URL_PHOTO, ID_CITY, ID_LANGUAGE) values (531, 'Felice', 'Brownhill', 'fbrownhilleq@addtoany.com', 'fbrownhilleq@issuu.com', '1GD120EGXBF762929', '63323-104', '7174365426', 'http://dummyimage.com/196x150.png/cc0000/ffffff', 11, 1);
insert into PERSONS (ID_PERSON, FIRST_NAME, LAST_NAME, EMAIL, SECOND_EMAIL, PASSWORD, INVITATION_CODE, MOBILE, URL_PHOTO, ID_CITY, ID_LANGUAGE) values (532, 'Gerty', 'Willan', 'gwillaner@t.co', 'gwillaner@wordpress.com', 'WAULT54B72N283545', '21130-413', '3841265952', 'http://dummyimage.com/168x206.jpg/dddddd/000000', 12, 2);
insert into PERSONS (ID_PERSON, FIRST_NAME, LAST_NAME, EMAIL, SECOND_EMAIL, PASSWORD, INVITATION_CODE, MOBILE, URL_PHOTO, ID_CITY, ID_LANGUAGE) values (533, 'Blancha', 'Brettoner', 'bbrettoneres@epa.gov', 'bbrettoneres@sbwire.com', 'WAUR4AFD3CN058460', '42254-031', '9558392766', 'http://dummyimage.com/147x138.bmp/dddddd/000000', 13, 3);
insert into PERSONS (ID_PERSON, FIRST_NAME, LAST_NAME, EMAIL, SECOND_EMAIL, PASSWORD, INVITATION_CODE, MOBILE, URL_PHOTO, ID_CITY, ID_LANGUAGE) values (534, 'Maurice', 'Thews', 'mthewset@ustream.tv', null, '3C63D3EL5CG731777', '0603-4187', '5023698556', 'http://dummyimage.com/243x250.bmp/cc0000/ffffff', 14, 4);
insert into PERSONS (ID_PERSON, FIRST_NAME, LAST_NAME, EMAIL, SECOND_EMAIL, PASSWORD, INVITATION_CODE, MOBILE, URL_PHOTO, ID_CITY, ID_LANGUAGE) values (535, 'Sashenka', 'Perigoe', 'sperigoeeu@theglobeandmail.com', 'sperigoeeu@dyndns.org', 'WBAYA6C56DD478011', '49999-854', '7087825437', 'http://dummyimage.com/121x137.jpg/5fa2dd/ffffff', 15, 5);
insert into PERSONS (ID_PERSON, FIRST_NAME, LAST_NAME, EMAIL, SECOND_EMAIL, PASSWORD, INVITATION_CODE, MOBILE, URL_PHOTO, ID_CITY, ID_LANGUAGE) values (536, 'Keslie', 'Kintish', 'kkintishev@about.me', null, 'WAUHFAFL1DN957008', '21695-087', '1576282686', 'http://dummyimage.com/108x120.bmp/ff4444/ffffff', 16, 1);
insert into PERSONS (ID_PERSON, FIRST_NAME, LAST_NAME, EMAIL, SECOND_EMAIL, PASSWORD, INVITATION_CODE, MOBILE, URL_PHOTO, ID_CITY, ID_LANGUAGE) values (537, 'Ken', 'Worner', 'kwornerew@imgur.com', 'kwornerew@army.mil', '1GYUKAEF9AR339393', '68828-123', '0050954903', 'http://dummyimage.com/202x105.png/cc0000/ffffff', 17, 2);
insert into PERSONS (ID_PERSON, FIRST_NAME, LAST_NAME, EMAIL, SECOND_EMAIL, PASSWORD, INVITATION_CODE, MOBILE, URL_PHOTO, ID_CITY, ID_LANGUAGE) values (538, 'Courtnay', 'Pesek', 'cpesekex@reddit.com', 'cpesekex@accuweather.com', 'JA32U1FU4DU358633', '64942-1311', '9142585384', 'http://dummyimage.com/166x236.jpg/ff4444/ffffff', 18, 3);
insert into PERSONS (ID_PERSON, FIRST_NAME, LAST_NAME, EMAIL, SECOND_EMAIL, PASSWORD, INVITATION_CODE, MOBILE, URL_PHOTO, ID_CITY, ID_LANGUAGE) values (539, 'Forrest', 'Saiz', 'fsaizey@yahoo.com', null, '1N6AA0EC8EN547304', '55289-617', '6283944361', 'http://dummyimage.com/131x128.jpg/dddddd/000000', 19, 4);
insert into PERSONS (ID_PERSON, FIRST_NAME, LAST_NAME, EMAIL, SECOND_EMAIL, PASSWORD, INVITATION_CODE, MOBILE, URL_PHOTO, ID_CITY, ID_LANGUAGE) values (540, 'Krystyna', 'Dobney', 'kdobneyez@hhs.gov', null, 'WAUFGBFC0DN286411', '65862-113', '8456538833', 'http://dummyimage.com/131x150.png/5fa2dd/ffffff', 20, 5);
insert into PERSONS (ID_PERSON, FIRST_NAME, LAST_NAME, EMAIL, SECOND_EMAIL, PASSWORD, INVITATION_CODE, MOBILE, URL_PHOTO, ID_CITY, ID_LANGUAGE) values (541, 'Brande', 'Folke', 'bfolkef0@unicef.org', 'bfolkef0@google.pl', '19UUA65545A430638', '60760-986', '1809724007', 'http://dummyimage.com/112x150.jpg/5fa2dd/ffffff', 1, 1);
insert into PERSONS (ID_PERSON, FIRST_NAME, LAST_NAME, EMAIL, SECOND_EMAIL, PASSWORD, INVITATION_CODE, MOBILE, URL_PHOTO, ID_CITY, ID_LANGUAGE) values (542, 'Saraann', 'Secret', 'ssecretf1@ed.gov', null, '1GYS3NKJ9FR772255', '33261-867', '1965908039', 'http://dummyimage.com/186x125.bmp/dddddd/000000', 2, 2);
insert into PERSONS (ID_PERSON, FIRST_NAME, LAST_NAME, EMAIL, SECOND_EMAIL, PASSWORD, INVITATION_CODE, MOBILE, URL_PHOTO, ID_CITY, ID_LANGUAGE) values (543, 'Didi', 'Cristol', 'dcristolf2@usatoday.com', 'dcristolf2@mysql.com', 'JN1AY1AP2DM150207', '0268-0898', '6126678354', 'http://dummyimage.com/131x106.jpg/dddddd/000000', 3, 3);
insert into PERSONS (ID_PERSON, FIRST_NAME, LAST_NAME, EMAIL, SECOND_EMAIL, PASSWORD, INVITATION_CODE, MOBILE, URL_PHOTO, ID_CITY, ID_LANGUAGE) values (544, 'Derick', 'Sarll', 'dsarllf3@jugem.jp', 'dsarllf3@booking.com', 'JN1BJ0HP5EM725281', '68151-1170', '7596534325', 'http://dummyimage.com/240x200.bmp/ff4444/ffffff', 4, 4);
insert into PERSONS (ID_PERSON, FIRST_NAME, LAST_NAME, EMAIL, SECOND_EMAIL, PASSWORD, INVITATION_CODE, MOBILE, URL_PHOTO, ID_CITY, ID_LANGUAGE) values (545, 'Yancey', 'Lowery', 'yloweryf4@dell.com', 'yloweryf4@twitpic.com', 'WAUEH78E77A811397', '61221-020', '2831794463', 'http://dummyimage.com/234x163.jpg/cc0000/ffffff', 5, 5);
insert into PERSONS (ID_PERSON, FIRST_NAME, LAST_NAME, EMAIL, SECOND_EMAIL, PASSWORD, INVITATION_CODE, MOBILE, URL_PHOTO, ID_CITY, ID_LANGUAGE) values (546, 'Korney', 'Kadwallider', 'kkadwalliderf5@cpanel.net', null, '5YMGZ0C50CL671738', '52584-013', '0685460479', 'http://dummyimage.com/190x123.bmp/5fa2dd/ffffff', 6, 1);
insert into PERSONS (ID_PERSON, FIRST_NAME, LAST_NAME, EMAIL, SECOND_EMAIL, PASSWORD, INVITATION_CODE, MOBILE, URL_PHOTO, ID_CITY, ID_LANGUAGE) values (547, 'Vikki', 'Joules', 'vjoulesf6@wufoo.com', 'vjoulesf6@newyorker.com', '5GADT13S352061271', '63941-019', '5954733848', 'http://dummyimage.com/239x124.jpg/5fa2dd/ffffff', 7, 2);
insert into PERSONS (ID_PERSON, FIRST_NAME, LAST_NAME, EMAIL, SECOND_EMAIL, PASSWORD, INVITATION_CODE, MOBILE, URL_PHOTO, ID_CITY, ID_LANGUAGE) values (548, 'Hermie', 'Le Franc', 'hlefrancf7@answers.com', 'hlefrancf7@live.com', '1B3CB3HA0BD853792', '65841-742', '5311914157', 'http://dummyimage.com/102x171.jpg/dddddd/000000', 8, 3);
insert into PERSONS (ID_PERSON, FIRST_NAME, LAST_NAME, EMAIL, SECOND_EMAIL, PASSWORD, INVITATION_CODE, MOBILE, URL_PHOTO, ID_CITY, ID_LANGUAGE) values (549, 'Dorella', 'Troth', 'dtrothf8@ted.com', 'dtrothf8@ebay.co.uk', '1D4PT2GK5AW345017', '65517-1010', '0298697998', 'http://dummyimage.com/210x190.png/cc0000/ffffff', 9, 4);
insert into PERSONS (ID_PERSON, FIRST_NAME, LAST_NAME, EMAIL, SECOND_EMAIL, PASSWORD, INVITATION_CODE, MOBILE, URL_PHOTO, ID_CITY, ID_LANGUAGE) values (550, 'Hillary', 'Drewell', 'hdrewellf9@tripadvisor.com', null, 'WA1FFCFS4FR225510', '54868-4356', '3155157925', 'http://dummyimage.com/107x116.png/ff4444/ffffff', 10, 5);
insert into PERSONS (ID_PERSON, FIRST_NAME, LAST_NAME, EMAIL, SECOND_EMAIL, PASSWORD, INVITATION_CODE, MOBILE, URL_PHOTO, ID_CITY, ID_LANGUAGE) values (551, 'Glyn', 'Wyper', 'gwyperfa@pbs.org', 'gwyperfa@devhub.com', '1GYEE437780276690', '54868-5704', '4540900927', 'http://dummyimage.com/104x134.jpg/dddddd/000000', 11, 1);
insert into PERSONS (ID_PERSON, FIRST_NAME, LAST_NAME, EMAIL, SECOND_EMAIL, PASSWORD, INVITATION_CODE, MOBILE, URL_PHOTO, ID_CITY, ID_LANGUAGE) values (552, 'Myra', 'Elgood', 'melgoodfb@unc.edu', 'melgoodfb@unblog.fr', '4T1BF3EKXBU528459', '49288-0754', '1248574370', 'http://dummyimage.com/138x232.bmp/cc0000/ffffff', 12, 2);
insert into PERSONS (ID_PERSON, FIRST_NAME, LAST_NAME, EMAIL, SECOND_EMAIL, PASSWORD, INVITATION_CODE, MOBILE, URL_PHOTO, ID_CITY, ID_LANGUAGE) values (553, 'Fenelia', 'Littrell', 'flittrellfc@utexas.edu', 'flittrellfc@feedburner.com', '5N1AN0NU4CC975861', '60512-6075', '2491580446', 'http://dummyimage.com/156x186.bmp/dddddd/000000', 13, 3);
insert into PERSONS (ID_PERSON, FIRST_NAME, LAST_NAME, EMAIL, SECOND_EMAIL, PASSWORD, INVITATION_CODE, MOBILE, URL_PHOTO, ID_CITY, ID_LANGUAGE) values (554, 'Moria', 'Tilson', 'mtilsonfd@sfgate.com', null, '3VW1K7AJ9EM413504', '60681-1214', '6197477084', 'http://dummyimage.com/165x108.jpg/ff4444/ffffff', 14, 4);
insert into PERSONS (ID_PERSON, FIRST_NAME, LAST_NAME, EMAIL, SECOND_EMAIL, PASSWORD, INVITATION_CODE, MOBILE, URL_PHOTO, ID_CITY, ID_LANGUAGE) values (555, 'Adelaida', 'Ivashov', 'aivashovfe@amazon.com', 'aivashovfe@cnet.com', 'WVWAW7AH1BV568151', '0093-7442', '2996847997', 'http://dummyimage.com/127x177.png/5fa2dd/ffffff', 15, 5);
insert into PERSONS (ID_PERSON, FIRST_NAME, LAST_NAME, EMAIL, SECOND_EMAIL, PASSWORD, INVITATION_CODE, MOBILE, URL_PHOTO, ID_CITY, ID_LANGUAGE) values (556, 'Darci', 'Bauer', 'dbauerff@zimbio.com', 'dbauerff@msu.edu', 'WAUDL54F25N230098', '62742-4046', '3892226938', 'http://dummyimage.com/212x168.png/5fa2dd/ffffff', 16, 1);
insert into PERSONS (ID_PERSON, FIRST_NAME, LAST_NAME, EMAIL, SECOND_EMAIL, PASSWORD, INVITATION_CODE, MOBILE, URL_PHOTO, ID_CITY, ID_LANGUAGE) values (557, 'Celle', 'Grove', 'cgrovefg@prlog.org', 'cgrovefg@jalbum.net', 'WAULD54BX2N159881', '52936-170', '2158789824', 'http://dummyimage.com/168x202.bmp/dddddd/000000', 17, 2);
insert into PERSONS (ID_PERSON, FIRST_NAME, LAST_NAME, EMAIL, SECOND_EMAIL, PASSWORD, INVITATION_CODE, MOBILE, URL_PHOTO, ID_CITY, ID_LANGUAGE) values (558, 'Sarita', 'Tomashov', 'stomashovfh@nbcnews.com', 'stomashovfh@opensource.org', '19UUA65645A427747', '60505-0166', '2098755155', 'http://dummyimage.com/193x151.bmp/dddddd/000000', 18, 3);
insert into PERSONS (ID_PERSON, FIRST_NAME, LAST_NAME, EMAIL, SECOND_EMAIL, PASSWORD, INVITATION_CODE, MOBILE, URL_PHOTO, ID_CITY, ID_LANGUAGE) values (559, 'Helga', 'Jeffery', 'hjefferyfi@google.ru', 'hjefferyfi@unesco.org', '2C3CCASG4FH502510', '0944-3944', '6095030870', 'http://dummyimage.com/196x243.png/dddddd/000000', 19, 4);
insert into PERSONS (ID_PERSON, FIRST_NAME, LAST_NAME, EMAIL, SECOND_EMAIL, PASSWORD, INVITATION_CODE, MOBILE, URL_PHOTO, ID_CITY, ID_LANGUAGE) values (560, 'Jordon', 'Gallager', 'jgallagerfj@odnoklassniki.ru', 'jgallagerfj@seesaa.net', 'WAUVC68E14A231521', '55154-6835', '3925267905', 'http://dummyimage.com/155x142.png/5fa2dd/ffffff', 20, 5);
insert into PERSONS (ID_PERSON, FIRST_NAME, LAST_NAME, EMAIL, SECOND_EMAIL, PASSWORD, INVITATION_CODE, MOBILE, URL_PHOTO, ID_CITY, ID_LANGUAGE) values (561, 'Luce', 'Paulitschke', 'lpaulitschkefk@shutterfly.com', null, 'JN1CV6EK2FM020766', '50580-112', '0365413798', 'http://dummyimage.com/225x150.png/ff4444/ffffff', 1, 1);
insert into PERSONS (ID_PERSON, FIRST_NAME, LAST_NAME, EMAIL, SECOND_EMAIL, PASSWORD, INVITATION_CODE, MOBILE, URL_PHOTO, ID_CITY, ID_LANGUAGE) values (562, 'Farah', 'Merlin', 'fmerlinfl@addtoany.com', 'fmerlinfl@arstechnica.com', '1N4AL2AP5AC361653', '53808-0744', '3523285631', 'http://dummyimage.com/215x226.bmp/5fa2dd/ffffff', 2, 2);
insert into PERSONS (ID_PERSON, FIRST_NAME, LAST_NAME, EMAIL, SECOND_EMAIL, PASSWORD, INVITATION_CODE, MOBILE, URL_PHOTO, ID_CITY, ID_LANGUAGE) values (563, 'Hersch', 'Brimble', 'hbrimblefm@nyu.edu', 'hbrimblefm@goo.ne.jp', 'SCBGH3ZA1EC788428', '54162-004', '0549675167', 'http://dummyimage.com/195x172.jpg/ff4444/ffffff', 3, 3);
insert into PERSONS (ID_PERSON, FIRST_NAME, LAST_NAME, EMAIL, SECOND_EMAIL, PASSWORD, INVITATION_CODE, MOBILE, URL_PHOTO, ID_CITY, ID_LANGUAGE) values (564, 'Dagny', 'Gonnard', 'dgonnardfn@ehow.com', 'dgonnardfn@ovh.net', '2G4GU5EV0C9154878', '55316-622', '5258585638', 'http://dummyimage.com/174x248.jpg/cc0000/ffffff', 4, 4);
insert into PERSONS (ID_PERSON, FIRST_NAME, LAST_NAME, EMAIL, SECOND_EMAIL, PASSWORD, INVITATION_CODE, MOBILE, URL_PHOTO, ID_CITY, ID_LANGUAGE) values (565, 'Melloney', 'Pouton', 'mpoutonfo@nasa.gov', 'mpoutonfo@sogou.com', '3N1CN7APXEK029866', '0268-0617', '1153126605', 'http://dummyimage.com/189x128.bmp/ff4444/ffffff', 5, 5);
insert into PERSONS (ID_PERSON, FIRST_NAME, LAST_NAME, EMAIL, SECOND_EMAIL, PASSWORD, INVITATION_CODE, MOBILE, URL_PHOTO, ID_CITY, ID_LANGUAGE) values (566, 'Obed', 'Gerg', 'ogergfp@liveinternet.ru', 'ogergfp@blinklist.com', '1G6DJ8EG5A0913120', '54868-1873', '0531534146', 'http://dummyimage.com/153x245.png/ff4444/ffffff', 6, 1);
insert into PERSONS (ID_PERSON, FIRST_NAME, LAST_NAME, EMAIL, SECOND_EMAIL, PASSWORD, INVITATION_CODE, MOBILE, URL_PHOTO, ID_CITY, ID_LANGUAGE) values (567, 'Gail', 'Tanser', 'gtanserfq@slashdot.org', 'gtanserfq@psu.edu', '2G61W5S86F9925418', '76237-222', '4215521831', 'http://dummyimage.com/213x246.jpg/ff4444/ffffff', 7, 2);
insert into PERSONS (ID_PERSON, FIRST_NAME, LAST_NAME, EMAIL, SECOND_EMAIL, PASSWORD, INVITATION_CODE, MOBILE, URL_PHOTO, ID_CITY, ID_LANGUAGE) values (568, 'Halette', 'Wildash', 'hwildashfr@wikia.com', null, 'ZHWGU5BZ0CL789854', '98132-671', '2625161213', 'http://dummyimage.com/239x156.bmp/dddddd/000000', 8, 3);
insert into PERSONS (ID_PERSON, FIRST_NAME, LAST_NAME, EMAIL, SECOND_EMAIL, PASSWORD, INVITATION_CODE, MOBILE, URL_PHOTO, ID_CITY, ID_LANGUAGE) values (569, 'Jarrett', 'Hawton', 'jhawtonfs@go.com', null, '5N1AT2MK8FC037853', '66949-601', '4929023173', 'http://dummyimage.com/122x146.png/ff4444/ffffff', 9, 4);
insert into PERSONS (ID_PERSON, FIRST_NAME, LAST_NAME, EMAIL, SECOND_EMAIL, PASSWORD, INVITATION_CODE, MOBILE, URL_PHOTO, ID_CITY, ID_LANGUAGE) values (570, 'Andie', 'Dayley', 'adayleyft@over-blog.com', 'adayleyft@angelfire.com', 'SCBCR73W47C421727', '49349-523', '5237694721', 'http://dummyimage.com/229x181.jpg/cc0000/ffffff', 10, 5);
insert into PERSONS (ID_PERSON, FIRST_NAME, LAST_NAME, EMAIL, SECOND_EMAIL, PASSWORD, INVITATION_CODE, MOBILE, URL_PHOTO, ID_CITY, ID_LANGUAGE) values (571, 'Toinette', 'Rew', 'trewfu@blinklist.com', null, '1GTN1TEH1EZ359959', '43063-371', '1510244557', 'http://dummyimage.com/107x142.png/cc0000/ffffff', 11, 1);
insert into PERSONS (ID_PERSON, FIRST_NAME, LAST_NAME, EMAIL, SECOND_EMAIL, PASSWORD, INVITATION_CODE, MOBILE, URL_PHOTO, ID_CITY, ID_LANGUAGE) values (572, 'Rae', 'Phelp', 'rphelpfv@hugedomains.com', null, '2B3CK5CT1AH252445', '60505-6078', '9629124300', 'http://dummyimage.com/134x224.jpg/dddddd/000000', 12, 2);
insert into PERSONS (ID_PERSON, FIRST_NAME, LAST_NAME, EMAIL, SECOND_EMAIL, PASSWORD, INVITATION_CODE, MOBILE, URL_PHOTO, ID_CITY, ID_LANGUAGE) values (573, 'Putnem', 'Bittlestone', 'pbittlestonefw@yale.edu', 'pbittlestonefw@google.com.hk', '1GYS4EEJ3CR822166', '76237-258', '4530181634', 'http://dummyimage.com/152x240.jpg/cc0000/ffffff', 13, 3);
insert into PERSONS (ID_PERSON, FIRST_NAME, LAST_NAME, EMAIL, SECOND_EMAIL, PASSWORD, INVITATION_CODE, MOBILE, URL_PHOTO, ID_CITY, ID_LANGUAGE) values (574, 'Walton', 'Richardt', 'wrichardtfx@sourceforge.net', null, 'JN8AZ1MU5DW092324', '61047-819', '0445296542', 'http://dummyimage.com/166x214.bmp/cc0000/ffffff', 14, 4);
insert into PERSONS (ID_PERSON, FIRST_NAME, LAST_NAME, EMAIL, SECOND_EMAIL, PASSWORD, INVITATION_CODE, MOBILE, URL_PHOTO, ID_CITY, ID_LANGUAGE) values (575, 'Janel', 'Mabbe', 'jmabbefy@reference.com', 'jmabbefy@about.me', '3C6TD5CTXCG680758', '49288-0227', '2962226191', 'http://dummyimage.com/217x186.jpg/dddddd/000000', 15, 5);
insert into PERSONS (ID_PERSON, FIRST_NAME, LAST_NAME, EMAIL, SECOND_EMAIL, PASSWORD, INVITATION_CODE, MOBILE, URL_PHOTO, ID_CITY, ID_LANGUAGE) values (576, 'Darill', 'Girth', 'dgirthfz@wired.com', 'dgirthfz@so-net.ne.jp', 'SAJWA4DCXEM785468', '24338-850', '4931394442', 'http://dummyimage.com/116x221.png/ff4444/ffffff', 16, 1);
insert into PERSONS (ID_PERSON, FIRST_NAME, LAST_NAME, EMAIL, SECOND_EMAIL, PASSWORD, INVITATION_CODE, MOBILE, URL_PHOTO, ID_CITY, ID_LANGUAGE) values (577, 'Esme', 'Schankel', 'eschankelg0@fastcompany.com', null, 'SCFAD05D89G688095', '55312-166', '5497863957', 'http://dummyimage.com/191x148.png/ff4444/ffffff', 17, 2);
insert into PERSONS (ID_PERSON, FIRST_NAME, LAST_NAME, EMAIL, SECOND_EMAIL, PASSWORD, INVITATION_CODE, MOBILE, URL_PHOTO, ID_CITY, ID_LANGUAGE) values (578, 'Ellerey', 'Fretwell', 'efretwellg1@elpais.com', 'efretwellg1@hubpages.com', '1N6AA0EC1FN062147', '49884-029', '7972894256', 'http://dummyimage.com/243x150.bmp/cc0000/ffffff', 18, 3);
insert into PERSONS (ID_PERSON, FIRST_NAME, LAST_NAME, EMAIL, SECOND_EMAIL, PASSWORD, INVITATION_CODE, MOBILE, URL_PHOTO, ID_CITY, ID_LANGUAGE) values (579, 'Woody', 'Lowry', 'wlowryg2@google.com', null, 'WAUDFAFCXEN429273', '33261-215', '3359985567', 'http://dummyimage.com/218x120.jpg/5fa2dd/ffffff', 19, 4);
insert into PERSONS (ID_PERSON, FIRST_NAME, LAST_NAME, EMAIL, SECOND_EMAIL, PASSWORD, INVITATION_CODE, MOBILE, URL_PHOTO, ID_CITY, ID_LANGUAGE) values (580, 'Aigneis', 'Dimitru', 'adimitrug3@issuu.com', 'adimitrug3@sciencedaily.com', '2G4WD582491718679', '63402-911', '7909332270', 'http://dummyimage.com/133x184.bmp/cc0000/ffffff', 20, 5);
insert into PERSONS (ID_PERSON, FIRST_NAME, LAST_NAME, EMAIL, SECOND_EMAIL, PASSWORD, INVITATION_CODE, MOBILE, URL_PHOTO, ID_CITY, ID_LANGUAGE) values (581, 'Clementia', 'Deakins', 'cdeakinsg4@geocities.com', null, '1C3BC2FB8BN074149', '24385-001', '0504121685', 'http://dummyimage.com/179x203.bmp/5fa2dd/ffffff', 1, 1);
insert into PERSONS (ID_PERSON, FIRST_NAME, LAST_NAME, EMAIL, SECOND_EMAIL, PASSWORD, INVITATION_CODE, MOBILE, URL_PHOTO, ID_CITY, ID_LANGUAGE) values (582, 'Mic', 'Pauletti', 'mpaulettig5@live.com', 'mpaulettig5@mashable.com', '3C63D3LL2CG558738', '57520-1018', '5387029316', 'http://dummyimage.com/150x244.bmp/dddddd/000000', 2, 2);
insert into PERSONS (ID_PERSON, FIRST_NAME, LAST_NAME, EMAIL, SECOND_EMAIL, PASSWORD, INVITATION_CODE, MOBILE, URL_PHOTO, ID_CITY, ID_LANGUAGE) values (583, 'Delora', 'Muxworthy', 'dmuxworthyg6@naver.com', 'dmuxworthyg6@instagram.com', '1G6DS1E3XC0309213', '67386-820', '3569697150', 'http://dummyimage.com/159x192.png/5fa2dd/ffffff', 3, 3);
insert into PERSONS (ID_PERSON, FIRST_NAME, LAST_NAME, EMAIL, SECOND_EMAIL, PASSWORD, INVITATION_CODE, MOBILE, URL_PHOTO, ID_CITY, ID_LANGUAGE) values (584, 'Armin', 'Benger', 'abengerg7@gizmodo.com', null, 'WBA3A9G59CN871984', '50419-451', '5190922235', 'http://dummyimage.com/107x178.bmp/dddddd/000000', 4, 4);
insert into PERSONS (ID_PERSON, FIRST_NAME, LAST_NAME, EMAIL, SECOND_EMAIL, PASSWORD, INVITATION_CODE, MOBILE, URL_PHOTO, ID_CITY, ID_LANGUAGE) values (585, 'Kaye', 'Grgic', 'kgrgicg8@si.edu', 'kgrgicg8@drupal.org', 'WAUBGAFB0BN666796', '57955-1800', '0796759154', 'http://dummyimage.com/224x111.png/cc0000/ffffff', 5, 5);
insert into PERSONS (ID_PERSON, FIRST_NAME, LAST_NAME, EMAIL, SECOND_EMAIL, PASSWORD, INVITATION_CODE, MOBILE, URL_PHOTO, ID_CITY, ID_LANGUAGE) values (586, 'Lon', 'Kembrey', 'lkembreyg9@symantec.com', 'lkembreyg9@craigslist.org', 'YV140MEB1F1944518', '37808-801', '4767866537', 'http://dummyimage.com/214x199.png/ff4444/ffffff', 6, 1);
insert into PERSONS (ID_PERSON, FIRST_NAME, LAST_NAME, EMAIL, SECOND_EMAIL, PASSWORD, INVITATION_CODE, MOBILE, URL_PHOTO, ID_CITY, ID_LANGUAGE) values (587, 'Dulcea', 'Lambarton', 'dlambartonga@fda.gov', 'dlambartonga@acquirethisname.com', '3C3CFFBR8DT176107', '67457-469', '0032010117', 'http://dummyimage.com/236x219.png/dddddd/000000', 7, 2);
insert into PERSONS (ID_PERSON, FIRST_NAME, LAST_NAME, EMAIL, SECOND_EMAIL, PASSWORD, INVITATION_CODE, MOBILE, URL_PHOTO, ID_CITY, ID_LANGUAGE) values (588, 'Cassandra', 'Stebbings', 'cstebbingsgb@adobe.com', 'cstebbingsgb@indiatimes.com', '3D7JB1EK7AG739240', '61589-6004', '7373003931', 'http://dummyimage.com/133x215.jpg/ff4444/ffffff', 8, 3);
insert into PERSONS (ID_PERSON, FIRST_NAME, LAST_NAME, EMAIL, SECOND_EMAIL, PASSWORD, INVITATION_CODE, MOBILE, URL_PHOTO, ID_CITY, ID_LANGUAGE) values (589, 'Morganne', 'Vigers', 'mvigersgc@linkedin.com', null, '4A31K5DF9BE954677', '57955-2790', '4913086154', 'http://dummyimage.com/100x155.jpg/5fa2dd/ffffff', 9, 4);
insert into PERSONS (ID_PERSON, FIRST_NAME, LAST_NAME, EMAIL, SECOND_EMAIL, PASSWORD, INVITATION_CODE, MOBILE, URL_PHOTO, ID_CITY, ID_LANGUAGE) values (590, 'Annabela', 'McVicar', 'amcvicargd@goo.gl', 'amcvicargd@ox.ac.uk', '1N6AF0LX8EN834178', '0143-9713', '4139739495', 'http://dummyimage.com/126x138.png/5fa2dd/ffffff', 10, 5);
insert into PERSONS (ID_PERSON, FIRST_NAME, LAST_NAME, EMAIL, SECOND_EMAIL, PASSWORD, INVITATION_CODE, MOBILE, URL_PHOTO, ID_CITY, ID_LANGUAGE) values (591, 'Oralee', 'Pesic', 'opesicge@mapy.cz', 'opesicge@dailymotion.com', 'SALME1D47BA433388', '51523-023', '3229450795', 'http://dummyimage.com/126x188.jpg/ff4444/ffffff', 11, 1);
insert into PERSONS (ID_PERSON, FIRST_NAME, LAST_NAME, EMAIL, SECOND_EMAIL, PASSWORD, INVITATION_CODE, MOBILE, URL_PHOTO, ID_CITY, ID_LANGUAGE) values (592, 'Kennith', 'Chant', 'kchantgf@toplist.cz', 'kchantgf@vkontakte.ru', '1G6AL5SX1E0588732', '45802-362', '4368103319', 'http://dummyimage.com/153x142.jpg/dddddd/000000', 12, 2);
insert into PERSONS (ID_PERSON, FIRST_NAME, LAST_NAME, EMAIL, SECOND_EMAIL, PASSWORD, INVITATION_CODE, MOBILE, URL_PHOTO, ID_CITY, ID_LANGUAGE) values (593, 'Scotti', 'Ickeringill', 'sickeringillgg@mapquest.com', null, 'WP1AA2AP1AL563658', '0517-0020', '0384688616', 'http://dummyimage.com/246x165.png/5fa2dd/ffffff', 13, 3);
insert into PERSONS (ID_PERSON, FIRST_NAME, LAST_NAME, EMAIL, SECOND_EMAIL, PASSWORD, INVITATION_CODE, MOBILE, URL_PHOTO, ID_CITY, ID_LANGUAGE) values (594, 'Corbett', 'Meckiff', 'cmeckiffgh@friendfeed.com', null, '1FTMF1E80AF048467', '62007-005', '5168727247', 'http://dummyimage.com/107x118.bmp/dddddd/000000', 14, 4);
insert into PERSONS (ID_PERSON, FIRST_NAME, LAST_NAME, EMAIL, SECOND_EMAIL, PASSWORD, INVITATION_CODE, MOBILE, URL_PHOTO, ID_CITY, ID_LANGUAGE) values (595, 'Gabey', 'Woltering', 'gwolteringgi@1688.com', null, '1FTNF1E80AK086082', '49967-373', '1865386421', 'http://dummyimage.com/151x185.png/5fa2dd/ffffff', 15, 5);
insert into PERSONS (ID_PERSON, FIRST_NAME, LAST_NAME, EMAIL, SECOND_EMAIL, PASSWORD, INVITATION_CODE, MOBILE, URL_PHOTO, ID_CITY, ID_LANGUAGE) values (596, 'Talbert', 'Knoles', 'tknolesgj@a8.net', null, '2G4GV5EV7B9940205', '63187-095', '8095254878', 'http://dummyimage.com/128x188.png/dddddd/000000', 16, 1);
insert into PERSONS (ID_PERSON, FIRST_NAME, LAST_NAME, EMAIL, SECOND_EMAIL, PASSWORD, INVITATION_CODE, MOBILE, URL_PHOTO, ID_CITY, ID_LANGUAGE) values (597, 'Ancell', 'Gallienne', 'agalliennegk@nymag.com', 'agalliennegk@webnode.com', 'WBANF335X6C665411', '41167-0331', '0035103329', 'http://dummyimage.com/140x112.jpg/ff4444/ffffff', 17, 2);
insert into PERSONS (ID_PERSON, FIRST_NAME, LAST_NAME, EMAIL, SECOND_EMAIL, PASSWORD, INVITATION_CODE, MOBILE, URL_PHOTO, ID_CITY, ID_LANGUAGE) values (598, 'Drud', 'Maffi', 'dmaffigl@wordpress.org', null, 'WBABD53414P013004', '52959-880', '9442937022', 'http://dummyimage.com/134x165.jpg/ff4444/ffffff', 18, 3);
insert into PERSONS (ID_PERSON, FIRST_NAME, LAST_NAME, EMAIL, SECOND_EMAIL, PASSWORD, INVITATION_CODE, MOBILE, URL_PHOTO, ID_CITY, ID_LANGUAGE) values (599, 'Jorey', 'Atcock', 'jatcockgm@biglobe.ne.jp', null, 'WBAKG7C56BE669865', '49349-634', '3852386659', 'http://dummyimage.com/197x215.jpg/ff4444/ffffff', 19, 4);
insert into PERSONS (ID_PERSON, FIRST_NAME, LAST_NAME, EMAIL, SECOND_EMAIL, PASSWORD, INVITATION_CODE, MOBILE, URL_PHOTO, ID_CITY, ID_LANGUAGE) values (600, 'Cinnamon', 'Snadden', 'csnaddengn@t-online.de', 'csnaddengn@smh.com.au', '1GYS3CEF9DR083387', '58118-0079', '1322615187', 'http://dummyimage.com/175x243.jpg/cc0000/ffffff', 20, 5);
SELECT * FROM PERSONS;


--insertar usuario medios de pago
insert into PAYMENT_PERSONS (ID_PAYMENT_PERSON, ID_PAYMENT, ID_PERSON, DESCRIPTIONS, BUSINESS) values (1, 1, 1, '[{}]', 'true');
insert into PAYMENT_PERSONS (ID_PAYMENT_PERSON, ID_PAYMENT, ID_PERSON, DESCRIPTIONS, BUSINESS) values (2, 2, 2, '[{}]', 'false');
insert into PAYMENT_PERSONS (ID_PAYMENT_PERSON, ID_PAYMENT, ID_PERSON, DESCRIPTIONS, BUSINESS) values (3, 3, 3, '[{}]', 'false');
insert into PAYMENT_PERSONS (ID_PAYMENT_PERSON, ID_PAYMENT, ID_PERSON, DESCRIPTIONS, BUSINESS) values (4, 1, 4, '[{}]', 'false');
insert into PAYMENT_PERSONS (ID_PAYMENT_PERSON, ID_PAYMENT, ID_PERSON, DESCRIPTIONS, BUSINESS) values (5, 2, 5, '[{}]', 'true');
insert into PAYMENT_PERSONS (ID_PAYMENT_PERSON, ID_PAYMENT, ID_PERSON, DESCRIPTIONS, BUSINESS) values (6, 3, 6, '[{}]', 'true');
insert into PAYMENT_PERSONS (ID_PAYMENT_PERSON, ID_PAYMENT, ID_PERSON, DESCRIPTIONS, BUSINESS) values (7, 1, 7, '[{}]', 'true');
insert into PAYMENT_PERSONS (ID_PAYMENT_PERSON, ID_PAYMENT, ID_PERSON, DESCRIPTIONS, BUSINESS) values (8, 2, 8, '[{}]', 'true');
insert into PAYMENT_PERSONS (ID_PAYMENT_PERSON, ID_PAYMENT, ID_PERSON, DESCRIPTIONS, BUSINESS) values (9, 3, 9, '[{}]', 'true');
insert into PAYMENT_PERSONS (ID_PAYMENT_PERSON, ID_PAYMENT, ID_PERSON, DESCRIPTIONS, BUSINESS) values (10, 1, 10, '[{}]', 'true');
insert into PAYMENT_PERSONS (ID_PAYMENT_PERSON, ID_PAYMENT, ID_PERSON, DESCRIPTIONS, BUSINESS) values (11, 2, 11, '[{}]', 'true');
insert into PAYMENT_PERSONS (ID_PAYMENT_PERSON, ID_PAYMENT, ID_PERSON, DESCRIPTIONS, BUSINESS) values (12, 3, 12, '[{}]', 'false');
insert into PAYMENT_PERSONS (ID_PAYMENT_PERSON, ID_PAYMENT, ID_PERSON, DESCRIPTIONS, BUSINESS) values (13, 1, 13, '[{}]', 'false');
insert into PAYMENT_PERSONS (ID_PAYMENT_PERSON, ID_PAYMENT, ID_PERSON, DESCRIPTIONS, BUSINESS) values (14, 2, 14, '[{}]', 'true');
insert into PAYMENT_PERSONS (ID_PAYMENT_PERSON, ID_PAYMENT, ID_PERSON, DESCRIPTIONS, BUSINESS) values (15, 3, 15, '[{}]', 'false');
insert into PAYMENT_PERSONS (ID_PAYMENT_PERSON, ID_PAYMENT, ID_PERSON, DESCRIPTIONS, BUSINESS) values (16, 1, 16, '[{}]', 'true');
insert into PAYMENT_PERSONS (ID_PAYMENT_PERSON, ID_PAYMENT, ID_PERSON, DESCRIPTIONS, BUSINESS) values (17, 2, 17, '[{}]', 'true');
insert into PAYMENT_PERSONS (ID_PAYMENT_PERSON, ID_PAYMENT, ID_PERSON, DESCRIPTIONS, BUSINESS) values (18, 3, 18, '[{}]', 'false');
insert into PAYMENT_PERSONS (ID_PAYMENT_PERSON, ID_PAYMENT, ID_PERSON, DESCRIPTIONS, BUSINESS) values (19, 1, 19, '[{}]', 'true');
insert into PAYMENT_PERSONS (ID_PAYMENT_PERSON, ID_PAYMENT, ID_PERSON, DESCRIPTIONS, BUSINESS) values (20, 2, 20, '[{}]', 'false');
insert into PAYMENT_PERSONS (ID_PAYMENT_PERSON, ID_PAYMENT, ID_PERSON, DESCRIPTIONS, BUSINESS) values (21, 3, 21, '[{}]', 'false');
insert into PAYMENT_PERSONS (ID_PAYMENT_PERSON, ID_PAYMENT, ID_PERSON, DESCRIPTIONS, BUSINESS) values (22, 1, 22, '[{}]', 'true');
insert into PAYMENT_PERSONS (ID_PAYMENT_PERSON, ID_PAYMENT, ID_PERSON, DESCRIPTIONS, BUSINESS) values (23, 2, 23, '[{}]', 'true');
insert into PAYMENT_PERSONS (ID_PAYMENT_PERSON, ID_PAYMENT, ID_PERSON, DESCRIPTIONS, BUSINESS) values (24, 3, 24, '[{}]', 'false');
insert into PAYMENT_PERSONS (ID_PAYMENT_PERSON, ID_PAYMENT, ID_PERSON, DESCRIPTIONS, BUSINESS) values (25, 1, 25, '[{}]', 'true');
insert into PAYMENT_PERSONS (ID_PAYMENT_PERSON, ID_PAYMENT, ID_PERSON, DESCRIPTIONS, BUSINESS) values (26, 2, 26, '[{}]', 'true');
insert into PAYMENT_PERSONS (ID_PAYMENT_PERSON, ID_PAYMENT, ID_PERSON, DESCRIPTIONS, BUSINESS) values (27, 3, 27, '[{}]', 'false');
insert into PAYMENT_PERSONS (ID_PAYMENT_PERSON, ID_PAYMENT, ID_PERSON, DESCRIPTIONS, BUSINESS) values (28, 1, 28, '[{}]', 'true');
insert into PAYMENT_PERSONS (ID_PAYMENT_PERSON, ID_PAYMENT, ID_PERSON, DESCRIPTIONS, BUSINESS) values (29, 2, 29, '[{}]', 'false');
insert into PAYMENT_PERSONS (ID_PAYMENT_PERSON, ID_PAYMENT, ID_PERSON, DESCRIPTIONS, BUSINESS) values (30, 3, 30, '[{}]', 'false');
insert into PAYMENT_PERSONS (ID_PAYMENT_PERSON, ID_PAYMENT, ID_PERSON, DESCRIPTIONS, BUSINESS) values (31, 1, 31, '[{}]', 'true');
insert into PAYMENT_PERSONS (ID_PAYMENT_PERSON, ID_PAYMENT, ID_PERSON, DESCRIPTIONS, BUSINESS) values (32, 2, 32, '[{}]', 'false');
insert into PAYMENT_PERSONS (ID_PAYMENT_PERSON, ID_PAYMENT, ID_PERSON, DESCRIPTIONS, BUSINESS) values (33, 3, 33, '[{}]', 'true');
insert into PAYMENT_PERSONS (ID_PAYMENT_PERSON, ID_PAYMENT, ID_PERSON, DESCRIPTIONS, BUSINESS) values (34, 1, 34, '[{}]', 'false');
insert into PAYMENT_PERSONS (ID_PAYMENT_PERSON, ID_PAYMENT, ID_PERSON, DESCRIPTIONS, BUSINESS) values (35, 2, 35, '[{}]', 'false');
insert into PAYMENT_PERSONS (ID_PAYMENT_PERSON, ID_PAYMENT, ID_PERSON, DESCRIPTIONS, BUSINESS) values (36, 3, 36, '[{}]', 'true');
insert into PAYMENT_PERSONS (ID_PAYMENT_PERSON, ID_PAYMENT, ID_PERSON, DESCRIPTIONS, BUSINESS) values (37, 1, 37, '[{}]', 'true');
insert into PAYMENT_PERSONS (ID_PAYMENT_PERSON, ID_PAYMENT, ID_PERSON, DESCRIPTIONS, BUSINESS) values (38, 2, 38, '[{}]', 'true');
insert into PAYMENT_PERSONS (ID_PAYMENT_PERSON, ID_PAYMENT, ID_PERSON, DESCRIPTIONS, BUSINESS) values (39, 3, 39, '[{}]', 'true');
insert into PAYMENT_PERSONS (ID_PAYMENT_PERSON, ID_PAYMENT, ID_PERSON, DESCRIPTIONS, BUSINESS) values (40, 1, 40, '[{}]', 'false');
insert into PAYMENT_PERSONS (ID_PAYMENT_PERSON, ID_PAYMENT, ID_PERSON, DESCRIPTIONS, BUSINESS) values (41, 2, 41, '[{}]', 'true');
insert into PAYMENT_PERSONS (ID_PAYMENT_PERSON, ID_PAYMENT, ID_PERSON, DESCRIPTIONS, BUSINESS) values (42, 3, 42, '[{}]', 'true');
insert into PAYMENT_PERSONS (ID_PAYMENT_PERSON, ID_PAYMENT, ID_PERSON, DESCRIPTIONS, BUSINESS) values (43, 1, 43, '[{}]', 'true');
insert into PAYMENT_PERSONS (ID_PAYMENT_PERSON, ID_PAYMENT, ID_PERSON, DESCRIPTIONS, BUSINESS) values (44, 2, 44, '[{}]', 'false');
insert into PAYMENT_PERSONS (ID_PAYMENT_PERSON, ID_PAYMENT, ID_PERSON, DESCRIPTIONS, BUSINESS) values (45, 3, 45, '[{}]', 'false');
insert into PAYMENT_PERSONS (ID_PAYMENT_PERSON, ID_PAYMENT, ID_PERSON, DESCRIPTIONS, BUSINESS) values (46, 1, 46, '[{}]', 'true');
insert into PAYMENT_PERSONS (ID_PAYMENT_PERSON, ID_PAYMENT, ID_PERSON, DESCRIPTIONS, BUSINESS) values (47, 2, 47, '[{}]', 'true');
insert into PAYMENT_PERSONS (ID_PAYMENT_PERSON, ID_PAYMENT, ID_PERSON, DESCRIPTIONS, BUSINESS) values (48, 3, 48, '[{}]', 'true');
insert into PAYMENT_PERSONS (ID_PAYMENT_PERSON, ID_PAYMENT, ID_PERSON, DESCRIPTIONS, BUSINESS) values (49, 1, 49, '[{}]', 'false');
insert into PAYMENT_PERSONS (ID_PAYMENT_PERSON, ID_PAYMENT, ID_PERSON, DESCRIPTIONS, BUSINESS) values (50, 2, 50, '[{}]', 'false');
insert into PAYMENT_PERSONS (ID_PAYMENT_PERSON, ID_PAYMENT, ID_PERSON, DESCRIPTIONS, BUSINESS) values (51, 3, 51, '[{}]', 'true');
insert into PAYMENT_PERSONS (ID_PAYMENT_PERSON, ID_PAYMENT, ID_PERSON, DESCRIPTIONS, BUSINESS) values (52, 1, 52, '[{}]', 'false');
insert into PAYMENT_PERSONS (ID_PAYMENT_PERSON, ID_PAYMENT, ID_PERSON, DESCRIPTIONS, BUSINESS) values (53, 2, 53, '[{}]', 'false');
insert into PAYMENT_PERSONS (ID_PAYMENT_PERSON, ID_PAYMENT, ID_PERSON, DESCRIPTIONS, BUSINESS) values (54, 3, 54, '[{}]', 'false');
insert into PAYMENT_PERSONS (ID_PAYMENT_PERSON, ID_PAYMENT, ID_PERSON, DESCRIPTIONS, BUSINESS) values (55, 1, 55, '[{}]', 'false');
insert into PAYMENT_PERSONS (ID_PAYMENT_PERSON, ID_PAYMENT, ID_PERSON, DESCRIPTIONS, BUSINESS) values (56, 2, 56, '[{}]', 'false');
insert into PAYMENT_PERSONS (ID_PAYMENT_PERSON, ID_PAYMENT, ID_PERSON, DESCRIPTIONS, BUSINESS) values (57, 3, 57, '[{}]', 'true');
insert into PAYMENT_PERSONS (ID_PAYMENT_PERSON, ID_PAYMENT, ID_PERSON, DESCRIPTIONS, BUSINESS) values (58, 1, 58, '[{}]', 'true');
insert into PAYMENT_PERSONS (ID_PAYMENT_PERSON, ID_PAYMENT, ID_PERSON, DESCRIPTIONS, BUSINESS) values (59, 2, 59, '[{}]', 'false');
insert into PAYMENT_PERSONS (ID_PAYMENT_PERSON, ID_PAYMENT, ID_PERSON, DESCRIPTIONS, BUSINESS) values (60, 3, 60, '[{}]', 'true');
insert into PAYMENT_PERSONS (ID_PAYMENT_PERSON, ID_PAYMENT, ID_PERSON, DESCRIPTIONS, BUSINESS) values (61, 1, 61, '[{}]', 'true');
insert into PAYMENT_PERSONS (ID_PAYMENT_PERSON, ID_PAYMENT, ID_PERSON, DESCRIPTIONS, BUSINESS) values (62, 2, 62, '[{}]', 'false');
insert into PAYMENT_PERSONS (ID_PAYMENT_PERSON, ID_PAYMENT, ID_PERSON, DESCRIPTIONS, BUSINESS) values (63, 3, 63, '[{}]', 'false');
insert into PAYMENT_PERSONS (ID_PAYMENT_PERSON, ID_PAYMENT, ID_PERSON, DESCRIPTIONS, BUSINESS) values (64, 1, 64, '[{}]', 'true');
insert into PAYMENT_PERSONS (ID_PAYMENT_PERSON, ID_PAYMENT, ID_PERSON, DESCRIPTIONS, BUSINESS) values (65, 2, 65, '[{}]', 'true');
insert into PAYMENT_PERSONS (ID_PAYMENT_PERSON, ID_PAYMENT, ID_PERSON, DESCRIPTIONS, BUSINESS) values (66, 3, 66, '[{}]', 'false');
insert into PAYMENT_PERSONS (ID_PAYMENT_PERSON, ID_PAYMENT, ID_PERSON, DESCRIPTIONS, BUSINESS) values (67, 1, 67, '[{}]', 'false');
insert into PAYMENT_PERSONS (ID_PAYMENT_PERSON, ID_PAYMENT, ID_PERSON, DESCRIPTIONS, BUSINESS) values (68, 2, 68, '[{}]', 'false');
insert into PAYMENT_PERSONS (ID_PAYMENT_PERSON, ID_PAYMENT, ID_PERSON, DESCRIPTIONS, BUSINESS) values (69, 3, 69, '[{}]', 'true');
insert into PAYMENT_PERSONS (ID_PAYMENT_PERSON, ID_PAYMENT, ID_PERSON, DESCRIPTIONS, BUSINESS) values (70, 1, 70, '[{}]', 'true');
insert into PAYMENT_PERSONS (ID_PAYMENT_PERSON, ID_PAYMENT, ID_PERSON, DESCRIPTIONS, BUSINESS) values (71, 2, 71, '[{}]', 'false');
insert into PAYMENT_PERSONS (ID_PAYMENT_PERSON, ID_PAYMENT, ID_PERSON, DESCRIPTIONS, BUSINESS) values (72, 3, 72, '[{}]', 'true');
insert into PAYMENT_PERSONS (ID_PAYMENT_PERSON, ID_PAYMENT, ID_PERSON, DESCRIPTIONS, BUSINESS) values (73, 1, 73, '[{}]', 'true');
insert into PAYMENT_PERSONS (ID_PAYMENT_PERSON, ID_PAYMENT, ID_PERSON, DESCRIPTIONS, BUSINESS) values (74, 2, 74, '[{}]', 'true');
insert into PAYMENT_PERSONS (ID_PAYMENT_PERSON, ID_PAYMENT, ID_PERSON, DESCRIPTIONS, BUSINESS) values (75, 3, 75, '[{}]', 'true');
insert into PAYMENT_PERSONS (ID_PAYMENT_PERSON, ID_PAYMENT, ID_PERSON, DESCRIPTIONS, BUSINESS) values (76, 1, 76, '[{}]', 'true');
insert into PAYMENT_PERSONS (ID_PAYMENT_PERSON, ID_PAYMENT, ID_PERSON, DESCRIPTIONS, BUSINESS) values (77, 2, 77, '[{}]', 'true');
insert into PAYMENT_PERSONS (ID_PAYMENT_PERSON, ID_PAYMENT, ID_PERSON, DESCRIPTIONS, BUSINESS) values (78, 3, 78, '[{}]', 'true');
insert into PAYMENT_PERSONS (ID_PAYMENT_PERSON, ID_PAYMENT, ID_PERSON, DESCRIPTIONS, BUSINESS) values (79, 1, 79, '[{}]', 'true');
insert into PAYMENT_PERSONS (ID_PAYMENT_PERSON, ID_PAYMENT, ID_PERSON, DESCRIPTIONS, BUSINESS) values (80, 2, 80, '[{}]', 'true');
insert into PAYMENT_PERSONS (ID_PAYMENT_PERSON, ID_PAYMENT, ID_PERSON, DESCRIPTIONS, BUSINESS) values (81, 3, 81, '[{}]', 'true');
insert into PAYMENT_PERSONS (ID_PAYMENT_PERSON, ID_PAYMENT, ID_PERSON, DESCRIPTIONS, BUSINESS) values (82, 1, 82, '[{}]', 'false');
insert into PAYMENT_PERSONS (ID_PAYMENT_PERSON, ID_PAYMENT, ID_PERSON, DESCRIPTIONS, BUSINESS) values (83, 2, 83, '[{}]', 'true');
insert into PAYMENT_PERSONS (ID_PAYMENT_PERSON, ID_PAYMENT, ID_PERSON, DESCRIPTIONS, BUSINESS) values (84, 3, 84, '[{}]', 'true');
insert into PAYMENT_PERSONS (ID_PAYMENT_PERSON, ID_PAYMENT, ID_PERSON, DESCRIPTIONS, BUSINESS) values (85, 1, 85, '[{}]', 'true');
insert into PAYMENT_PERSONS (ID_PAYMENT_PERSON, ID_PAYMENT, ID_PERSON, DESCRIPTIONS, BUSINESS) values (86, 2, 86, '[{}]', 'true');
insert into PAYMENT_PERSONS (ID_PAYMENT_PERSON, ID_PAYMENT, ID_PERSON, DESCRIPTIONS, BUSINESS) values (87, 3, 87, '[{}]', 'false');
insert into PAYMENT_PERSONS (ID_PAYMENT_PERSON, ID_PAYMENT, ID_PERSON, DESCRIPTIONS, BUSINESS) values (88, 1, 88, '[{}]', 'true');
insert into PAYMENT_PERSONS (ID_PAYMENT_PERSON, ID_PAYMENT, ID_PERSON, DESCRIPTIONS, BUSINESS) values (89, 2, 89, '[{}]', 'false');
insert into PAYMENT_PERSONS (ID_PAYMENT_PERSON, ID_PAYMENT, ID_PERSON, DESCRIPTIONS, BUSINESS) values (90, 3, 90, '[{}]', 'true');
insert into PAYMENT_PERSONS (ID_PAYMENT_PERSON, ID_PAYMENT, ID_PERSON, DESCRIPTIONS, BUSINESS) values (91, 1, 91, '[{}]', 'false');
insert into PAYMENT_PERSONS (ID_PAYMENT_PERSON, ID_PAYMENT, ID_PERSON, DESCRIPTIONS, BUSINESS) values (92, 2, 92, '[{}]', 'true');
insert into PAYMENT_PERSONS (ID_PAYMENT_PERSON, ID_PAYMENT, ID_PERSON, DESCRIPTIONS, BUSINESS) values (93, 3, 93, '[{}]', 'false');
insert into PAYMENT_PERSONS (ID_PAYMENT_PERSON, ID_PAYMENT, ID_PERSON, DESCRIPTIONS, BUSINESS) values (94, 1, 94, '[{}]', 'true');
insert into PAYMENT_PERSONS (ID_PAYMENT_PERSON, ID_PAYMENT, ID_PERSON, DESCRIPTIONS, BUSINESS) values (95, 2, 95, '[{}]', 'false');
insert into PAYMENT_PERSONS (ID_PAYMENT_PERSON, ID_PAYMENT, ID_PERSON, DESCRIPTIONS, BUSINESS) values (96, 3, 96, '[{}]', 'true');
insert into PAYMENT_PERSONS (ID_PAYMENT_PERSON, ID_PAYMENT, ID_PERSON, DESCRIPTIONS, BUSINESS) values (97, 1, 97, '[{}]', 'false');
insert into PAYMENT_PERSONS (ID_PAYMENT_PERSON, ID_PAYMENT, ID_PERSON, DESCRIPTIONS, BUSINESS) values (98, 2, 98, '[{}]', 'false');
insert into PAYMENT_PERSONS (ID_PAYMENT_PERSON, ID_PAYMENT, ID_PERSON, DESCRIPTIONS, BUSINESS) values (99, 3, 99, '[{}]', 'false');
insert into PAYMENT_PERSONS (ID_PAYMENT_PERSON, ID_PAYMENT, ID_PERSON, DESCRIPTIONS, BUSINESS) values (100, 1, 100, '[{}]', 'false');
insert into PAYMENT_PERSONS (ID_PAYMENT_PERSON, ID_PAYMENT, ID_PERSON, DESCRIPTIONS, BUSINESS) values (101, 2, 101, '[{}]', 'false');
insert into PAYMENT_PERSONS (ID_PAYMENT_PERSON, ID_PAYMENT, ID_PERSON, DESCRIPTIONS, BUSINESS) values (102, 3, 102, '[{}]', 'true');
insert into PAYMENT_PERSONS (ID_PAYMENT_PERSON, ID_PAYMENT, ID_PERSON, DESCRIPTIONS, BUSINESS) values (103, 1, 103, '[{}]', 'true');
insert into PAYMENT_PERSONS (ID_PAYMENT_PERSON, ID_PAYMENT, ID_PERSON, DESCRIPTIONS, BUSINESS) values (104, 2, 104, '[{}]', 'false');
insert into PAYMENT_PERSONS (ID_PAYMENT_PERSON, ID_PAYMENT, ID_PERSON, DESCRIPTIONS, BUSINESS) values (105, 3, 105, '[{}]', 'false');
insert into PAYMENT_PERSONS (ID_PAYMENT_PERSON, ID_PAYMENT, ID_PERSON, DESCRIPTIONS, BUSINESS) values (106, 1, 106, '[{}]', 'true');
insert into PAYMENT_PERSONS (ID_PAYMENT_PERSON, ID_PAYMENT, ID_PERSON, DESCRIPTIONS, BUSINESS) values (107, 2, 107, '[{}]', 'true');
insert into PAYMENT_PERSONS (ID_PAYMENT_PERSON, ID_PAYMENT, ID_PERSON, DESCRIPTIONS, BUSINESS) values (108, 3, 108, '[{}]', 'false');
insert into PAYMENT_PERSONS (ID_PAYMENT_PERSON, ID_PAYMENT, ID_PERSON, DESCRIPTIONS, BUSINESS) values (109, 1, 109, '[{}]', 'true');
insert into PAYMENT_PERSONS (ID_PAYMENT_PERSON, ID_PAYMENT, ID_PERSON, DESCRIPTIONS, BUSINESS) values (110, 2, 110, '[{}]', 'true');
insert into PAYMENT_PERSONS (ID_PAYMENT_PERSON, ID_PAYMENT, ID_PERSON, DESCRIPTIONS, BUSINESS) values (111, 3, 111, '[{}]', 'false');
insert into PAYMENT_PERSONS (ID_PAYMENT_PERSON, ID_PAYMENT, ID_PERSON, DESCRIPTIONS, BUSINESS) values (112, 1, 112, '[{}]', 'false');
insert into PAYMENT_PERSONS (ID_PAYMENT_PERSON, ID_PAYMENT, ID_PERSON, DESCRIPTIONS, BUSINESS) values (113, 2, 113, '[{}]', 'false');
insert into PAYMENT_PERSONS (ID_PAYMENT_PERSON, ID_PAYMENT, ID_PERSON, DESCRIPTIONS, BUSINESS) values (114, 3, 114, '[{}]', 'false');
insert into PAYMENT_PERSONS (ID_PAYMENT_PERSON, ID_PAYMENT, ID_PERSON, DESCRIPTIONS, BUSINESS) values (115, 1, 115, '[{}]', 'true');
insert into PAYMENT_PERSONS (ID_PAYMENT_PERSON, ID_PAYMENT, ID_PERSON, DESCRIPTIONS, BUSINESS) values (116, 2, 116, '[{}]', 'true');
insert into PAYMENT_PERSONS (ID_PAYMENT_PERSON, ID_PAYMENT, ID_PERSON, DESCRIPTIONS, BUSINESS) values (117, 3, 117, '[{}]', 'false');
insert into PAYMENT_PERSONS (ID_PAYMENT_PERSON, ID_PAYMENT, ID_PERSON, DESCRIPTIONS, BUSINESS) values (118, 1, 118, '[{}]', 'false');
insert into PAYMENT_PERSONS (ID_PAYMENT_PERSON, ID_PAYMENT, ID_PERSON, DESCRIPTIONS, BUSINESS) values (119, 2, 119, '[{}]', 'false');
insert into PAYMENT_PERSONS (ID_PAYMENT_PERSON, ID_PAYMENT, ID_PERSON, DESCRIPTIONS, BUSINESS) values (120, 3, 120, '[{}]', 'true');
insert into PAYMENT_PERSONS (ID_PAYMENT_PERSON, ID_PAYMENT, ID_PERSON, DESCRIPTIONS, BUSINESS) values (121, 1, 121, '[{}]', 'false');
insert into PAYMENT_PERSONS (ID_PAYMENT_PERSON, ID_PAYMENT, ID_PERSON, DESCRIPTIONS, BUSINESS) values (122, 2, 122, '[{}]', 'false');
insert into PAYMENT_PERSONS (ID_PAYMENT_PERSON, ID_PAYMENT, ID_PERSON, DESCRIPTIONS, BUSINESS) values (123, 3, 123, '[{}]', 'true');
insert into PAYMENT_PERSONS (ID_PAYMENT_PERSON, ID_PAYMENT, ID_PERSON, DESCRIPTIONS, BUSINESS) values (124, 1, 124, '[{}]', 'false');
insert into PAYMENT_PERSONS (ID_PAYMENT_PERSON, ID_PAYMENT, ID_PERSON, DESCRIPTIONS, BUSINESS) values (125, 2, 125, '[{}]', 'false');
insert into PAYMENT_PERSONS (ID_PAYMENT_PERSON, ID_PAYMENT, ID_PERSON, DESCRIPTIONS, BUSINESS) values (126, 3, 126, '[{}]', 'false');
insert into PAYMENT_PERSONS (ID_PAYMENT_PERSON, ID_PAYMENT, ID_PERSON, DESCRIPTIONS, BUSINESS) values (127, 1, 127, '[{}]', 'false');
insert into PAYMENT_PERSONS (ID_PAYMENT_PERSON, ID_PAYMENT, ID_PERSON, DESCRIPTIONS, BUSINESS) values (128, 2, 128, '[{}]', 'false');
insert into PAYMENT_PERSONS (ID_PAYMENT_PERSON, ID_PAYMENT, ID_PERSON, DESCRIPTIONS, BUSINESS) values (129, 3, 129, '[{}]', 'true');
insert into PAYMENT_PERSONS (ID_PAYMENT_PERSON, ID_PAYMENT, ID_PERSON, DESCRIPTIONS, BUSINESS) values (130, 1, 130, '[{}]', 'false');
insert into PAYMENT_PERSONS (ID_PAYMENT_PERSON, ID_PAYMENT, ID_PERSON, DESCRIPTIONS, BUSINESS) values (131, 2, 131, '[{}]', 'true');
insert into PAYMENT_PERSONS (ID_PAYMENT_PERSON, ID_PAYMENT, ID_PERSON, DESCRIPTIONS, BUSINESS) values (132, 3, 132, '[{}]', 'true');
insert into PAYMENT_PERSONS (ID_PAYMENT_PERSON, ID_PAYMENT, ID_PERSON, DESCRIPTIONS, BUSINESS) values (133, 1, 133, '[{}]', 'true');
insert into PAYMENT_PERSONS (ID_PAYMENT_PERSON, ID_PAYMENT, ID_PERSON, DESCRIPTIONS, BUSINESS) values (134, 2, 134, '[{}]', 'false');
insert into PAYMENT_PERSONS (ID_PAYMENT_PERSON, ID_PAYMENT, ID_PERSON, DESCRIPTIONS, BUSINESS) values (135, 3, 135, '[{}]', 'true');
insert into PAYMENT_PERSONS (ID_PAYMENT_PERSON, ID_PAYMENT, ID_PERSON, DESCRIPTIONS, BUSINESS) values (136, 1, 136, '[{}]', 'false');
insert into PAYMENT_PERSONS (ID_PAYMENT_PERSON, ID_PAYMENT, ID_PERSON, DESCRIPTIONS, BUSINESS) values (137, 2, 137, '[{}]', 'true');
insert into PAYMENT_PERSONS (ID_PAYMENT_PERSON, ID_PAYMENT, ID_PERSON, DESCRIPTIONS, BUSINESS) values (138, 3, 138, '[{}]', 'false');
insert into PAYMENT_PERSONS (ID_PAYMENT_PERSON, ID_PAYMENT, ID_PERSON, DESCRIPTIONS, BUSINESS) values (139, 1, 139, '[{}]', 'true');
insert into PAYMENT_PERSONS (ID_PAYMENT_PERSON, ID_PAYMENT, ID_PERSON, DESCRIPTIONS, BUSINESS) values (140, 2, 140, '[{}]', 'false');
insert into PAYMENT_PERSONS (ID_PAYMENT_PERSON, ID_PAYMENT, ID_PERSON, DESCRIPTIONS, BUSINESS) values (141, 3, 141, '[{}]', 'false');
insert into PAYMENT_PERSONS (ID_PAYMENT_PERSON, ID_PAYMENT, ID_PERSON, DESCRIPTIONS, BUSINESS) values (142, 1, 142, '[{}]', 'true');
insert into PAYMENT_PERSONS (ID_PAYMENT_PERSON, ID_PAYMENT, ID_PERSON, DESCRIPTIONS, BUSINESS) values (143, 2, 143, '[{}]', 'false');
insert into PAYMENT_PERSONS (ID_PAYMENT_PERSON, ID_PAYMENT, ID_PERSON, DESCRIPTIONS, BUSINESS) values (144, 3, 144, '[{}]', 'true');
insert into PAYMENT_PERSONS (ID_PAYMENT_PERSON, ID_PAYMENT, ID_PERSON, DESCRIPTIONS, BUSINESS) values (145, 1, 145, '[{}]', 'false');
insert into PAYMENT_PERSONS (ID_PAYMENT_PERSON, ID_PAYMENT, ID_PERSON, DESCRIPTIONS, BUSINESS) values (146, 2, 146, '[{}]', 'false');
insert into PAYMENT_PERSONS (ID_PAYMENT_PERSON, ID_PAYMENT, ID_PERSON, DESCRIPTIONS, BUSINESS) values (147, 3, 147, '[{}]', 'false');
insert into PAYMENT_PERSONS (ID_PAYMENT_PERSON, ID_PAYMENT, ID_PERSON, DESCRIPTIONS, BUSINESS) values (148, 1, 148, '[{}]', 'true');
insert into PAYMENT_PERSONS (ID_PAYMENT_PERSON, ID_PAYMENT, ID_PERSON, DESCRIPTIONS, BUSINESS) values (149, 2, 149, '[{}]', 'true');
insert into PAYMENT_PERSONS (ID_PAYMENT_PERSON, ID_PAYMENT, ID_PERSON, DESCRIPTIONS, BUSINESS) values (150, 3, 150, '[{}]', 'false');
insert into PAYMENT_PERSONS (ID_PAYMENT_PERSON, ID_PAYMENT, ID_PERSON, DESCRIPTIONS, BUSINESS) values (151, 1, 151, '[{}]', 'false');
insert into PAYMENT_PERSONS (ID_PAYMENT_PERSON, ID_PAYMENT, ID_PERSON, DESCRIPTIONS, BUSINESS) values (152, 2, 152, '[{}]', 'false');
insert into PAYMENT_PERSONS (ID_PAYMENT_PERSON, ID_PAYMENT, ID_PERSON, DESCRIPTIONS, BUSINESS) values (153, 3, 153, '[{}]', 'false');
insert into PAYMENT_PERSONS (ID_PAYMENT_PERSON, ID_PAYMENT, ID_PERSON, DESCRIPTIONS, BUSINESS) values (154, 1, 154, '[{}]', 'true');
insert into PAYMENT_PERSONS (ID_PAYMENT_PERSON, ID_PAYMENT, ID_PERSON, DESCRIPTIONS, BUSINESS) values (155, 2, 155, '[{}]', 'true');
insert into PAYMENT_PERSONS (ID_PAYMENT_PERSON, ID_PAYMENT, ID_PERSON, DESCRIPTIONS, BUSINESS) values (156, 3, 156, '[{}]', 'false');
insert into PAYMENT_PERSONS (ID_PAYMENT_PERSON, ID_PAYMENT, ID_PERSON, DESCRIPTIONS, BUSINESS) values (157, 1, 157, '[{}]', 'false');
insert into PAYMENT_PERSONS (ID_PAYMENT_PERSON, ID_PAYMENT, ID_PERSON, DESCRIPTIONS, BUSINESS) values (158, 2, 158, '[{}]', 'false');
insert into PAYMENT_PERSONS (ID_PAYMENT_PERSON, ID_PAYMENT, ID_PERSON, DESCRIPTIONS, BUSINESS) values (159, 3, 159, '[{}]', 'false');
insert into PAYMENT_PERSONS (ID_PAYMENT_PERSON, ID_PAYMENT, ID_PERSON, DESCRIPTIONS, BUSINESS) values (160, 1, 160, '[{}]', 'true');
insert into PAYMENT_PERSONS (ID_PAYMENT_PERSON, ID_PAYMENT, ID_PERSON, DESCRIPTIONS, BUSINESS) values (161, 2, 161, '[{}]', 'true');
insert into PAYMENT_PERSONS (ID_PAYMENT_PERSON, ID_PAYMENT, ID_PERSON, DESCRIPTIONS, BUSINESS) values (162, 3, 162, '[{}]', 'true');
insert into PAYMENT_PERSONS (ID_PAYMENT_PERSON, ID_PAYMENT, ID_PERSON, DESCRIPTIONS, BUSINESS) values (163, 1, 163, '[{}]', 'false');
insert into PAYMENT_PERSONS (ID_PAYMENT_PERSON, ID_PAYMENT, ID_PERSON, DESCRIPTIONS, BUSINESS) values (164, 2, 164, '[{}]', 'false');
insert into PAYMENT_PERSONS (ID_PAYMENT_PERSON, ID_PAYMENT, ID_PERSON, DESCRIPTIONS, BUSINESS) values (165, 3, 165, '[{}]', 'false');
insert into PAYMENT_PERSONS (ID_PAYMENT_PERSON, ID_PAYMENT, ID_PERSON, DESCRIPTIONS, BUSINESS) values (166, 1, 166, '[{}]', 'true');
insert into PAYMENT_PERSONS (ID_PAYMENT_PERSON, ID_PAYMENT, ID_PERSON, DESCRIPTIONS, BUSINESS) values (167, 2, 167, '[{}]', 'true');
insert into PAYMENT_PERSONS (ID_PAYMENT_PERSON, ID_PAYMENT, ID_PERSON, DESCRIPTIONS, BUSINESS) values (168, 3, 168, '[{}]', 'true');
insert into PAYMENT_PERSONS (ID_PAYMENT_PERSON, ID_PAYMENT, ID_PERSON, DESCRIPTIONS, BUSINESS) values (169, 1, 169, '[{}]', 'false');
insert into PAYMENT_PERSONS (ID_PAYMENT_PERSON, ID_PAYMENT, ID_PERSON, DESCRIPTIONS, BUSINESS) values (170, 2, 170, '[{}]', 'false');
insert into PAYMENT_PERSONS (ID_PAYMENT_PERSON, ID_PAYMENT, ID_PERSON, DESCRIPTIONS, BUSINESS) values (171, 3, 171, '[{}]', 'false');
insert into PAYMENT_PERSONS (ID_PAYMENT_PERSON, ID_PAYMENT, ID_PERSON, DESCRIPTIONS, BUSINESS) values (172, 1, 172, '[{}]', 'false');
insert into PAYMENT_PERSONS (ID_PAYMENT_PERSON, ID_PAYMENT, ID_PERSON, DESCRIPTIONS, BUSINESS) values (173, 2, 173, '[{}]', 'true');
insert into PAYMENT_PERSONS (ID_PAYMENT_PERSON, ID_PAYMENT, ID_PERSON, DESCRIPTIONS, BUSINESS) values (174, 3, 174, '[{}]', 'false');
insert into PAYMENT_PERSONS (ID_PAYMENT_PERSON, ID_PAYMENT, ID_PERSON, DESCRIPTIONS, BUSINESS) values (175, 1, 175, '[{}]', 'true');
insert into PAYMENT_PERSONS (ID_PAYMENT_PERSON, ID_PAYMENT, ID_PERSON, DESCRIPTIONS, BUSINESS) values (176, 2, 176, '[{}]', 'true');
insert into PAYMENT_PERSONS (ID_PAYMENT_PERSON, ID_PAYMENT, ID_PERSON, DESCRIPTIONS, BUSINESS) values (177, 3, 177, '[{}]', 'false');
insert into PAYMENT_PERSONS (ID_PAYMENT_PERSON, ID_PAYMENT, ID_PERSON, DESCRIPTIONS, BUSINESS) values (178, 1, 178, '[{}]', 'true');
insert into PAYMENT_PERSONS (ID_PAYMENT_PERSON, ID_PAYMENT, ID_PERSON, DESCRIPTIONS, BUSINESS) values (179, 2, 179, '[{}]', 'true');
insert into PAYMENT_PERSONS (ID_PAYMENT_PERSON, ID_PAYMENT, ID_PERSON, DESCRIPTIONS, BUSINESS) values (180, 3, 180, '[{}]', 'false');
insert into PAYMENT_PERSONS (ID_PAYMENT_PERSON, ID_PAYMENT, ID_PERSON, DESCRIPTIONS, BUSINESS) values (181, 1, 181, '[{}]', 'false');
insert into PAYMENT_PERSONS (ID_PAYMENT_PERSON, ID_PAYMENT, ID_PERSON, DESCRIPTIONS, BUSINESS) values (182, 2, 182, '[{}]', 'true');
insert into PAYMENT_PERSONS (ID_PAYMENT_PERSON, ID_PAYMENT, ID_PERSON, DESCRIPTIONS, BUSINESS) values (183, 3, 183, '[{}]', 'true');
insert into PAYMENT_PERSONS (ID_PAYMENT_PERSON, ID_PAYMENT, ID_PERSON, DESCRIPTIONS, BUSINESS) values (184, 1, 184, '[{}]', 'false');
insert into PAYMENT_PERSONS (ID_PAYMENT_PERSON, ID_PAYMENT, ID_PERSON, DESCRIPTIONS, BUSINESS) values (185, 2, 185, '[{}]', 'true');
insert into PAYMENT_PERSONS (ID_PAYMENT_PERSON, ID_PAYMENT, ID_PERSON, DESCRIPTIONS, BUSINESS) values (186, 3, 186, '[{}]', 'true');
insert into PAYMENT_PERSONS (ID_PAYMENT_PERSON, ID_PAYMENT, ID_PERSON, DESCRIPTIONS, BUSINESS) values (187, 1, 187, '[{}]', 'false');
insert into PAYMENT_PERSONS (ID_PAYMENT_PERSON, ID_PAYMENT, ID_PERSON, DESCRIPTIONS, BUSINESS) values (188, 2, 188, '[{}]', 'false');
insert into PAYMENT_PERSONS (ID_PAYMENT_PERSON, ID_PAYMENT, ID_PERSON, DESCRIPTIONS, BUSINESS) values (189, 3, 189, '[{}]', 'false');
insert into PAYMENT_PERSONS (ID_PAYMENT_PERSON, ID_PAYMENT, ID_PERSON, DESCRIPTIONS, BUSINESS) values (190, 1, 190, '[{}]', 'true');
insert into PAYMENT_PERSONS (ID_PAYMENT_PERSON, ID_PAYMENT, ID_PERSON, DESCRIPTIONS, BUSINESS) values (191, 2, 191, '[{}]', 'true');
insert into PAYMENT_PERSONS (ID_PAYMENT_PERSON, ID_PAYMENT, ID_PERSON, DESCRIPTIONS, BUSINESS) values (192, 3, 192, '[{}]', 'true');
insert into PAYMENT_PERSONS (ID_PAYMENT_PERSON, ID_PAYMENT, ID_PERSON, DESCRIPTIONS, BUSINESS) values (193, 1, 193, '[{}]', 'true');
insert into PAYMENT_PERSONS (ID_PAYMENT_PERSON, ID_PAYMENT, ID_PERSON, DESCRIPTIONS, BUSINESS) values (194, 2, 194, '[{}]', 'true');
insert into PAYMENT_PERSONS (ID_PAYMENT_PERSON, ID_PAYMENT, ID_PERSON, DESCRIPTIONS, BUSINESS) values (195, 3, 195, '[{}]', 'false');
insert into PAYMENT_PERSONS (ID_PAYMENT_PERSON, ID_PAYMENT, ID_PERSON, DESCRIPTIONS, BUSINESS) values (196, 1, 196, '[{}]', 'true');
insert into PAYMENT_PERSONS (ID_PAYMENT_PERSON, ID_PAYMENT, ID_PERSON, DESCRIPTIONS, BUSINESS) values (197, 2, 197, '[{}]', 'false');
insert into PAYMENT_PERSONS (ID_PAYMENT_PERSON, ID_PAYMENT, ID_PERSON, DESCRIPTIONS, BUSINESS) values (198, 3, 198, '[{}]', 'false');
insert into PAYMENT_PERSONS (ID_PAYMENT_PERSON, ID_PAYMENT, ID_PERSON, DESCRIPTIONS, BUSINESS) values (199, 1, 199, '[{}]', 'true');
insert into PAYMENT_PERSONS (ID_PAYMENT_PERSON, ID_PAYMENT, ID_PERSON, DESCRIPTIONS, BUSINESS) values (200, 2, 200, '[{}]', 'true');
insert into PAYMENT_PERSONS (ID_PAYMENT_PERSON, ID_PAYMENT, ID_PERSON, DESCRIPTIONS, BUSINESS) values (201, 3, 201, '[{}]', 'true');
insert into PAYMENT_PERSONS (ID_PAYMENT_PERSON, ID_PAYMENT, ID_PERSON, DESCRIPTIONS, BUSINESS) values (202, 1, 202, '[{}]', 'true');
insert into PAYMENT_PERSONS (ID_PAYMENT_PERSON, ID_PAYMENT, ID_PERSON, DESCRIPTIONS, BUSINESS) values (203, 2, 203, '[{}]', 'false');
insert into PAYMENT_PERSONS (ID_PAYMENT_PERSON, ID_PAYMENT, ID_PERSON, DESCRIPTIONS, BUSINESS) values (204, 3, 204, '[{}]', 'false');
insert into PAYMENT_PERSONS (ID_PAYMENT_PERSON, ID_PAYMENT, ID_PERSON, DESCRIPTIONS, BUSINESS) values (205, 1, 205, '[{}]', 'false');
insert into PAYMENT_PERSONS (ID_PAYMENT_PERSON, ID_PAYMENT, ID_PERSON, DESCRIPTIONS, BUSINESS) values (206, 2, 206, '[{}]', 'false');
insert into PAYMENT_PERSONS (ID_PAYMENT_PERSON, ID_PAYMENT, ID_PERSON, DESCRIPTIONS, BUSINESS) values (207, 3, 207, '[{}]', 'false');
insert into PAYMENT_PERSONS (ID_PAYMENT_PERSON, ID_PAYMENT, ID_PERSON, DESCRIPTIONS, BUSINESS) values (208, 1, 208, '[{}]', 'false');
insert into PAYMENT_PERSONS (ID_PAYMENT_PERSON, ID_PAYMENT, ID_PERSON, DESCRIPTIONS, BUSINESS) values (209, 2, 209, '[{}]', 'true');
insert into PAYMENT_PERSONS (ID_PAYMENT_PERSON, ID_PAYMENT, ID_PERSON, DESCRIPTIONS, BUSINESS) values (210, 3, 210, '[{}]', 'false');
insert into PAYMENT_PERSONS (ID_PAYMENT_PERSON, ID_PAYMENT, ID_PERSON, DESCRIPTIONS, BUSINESS) values (211, 1, 211, '[{}]', 'false');
insert into PAYMENT_PERSONS (ID_PAYMENT_PERSON, ID_PAYMENT, ID_PERSON, DESCRIPTIONS, BUSINESS) values (212, 2, 212, '[{}]', 'false');
insert into PAYMENT_PERSONS (ID_PAYMENT_PERSON, ID_PAYMENT, ID_PERSON, DESCRIPTIONS, BUSINESS) values (213, 3, 213, '[{}]', 'true');
insert into PAYMENT_PERSONS (ID_PAYMENT_PERSON, ID_PAYMENT, ID_PERSON, DESCRIPTIONS, BUSINESS) values (214, 1, 214, '[{}]', 'true');
insert into PAYMENT_PERSONS (ID_PAYMENT_PERSON, ID_PAYMENT, ID_PERSON, DESCRIPTIONS, BUSINESS) values (215, 2, 215, '[{}]', 'false');
insert into PAYMENT_PERSONS (ID_PAYMENT_PERSON, ID_PAYMENT, ID_PERSON, DESCRIPTIONS, BUSINESS) values (216, 3, 216, '[{}]', 'false');
insert into PAYMENT_PERSONS (ID_PAYMENT_PERSON, ID_PAYMENT, ID_PERSON, DESCRIPTIONS, BUSINESS) values (217, 1, 217, '[{}]', 'false');
insert into PAYMENT_PERSONS (ID_PAYMENT_PERSON, ID_PAYMENT, ID_PERSON, DESCRIPTIONS, BUSINESS) values (218, 2, 218, '[{}]', 'true');
insert into PAYMENT_PERSONS (ID_PAYMENT_PERSON, ID_PAYMENT, ID_PERSON, DESCRIPTIONS, BUSINESS) values (219, 3, 219, '[{}]', 'false');
insert into PAYMENT_PERSONS (ID_PAYMENT_PERSON, ID_PAYMENT, ID_PERSON, DESCRIPTIONS, BUSINESS) values (220, 1, 220, '[{}]', 'false');
insert into PAYMENT_PERSONS (ID_PAYMENT_PERSON, ID_PAYMENT, ID_PERSON, DESCRIPTIONS, BUSINESS) values (221, 2, 221, '[{}]', 'true');
insert into PAYMENT_PERSONS (ID_PAYMENT_PERSON, ID_PAYMENT, ID_PERSON, DESCRIPTIONS, BUSINESS) values (222, 3, 222, '[{}]', 'false');
insert into PAYMENT_PERSONS (ID_PAYMENT_PERSON, ID_PAYMENT, ID_PERSON, DESCRIPTIONS, BUSINESS) values (223, 1, 223, '[{}]', 'true');
insert into PAYMENT_PERSONS (ID_PAYMENT_PERSON, ID_PAYMENT, ID_PERSON, DESCRIPTIONS, BUSINESS) values (224, 2, 224, '[{}]', 'false');
insert into PAYMENT_PERSONS (ID_PAYMENT_PERSON, ID_PAYMENT, ID_PERSON, DESCRIPTIONS, BUSINESS) values (225, 3, 225, '[{}]', 'false');
insert into PAYMENT_PERSONS (ID_PAYMENT_PERSON, ID_PAYMENT, ID_PERSON, DESCRIPTIONS, BUSINESS) values (226, 1, 226, '[{}]', 'false');
insert into PAYMENT_PERSONS (ID_PAYMENT_PERSON, ID_PAYMENT, ID_PERSON, DESCRIPTIONS, BUSINESS) values (227, 2, 227, '[{}]', 'true');
insert into PAYMENT_PERSONS (ID_PAYMENT_PERSON, ID_PAYMENT, ID_PERSON, DESCRIPTIONS, BUSINESS) values (228, 3, 228, '[{}]', 'true');
insert into PAYMENT_PERSONS (ID_PAYMENT_PERSON, ID_PAYMENT, ID_PERSON, DESCRIPTIONS, BUSINESS) values (229, 1, 229, '[{}]', 'false');
insert into PAYMENT_PERSONS (ID_PAYMENT_PERSON, ID_PAYMENT, ID_PERSON, DESCRIPTIONS, BUSINESS) values (230, 2, 230, '[{}]', 'true');
insert into PAYMENT_PERSONS (ID_PAYMENT_PERSON, ID_PAYMENT, ID_PERSON, DESCRIPTIONS, BUSINESS) values (231, 3, 231, '[{}]', 'true');
insert into PAYMENT_PERSONS (ID_PAYMENT_PERSON, ID_PAYMENT, ID_PERSON, DESCRIPTIONS, BUSINESS) values (232, 1, 232, '[{}]', 'false');
insert into PAYMENT_PERSONS (ID_PAYMENT_PERSON, ID_PAYMENT, ID_PERSON, DESCRIPTIONS, BUSINESS) values (233, 2, 233, '[{}]', 'false');
insert into PAYMENT_PERSONS (ID_PAYMENT_PERSON, ID_PAYMENT, ID_PERSON, DESCRIPTIONS, BUSINESS) values (234, 3, 234, '[{}]', 'false');
insert into PAYMENT_PERSONS (ID_PAYMENT_PERSON, ID_PAYMENT, ID_PERSON, DESCRIPTIONS, BUSINESS) values (235, 1, 235, '[{}]', 'false');
insert into PAYMENT_PERSONS (ID_PAYMENT_PERSON, ID_PAYMENT, ID_PERSON, DESCRIPTIONS, BUSINESS) values (236, 2, 236, '[{}]', 'false');
insert into PAYMENT_PERSONS (ID_PAYMENT_PERSON, ID_PAYMENT, ID_PERSON, DESCRIPTIONS, BUSINESS) values (237, 3, 237, '[{}]', 'false');
insert into PAYMENT_PERSONS (ID_PAYMENT_PERSON, ID_PAYMENT, ID_PERSON, DESCRIPTIONS, BUSINESS) values (238, 1, 238, '[{}]', 'true');
insert into PAYMENT_PERSONS (ID_PAYMENT_PERSON, ID_PAYMENT, ID_PERSON, DESCRIPTIONS, BUSINESS) values (239, 2, 239, '[{}]', 'false');
insert into PAYMENT_PERSONS (ID_PAYMENT_PERSON, ID_PAYMENT, ID_PERSON, DESCRIPTIONS, BUSINESS) values (240, 3, 240, '[{}]', 'true');
insert into PAYMENT_PERSONS (ID_PAYMENT_PERSON, ID_PAYMENT, ID_PERSON, DESCRIPTIONS, BUSINESS) values (241, 1, 241, '[{}]', 'false');
insert into PAYMENT_PERSONS (ID_PAYMENT_PERSON, ID_PAYMENT, ID_PERSON, DESCRIPTIONS, BUSINESS) values (242, 2, 242, '[{}]', 'true');
insert into PAYMENT_PERSONS (ID_PAYMENT_PERSON, ID_PAYMENT, ID_PERSON, DESCRIPTIONS, BUSINESS) values (243, 3, 243, '[{}]', 'true');
insert into PAYMENT_PERSONS (ID_PAYMENT_PERSON, ID_PAYMENT, ID_PERSON, DESCRIPTIONS, BUSINESS) values (244, 1, 244, '[{}]', 'false');
insert into PAYMENT_PERSONS (ID_PAYMENT_PERSON, ID_PAYMENT, ID_PERSON, DESCRIPTIONS, BUSINESS) values (245, 2, 245, '[{}]', 'false');
insert into PAYMENT_PERSONS (ID_PAYMENT_PERSON, ID_PAYMENT, ID_PERSON, DESCRIPTIONS, BUSINESS) values (246, 3, 246, '[{}]', 'false');
insert into PAYMENT_PERSONS (ID_PAYMENT_PERSON, ID_PAYMENT, ID_PERSON, DESCRIPTIONS, BUSINESS) values (247, 1, 247, '[{}]', 'false');
insert into PAYMENT_PERSONS (ID_PAYMENT_PERSON, ID_PAYMENT, ID_PERSON, DESCRIPTIONS, BUSINESS) values (248, 2, 248, '[{}]', 'true');
insert into PAYMENT_PERSONS (ID_PAYMENT_PERSON, ID_PAYMENT, ID_PERSON, DESCRIPTIONS, BUSINESS) values (249, 3, 249, '[{}]', 'false');
insert into PAYMENT_PERSONS (ID_PAYMENT_PERSON, ID_PAYMENT, ID_PERSON, DESCRIPTIONS, BUSINESS) values (250, 1, 250, '[{}]', 'true');
insert into PAYMENT_PERSONS (ID_PAYMENT_PERSON, ID_PAYMENT, ID_PERSON, DESCRIPTIONS, BUSINESS) values (251, 2, 251, '[{}]', 'false');
insert into PAYMENT_PERSONS (ID_PAYMENT_PERSON, ID_PAYMENT, ID_PERSON, DESCRIPTIONS, BUSINESS) values (252, 3, 252, '[{}]', 'false');
insert into PAYMENT_PERSONS (ID_PAYMENT_PERSON, ID_PAYMENT, ID_PERSON, DESCRIPTIONS, BUSINESS) values (253, 1, 253, '[{}]', 'true');
insert into PAYMENT_PERSONS (ID_PAYMENT_PERSON, ID_PAYMENT, ID_PERSON, DESCRIPTIONS, BUSINESS) values (254, 2, 254, '[{}]', 'false');
insert into PAYMENT_PERSONS (ID_PAYMENT_PERSON, ID_PAYMENT, ID_PERSON, DESCRIPTIONS, BUSINESS) values (255, 3, 255, '[{}]', 'true');
insert into PAYMENT_PERSONS (ID_PAYMENT_PERSON, ID_PAYMENT, ID_PERSON, DESCRIPTIONS, BUSINESS) values (256, 1, 256, '[{}]', 'true');
insert into PAYMENT_PERSONS (ID_PAYMENT_PERSON, ID_PAYMENT, ID_PERSON, DESCRIPTIONS, BUSINESS) values (257, 2, 257, '[{}]', 'false');
insert into PAYMENT_PERSONS (ID_PAYMENT_PERSON, ID_PAYMENT, ID_PERSON, DESCRIPTIONS, BUSINESS) values (258, 3, 258, '[{}]', 'false');
insert into PAYMENT_PERSONS (ID_PAYMENT_PERSON, ID_PAYMENT, ID_PERSON, DESCRIPTIONS, BUSINESS) values (259, 1, 259, '[{}]', 'true');
insert into PAYMENT_PERSONS (ID_PAYMENT_PERSON, ID_PAYMENT, ID_PERSON, DESCRIPTIONS, BUSINESS) values (260, 2, 260, '[{}]', 'true');
insert into PAYMENT_PERSONS (ID_PAYMENT_PERSON, ID_PAYMENT, ID_PERSON, DESCRIPTIONS, BUSINESS) values (261, 3, 261, '[{}]', 'true');
insert into PAYMENT_PERSONS (ID_PAYMENT_PERSON, ID_PAYMENT, ID_PERSON, DESCRIPTIONS, BUSINESS) values (262, 1, 262, '[{}]', 'true');
insert into PAYMENT_PERSONS (ID_PAYMENT_PERSON, ID_PAYMENT, ID_PERSON, DESCRIPTIONS, BUSINESS) values (263, 2, 263, '[{}]', 'true');
insert into PAYMENT_PERSONS (ID_PAYMENT_PERSON, ID_PAYMENT, ID_PERSON, DESCRIPTIONS, BUSINESS) values (264, 3, 264, '[{}]', 'true');
insert into PAYMENT_PERSONS (ID_PAYMENT_PERSON, ID_PAYMENT, ID_PERSON, DESCRIPTIONS, BUSINESS) values (265, 1, 265, '[{}]', 'true');
insert into PAYMENT_PERSONS (ID_PAYMENT_PERSON, ID_PAYMENT, ID_PERSON, DESCRIPTIONS, BUSINESS) values (266, 2, 266, '[{}]', 'true');
insert into PAYMENT_PERSONS (ID_PAYMENT_PERSON, ID_PAYMENT, ID_PERSON, DESCRIPTIONS, BUSINESS) values (267, 3, 267, '[{}]', 'true');
insert into PAYMENT_PERSONS (ID_PAYMENT_PERSON, ID_PAYMENT, ID_PERSON, DESCRIPTIONS, BUSINESS) values (268, 1, 268, '[{}]', 'false');
insert into PAYMENT_PERSONS (ID_PAYMENT_PERSON, ID_PAYMENT, ID_PERSON, DESCRIPTIONS, BUSINESS) values (269, 2, 269, '[{}]', 'true');
insert into PAYMENT_PERSONS (ID_PAYMENT_PERSON, ID_PAYMENT, ID_PERSON, DESCRIPTIONS, BUSINESS) values (270, 3, 270, '[{}]', 'true');
insert into PAYMENT_PERSONS (ID_PAYMENT_PERSON, ID_PAYMENT, ID_PERSON, DESCRIPTIONS, BUSINESS) values (271, 1, 271, '[{}]', 'false');
insert into PAYMENT_PERSONS (ID_PAYMENT_PERSON, ID_PAYMENT, ID_PERSON, DESCRIPTIONS, BUSINESS) values (272, 2, 272, '[{}]', 'true');
insert into PAYMENT_PERSONS (ID_PAYMENT_PERSON, ID_PAYMENT, ID_PERSON, DESCRIPTIONS, BUSINESS) values (273, 3, 273, '[{}]', 'true');
insert into PAYMENT_PERSONS (ID_PAYMENT_PERSON, ID_PAYMENT, ID_PERSON, DESCRIPTIONS, BUSINESS) values (274, 1, 274, '[{}]', 'false');
insert into PAYMENT_PERSONS (ID_PAYMENT_PERSON, ID_PAYMENT, ID_PERSON, DESCRIPTIONS, BUSINESS) values (275, 2, 275, '[{}]', 'true');
insert into PAYMENT_PERSONS (ID_PAYMENT_PERSON, ID_PAYMENT, ID_PERSON, DESCRIPTIONS, BUSINESS) values (276, 3, 276, '[{}]', 'true');
insert into PAYMENT_PERSONS (ID_PAYMENT_PERSON, ID_PAYMENT, ID_PERSON, DESCRIPTIONS, BUSINESS) values (277, 1, 277, '[{}]', 'false');
insert into PAYMENT_PERSONS (ID_PAYMENT_PERSON, ID_PAYMENT, ID_PERSON, DESCRIPTIONS, BUSINESS) values (278, 2, 278, '[{}]', 'false');
insert into PAYMENT_PERSONS (ID_PAYMENT_PERSON, ID_PAYMENT, ID_PERSON, DESCRIPTIONS, BUSINESS) values (279, 3, 279, '[{}]', 'false');
insert into PAYMENT_PERSONS (ID_PAYMENT_PERSON, ID_PAYMENT, ID_PERSON, DESCRIPTIONS, BUSINESS) values (280, 1, 280, '[{}]', 'false');
insert into PAYMENT_PERSONS (ID_PAYMENT_PERSON, ID_PAYMENT, ID_PERSON, DESCRIPTIONS, BUSINESS) values (281, 2, 281, '[{}]', 'true');
insert into PAYMENT_PERSONS (ID_PAYMENT_PERSON, ID_PAYMENT, ID_PERSON, DESCRIPTIONS, BUSINESS) values (282, 3, 282, '[{}]', 'false');
insert into PAYMENT_PERSONS (ID_PAYMENT_PERSON, ID_PAYMENT, ID_PERSON, DESCRIPTIONS, BUSINESS) values (283, 1, 283, '[{}]', 'true');
insert into PAYMENT_PERSONS (ID_PAYMENT_PERSON, ID_PAYMENT, ID_PERSON, DESCRIPTIONS, BUSINESS) values (284, 2, 284, '[{}]', 'true');
insert into PAYMENT_PERSONS (ID_PAYMENT_PERSON, ID_PAYMENT, ID_PERSON, DESCRIPTIONS, BUSINESS) values (285, 3, 285, '[{}]', 'true');
insert into PAYMENT_PERSONS (ID_PAYMENT_PERSON, ID_PAYMENT, ID_PERSON, DESCRIPTIONS, BUSINESS) values (286, 1, 286, '[{}]', 'true');
insert into PAYMENT_PERSONS (ID_PAYMENT_PERSON, ID_PAYMENT, ID_PERSON, DESCRIPTIONS, BUSINESS) values (287, 2, 287, '[{}]', 'false');
insert into PAYMENT_PERSONS (ID_PAYMENT_PERSON, ID_PAYMENT, ID_PERSON, DESCRIPTIONS, BUSINESS) values (288, 3, 288, '[{}]', 'true');
insert into PAYMENT_PERSONS (ID_PAYMENT_PERSON, ID_PAYMENT, ID_PERSON, DESCRIPTIONS, BUSINESS) values (289, 1, 289, '[{}]', 'false');
insert into PAYMENT_PERSONS (ID_PAYMENT_PERSON, ID_PAYMENT, ID_PERSON, DESCRIPTIONS, BUSINESS) values (290, 2, 290, '[{}]', 'false');
insert into PAYMENT_PERSONS (ID_PAYMENT_PERSON, ID_PAYMENT, ID_PERSON, DESCRIPTIONS, BUSINESS) values (291, 3, 291, '[{}]', 'true');
insert into PAYMENT_PERSONS (ID_PAYMENT_PERSON, ID_PAYMENT, ID_PERSON, DESCRIPTIONS, BUSINESS) values (292, 1, 292, '[{}]', 'false');
insert into PAYMENT_PERSONS (ID_PAYMENT_PERSON, ID_PAYMENT, ID_PERSON, DESCRIPTIONS, BUSINESS) values (293, 2, 293, '[{}]', 'false');
insert into PAYMENT_PERSONS (ID_PAYMENT_PERSON, ID_PAYMENT, ID_PERSON, DESCRIPTIONS, BUSINESS) values (294, 3, 294, '[{}]', 'false');
insert into PAYMENT_PERSONS (ID_PAYMENT_PERSON, ID_PAYMENT, ID_PERSON, DESCRIPTIONS, BUSINESS) values (295, 1, 295, '[{}]', 'false');
insert into PAYMENT_PERSONS (ID_PAYMENT_PERSON, ID_PAYMENT, ID_PERSON, DESCRIPTIONS, BUSINESS) values (296, 2, 296, '[{}]', 'false');
insert into PAYMENT_PERSONS (ID_PAYMENT_PERSON, ID_PAYMENT, ID_PERSON, DESCRIPTIONS, BUSINESS) values (297, 3, 297, '[{}]', 'true');
insert into PAYMENT_PERSONS (ID_PAYMENT_PERSON, ID_PAYMENT, ID_PERSON, DESCRIPTIONS, BUSINESS) values (298, 1, 298, '[{}]', 'false');
insert into PAYMENT_PERSONS (ID_PAYMENT_PERSON, ID_PAYMENT, ID_PERSON, DESCRIPTIONS, BUSINESS) values (299, 2, 299, '[{}]', 'true');
insert into PAYMENT_PERSONS (ID_PAYMENT_PERSON, ID_PAYMENT, ID_PERSON, DESCRIPTIONS, BUSINESS) values (300, 3, 300, '[{}]', 'false');
insert into PAYMENT_PERSONS (ID_PAYMENT_PERSON, ID_PAYMENT, ID_PERSON, DESCRIPTIONS, BUSINESS) values (301, 1, 301, '[{}]', 'false');
insert into PAYMENT_PERSONS (ID_PAYMENT_PERSON, ID_PAYMENT, ID_PERSON, DESCRIPTIONS, BUSINESS) values (302, 2, 302, '[{}]', 'true');
insert into PAYMENT_PERSONS (ID_PAYMENT_PERSON, ID_PAYMENT, ID_PERSON, DESCRIPTIONS, BUSINESS) values (303, 3, 303, '[{}]', 'true');
insert into PAYMENT_PERSONS (ID_PAYMENT_PERSON, ID_PAYMENT, ID_PERSON, DESCRIPTIONS, BUSINESS) values (304, 1, 304, '[{}]', 'false');
insert into PAYMENT_PERSONS (ID_PAYMENT_PERSON, ID_PAYMENT, ID_PERSON, DESCRIPTIONS, BUSINESS) values (305, 2, 305, '[{}]', 'false');
insert into PAYMENT_PERSONS (ID_PAYMENT_PERSON, ID_PAYMENT, ID_PERSON, DESCRIPTIONS, BUSINESS) values (306, 3, 306, '[{}]', 'false');
insert into PAYMENT_PERSONS (ID_PAYMENT_PERSON, ID_PAYMENT, ID_PERSON, DESCRIPTIONS, BUSINESS) values (307, 1, 307, '[{}]', 'true');
insert into PAYMENT_PERSONS (ID_PAYMENT_PERSON, ID_PAYMENT, ID_PERSON, DESCRIPTIONS, BUSINESS) values (308, 2, 308, '[{}]', 'true');
insert into PAYMENT_PERSONS (ID_PAYMENT_PERSON, ID_PAYMENT, ID_PERSON, DESCRIPTIONS, BUSINESS) values (309, 3, 309, '[{}]', 'false');
insert into PAYMENT_PERSONS (ID_PAYMENT_PERSON, ID_PAYMENT, ID_PERSON, DESCRIPTIONS, BUSINESS) values (310, 1, 310, '[{}]', 'true');
insert into PAYMENT_PERSONS (ID_PAYMENT_PERSON, ID_PAYMENT, ID_PERSON, DESCRIPTIONS, BUSINESS) values (311, 2, 311, '[{}]', 'false');
insert into PAYMENT_PERSONS (ID_PAYMENT_PERSON, ID_PAYMENT, ID_PERSON, DESCRIPTIONS, BUSINESS) values (312, 3, 312, '[{}]', 'true');
insert into PAYMENT_PERSONS (ID_PAYMENT_PERSON, ID_PAYMENT, ID_PERSON, DESCRIPTIONS, BUSINESS) values (313, 1, 313, '[{}]', 'true');
insert into PAYMENT_PERSONS (ID_PAYMENT_PERSON, ID_PAYMENT, ID_PERSON, DESCRIPTIONS, BUSINESS) values (314, 2, 314, '[{}]', 'false');
insert into PAYMENT_PERSONS (ID_PAYMENT_PERSON, ID_PAYMENT, ID_PERSON, DESCRIPTIONS, BUSINESS) values (315, 3, 315, '[{}]', 'true');
insert into PAYMENT_PERSONS (ID_PAYMENT_PERSON, ID_PAYMENT, ID_PERSON, DESCRIPTIONS, BUSINESS) values (316, 1, 316, '[{}]', 'false');
insert into PAYMENT_PERSONS (ID_PAYMENT_PERSON, ID_PAYMENT, ID_PERSON, DESCRIPTIONS, BUSINESS) values (317, 2, 317, '[{}]', 'true');
insert into PAYMENT_PERSONS (ID_PAYMENT_PERSON, ID_PAYMENT, ID_PERSON, DESCRIPTIONS, BUSINESS) values (318, 3, 318, '[{}]', 'false');
insert into PAYMENT_PERSONS (ID_PAYMENT_PERSON, ID_PAYMENT, ID_PERSON, DESCRIPTIONS, BUSINESS) values (319, 1, 319, '[{}]', 'false');
insert into PAYMENT_PERSONS (ID_PAYMENT_PERSON, ID_PAYMENT, ID_PERSON, DESCRIPTIONS, BUSINESS) values (320, 2, 320, '[{}]', 'true');
insert into PAYMENT_PERSONS (ID_PAYMENT_PERSON, ID_PAYMENT, ID_PERSON, DESCRIPTIONS, BUSINESS) values (321, 3, 321, '[{}]', 'false');
insert into PAYMENT_PERSONS (ID_PAYMENT_PERSON, ID_PAYMENT, ID_PERSON, DESCRIPTIONS, BUSINESS) values (322, 1, 322, '[{}]', 'false');
insert into PAYMENT_PERSONS (ID_PAYMENT_PERSON, ID_PAYMENT, ID_PERSON, DESCRIPTIONS, BUSINESS) values (323, 2, 323, '[{}]', 'true');
insert into PAYMENT_PERSONS (ID_PAYMENT_PERSON, ID_PAYMENT, ID_PERSON, DESCRIPTIONS, BUSINESS) values (324, 3, 324, '[{}]', 'true');
insert into PAYMENT_PERSONS (ID_PAYMENT_PERSON, ID_PAYMENT, ID_PERSON, DESCRIPTIONS, BUSINESS) values (325, 1, 325, '[{}]', 'true');
insert into PAYMENT_PERSONS (ID_PAYMENT_PERSON, ID_PAYMENT, ID_PERSON, DESCRIPTIONS, BUSINESS) values (326, 2, 326, '[{}]', 'false');
insert into PAYMENT_PERSONS (ID_PAYMENT_PERSON, ID_PAYMENT, ID_PERSON, DESCRIPTIONS, BUSINESS) values (327, 3, 327, '[{}]', 'false');
insert into PAYMENT_PERSONS (ID_PAYMENT_PERSON, ID_PAYMENT, ID_PERSON, DESCRIPTIONS, BUSINESS) values (328, 1, 328, '[{}]', 'false');
insert into PAYMENT_PERSONS (ID_PAYMENT_PERSON, ID_PAYMENT, ID_PERSON, DESCRIPTIONS, BUSINESS) values (329, 2, 329, '[{}]', 'true');
insert into PAYMENT_PERSONS (ID_PAYMENT_PERSON, ID_PAYMENT, ID_PERSON, DESCRIPTIONS, BUSINESS) values (330, 3, 330, '[{}]', 'true');
insert into PAYMENT_PERSONS (ID_PAYMENT_PERSON, ID_PAYMENT, ID_PERSON, DESCRIPTIONS, BUSINESS) values (331, 1, 331, '[{}]', 'true');
insert into PAYMENT_PERSONS (ID_PAYMENT_PERSON, ID_PAYMENT, ID_PERSON, DESCRIPTIONS, BUSINESS) values (332, 2, 332, '[{}]', 'true');
insert into PAYMENT_PERSONS (ID_PAYMENT_PERSON, ID_PAYMENT, ID_PERSON, DESCRIPTIONS, BUSINESS) values (333, 3, 333, '[{}]', 'false');
insert into PAYMENT_PERSONS (ID_PAYMENT_PERSON, ID_PAYMENT, ID_PERSON, DESCRIPTIONS, BUSINESS) values (334, 1, 334, '[{}]', 'true');
insert into PAYMENT_PERSONS (ID_PAYMENT_PERSON, ID_PAYMENT, ID_PERSON, DESCRIPTIONS, BUSINESS) values (335, 2, 335, '[{}]', 'false');
insert into PAYMENT_PERSONS (ID_PAYMENT_PERSON, ID_PAYMENT, ID_PERSON, DESCRIPTIONS, BUSINESS) values (336, 3, 336, '[{}]', 'false');
insert into PAYMENT_PERSONS (ID_PAYMENT_PERSON, ID_PAYMENT, ID_PERSON, DESCRIPTIONS, BUSINESS) values (337, 1, 337, '[{}]', 'false');
insert into PAYMENT_PERSONS (ID_PAYMENT_PERSON, ID_PAYMENT, ID_PERSON, DESCRIPTIONS, BUSINESS) values (338, 2, 338, '[{}]', 'true');
insert into PAYMENT_PERSONS (ID_PAYMENT_PERSON, ID_PAYMENT, ID_PERSON, DESCRIPTIONS, BUSINESS) values (339, 3, 339, '[{}]', 'false');
insert into PAYMENT_PERSONS (ID_PAYMENT_PERSON, ID_PAYMENT, ID_PERSON, DESCRIPTIONS, BUSINESS) values (340, 1, 340, '[{}]', 'false');
insert into PAYMENT_PERSONS (ID_PAYMENT_PERSON, ID_PAYMENT, ID_PERSON, DESCRIPTIONS, BUSINESS) values (341, 2, 341, '[{}]', 'true');
insert into PAYMENT_PERSONS (ID_PAYMENT_PERSON, ID_PAYMENT, ID_PERSON, DESCRIPTIONS, BUSINESS) values (342, 3, 342, '[{}]', 'false');
insert into PAYMENT_PERSONS (ID_PAYMENT_PERSON, ID_PAYMENT, ID_PERSON, DESCRIPTIONS, BUSINESS) values (343, 1, 343, '[{}]', 'true');
insert into PAYMENT_PERSONS (ID_PAYMENT_PERSON, ID_PAYMENT, ID_PERSON, DESCRIPTIONS, BUSINESS) values (344, 2, 344, '[{}]', 'false');
insert into PAYMENT_PERSONS (ID_PAYMENT_PERSON, ID_PAYMENT, ID_PERSON, DESCRIPTIONS, BUSINESS) values (345, 3, 345, '[{}]', 'true');
insert into PAYMENT_PERSONS (ID_PAYMENT_PERSON, ID_PAYMENT, ID_PERSON, DESCRIPTIONS, BUSINESS) values (346, 1, 346, '[{}]', 'true');
insert into PAYMENT_PERSONS (ID_PAYMENT_PERSON, ID_PAYMENT, ID_PERSON, DESCRIPTIONS, BUSINESS) values (347, 2, 347, '[{}]', 'false');
insert into PAYMENT_PERSONS (ID_PAYMENT_PERSON, ID_PAYMENT, ID_PERSON, DESCRIPTIONS, BUSINESS) values (348, 3, 348, '[{}]', 'true');
insert into PAYMENT_PERSONS (ID_PAYMENT_PERSON, ID_PAYMENT, ID_PERSON, DESCRIPTIONS, BUSINESS) values (349, 1, 349, '[{}]', 'true');
insert into PAYMENT_PERSONS (ID_PAYMENT_PERSON, ID_PAYMENT, ID_PERSON, DESCRIPTIONS, BUSINESS) values (350, 2, 350, '[{}]', 'false');
insert into PAYMENT_PERSONS (ID_PAYMENT_PERSON, ID_PAYMENT, ID_PERSON, DESCRIPTIONS, BUSINESS) values (351, 3, 351, '[{}]', 'true');
insert into PAYMENT_PERSONS (ID_PAYMENT_PERSON, ID_PAYMENT, ID_PERSON, DESCRIPTIONS, BUSINESS) values (352, 1, 352, '[{}]', 'false');
insert into PAYMENT_PERSONS (ID_PAYMENT_PERSON, ID_PAYMENT, ID_PERSON, DESCRIPTIONS, BUSINESS) values (353, 2, 353, '[{}]', 'true');
insert into PAYMENT_PERSONS (ID_PAYMENT_PERSON, ID_PAYMENT, ID_PERSON, DESCRIPTIONS, BUSINESS) values (354, 3, 354, '[{}]', 'true');
insert into PAYMENT_PERSONS (ID_PAYMENT_PERSON, ID_PAYMENT, ID_PERSON, DESCRIPTIONS, BUSINESS) values (355, 1, 355, '[{}]', 'false');
insert into PAYMENT_PERSONS (ID_PAYMENT_PERSON, ID_PAYMENT, ID_PERSON, DESCRIPTIONS, BUSINESS) values (356, 2, 356, '[{}]', 'false');
insert into PAYMENT_PERSONS (ID_PAYMENT_PERSON, ID_PAYMENT, ID_PERSON, DESCRIPTIONS, BUSINESS) values (357, 3, 357, '[{}]', 'true');
insert into PAYMENT_PERSONS (ID_PAYMENT_PERSON, ID_PAYMENT, ID_PERSON, DESCRIPTIONS, BUSINESS) values (358, 1, 358, '[{}]', 'true');
insert into PAYMENT_PERSONS (ID_PAYMENT_PERSON, ID_PAYMENT, ID_PERSON, DESCRIPTIONS, BUSINESS) values (359, 2, 359, '[{}]', 'true');
insert into PAYMENT_PERSONS (ID_PAYMENT_PERSON, ID_PAYMENT, ID_PERSON, DESCRIPTIONS, BUSINESS) values (360, 3, 360, '[{}]', 'true');
insert into PAYMENT_PERSONS (ID_PAYMENT_PERSON, ID_PAYMENT, ID_PERSON, DESCRIPTIONS, BUSINESS) values (361, 1, 361, '[{}]', 'true');
insert into PAYMENT_PERSONS (ID_PAYMENT_PERSON, ID_PAYMENT, ID_PERSON, DESCRIPTIONS, BUSINESS) values (362, 2, 362, '[{}]', 'true');
insert into PAYMENT_PERSONS (ID_PAYMENT_PERSON, ID_PAYMENT, ID_PERSON, DESCRIPTIONS, BUSINESS) values (363, 3, 363, '[{}]', 'true');
insert into PAYMENT_PERSONS (ID_PAYMENT_PERSON, ID_PAYMENT, ID_PERSON, DESCRIPTIONS, BUSINESS) values (364, 1, 364, '[{}]', 'true');
insert into PAYMENT_PERSONS (ID_PAYMENT_PERSON, ID_PAYMENT, ID_PERSON, DESCRIPTIONS, BUSINESS) values (365, 2, 365, '[{}]', 'true');
insert into PAYMENT_PERSONS (ID_PAYMENT_PERSON, ID_PAYMENT, ID_PERSON, DESCRIPTIONS, BUSINESS) values (366, 3, 366, '[{}]', 'false');
insert into PAYMENT_PERSONS (ID_PAYMENT_PERSON, ID_PAYMENT, ID_PERSON, DESCRIPTIONS, BUSINESS) values (367, 1, 367, '[{}]', 'true');
insert into PAYMENT_PERSONS (ID_PAYMENT_PERSON, ID_PAYMENT, ID_PERSON, DESCRIPTIONS, BUSINESS) values (368, 2, 368, '[{}]', 'false');
insert into PAYMENT_PERSONS (ID_PAYMENT_PERSON, ID_PAYMENT, ID_PERSON, DESCRIPTIONS, BUSINESS) values (369, 3, 369, '[{}]', 'false');
insert into PAYMENT_PERSONS (ID_PAYMENT_PERSON, ID_PAYMENT, ID_PERSON, DESCRIPTIONS, BUSINESS) values (370, 1, 370, '[{}]', 'false');
insert into PAYMENT_PERSONS (ID_PAYMENT_PERSON, ID_PAYMENT, ID_PERSON, DESCRIPTIONS, BUSINESS) values (371, 2, 371, '[{}]', 'false');
insert into PAYMENT_PERSONS (ID_PAYMENT_PERSON, ID_PAYMENT, ID_PERSON, DESCRIPTIONS, BUSINESS) values (372, 3, 372, '[{}]', 'true');
insert into PAYMENT_PERSONS (ID_PAYMENT_PERSON, ID_PAYMENT, ID_PERSON, DESCRIPTIONS, BUSINESS) values (373, 1, 373, '[{}]', 'true');
insert into PAYMENT_PERSONS (ID_PAYMENT_PERSON, ID_PAYMENT, ID_PERSON, DESCRIPTIONS, BUSINESS) values (374, 2, 374, '[{}]', 'false');
insert into PAYMENT_PERSONS (ID_PAYMENT_PERSON, ID_PAYMENT, ID_PERSON, DESCRIPTIONS, BUSINESS) values (375, 3, 375, '[{}]', 'false');
insert into PAYMENT_PERSONS (ID_PAYMENT_PERSON, ID_PAYMENT, ID_PERSON, DESCRIPTIONS, BUSINESS) values (376, 1, 376, '[{}]', 'true');
insert into PAYMENT_PERSONS (ID_PAYMENT_PERSON, ID_PAYMENT, ID_PERSON, DESCRIPTIONS, BUSINESS) values (377, 2, 377, '[{}]', 'true');
insert into PAYMENT_PERSONS (ID_PAYMENT_PERSON, ID_PAYMENT, ID_PERSON, DESCRIPTIONS, BUSINESS) values (378, 3, 378, '[{}]', 'true');
insert into PAYMENT_PERSONS (ID_PAYMENT_PERSON, ID_PAYMENT, ID_PERSON, DESCRIPTIONS, BUSINESS) values (379, 1, 379, '[{}]', 'true');
insert into PAYMENT_PERSONS (ID_PAYMENT_PERSON, ID_PAYMENT, ID_PERSON, DESCRIPTIONS, BUSINESS) values (380, 2, 380, '[{}]', 'true');
insert into PAYMENT_PERSONS (ID_PAYMENT_PERSON, ID_PAYMENT, ID_PERSON, DESCRIPTIONS, BUSINESS) values (381, 3, 381, '[{}]', 'false');
insert into PAYMENT_PERSONS (ID_PAYMENT_PERSON, ID_PAYMENT, ID_PERSON, DESCRIPTIONS, BUSINESS) values (382, 1, 382, '[{}]', 'true');
insert into PAYMENT_PERSONS (ID_PAYMENT_PERSON, ID_PAYMENT, ID_PERSON, DESCRIPTIONS, BUSINESS) values (383, 2, 383, '[{}]', 'false');
insert into PAYMENT_PERSONS (ID_PAYMENT_PERSON, ID_PAYMENT, ID_PERSON, DESCRIPTIONS, BUSINESS) values (384, 3, 384, '[{}]', 'false');
insert into PAYMENT_PERSONS (ID_PAYMENT_PERSON, ID_PAYMENT, ID_PERSON, DESCRIPTIONS, BUSINESS) values (385, 1, 385, '[{}]', 'true');
insert into PAYMENT_PERSONS (ID_PAYMENT_PERSON, ID_PAYMENT, ID_PERSON, DESCRIPTIONS, BUSINESS) values (386, 2, 386, '[{}]', 'true');
insert into PAYMENT_PERSONS (ID_PAYMENT_PERSON, ID_PAYMENT, ID_PERSON, DESCRIPTIONS, BUSINESS) values (387, 3, 387, '[{}]', 'false');
insert into PAYMENT_PERSONS (ID_PAYMENT_PERSON, ID_PAYMENT, ID_PERSON, DESCRIPTIONS, BUSINESS) values (388, 1, 388, '[{}]', 'true');
insert into PAYMENT_PERSONS (ID_PAYMENT_PERSON, ID_PAYMENT, ID_PERSON, DESCRIPTIONS, BUSINESS) values (389, 2, 389, '[{}]', 'false');
insert into PAYMENT_PERSONS (ID_PAYMENT_PERSON, ID_PAYMENT, ID_PERSON, DESCRIPTIONS, BUSINESS) values (390, 3, 390, '[{}]', 'true');
insert into PAYMENT_PERSONS (ID_PAYMENT_PERSON, ID_PAYMENT, ID_PERSON, DESCRIPTIONS, BUSINESS) values (391, 1, 391, '[{}]', 'true');
insert into PAYMENT_PERSONS (ID_PAYMENT_PERSON, ID_PAYMENT, ID_PERSON, DESCRIPTIONS, BUSINESS) values (392, 2, 392, '[{}]', 'true');
insert into PAYMENT_PERSONS (ID_PAYMENT_PERSON, ID_PAYMENT, ID_PERSON, DESCRIPTIONS, BUSINESS) values (393, 3, 393, '[{}]', 'false');
insert into PAYMENT_PERSONS (ID_PAYMENT_PERSON, ID_PAYMENT, ID_PERSON, DESCRIPTIONS, BUSINESS) values (394, 1, 394, '[{}]', 'true');
insert into PAYMENT_PERSONS (ID_PAYMENT_PERSON, ID_PAYMENT, ID_PERSON, DESCRIPTIONS, BUSINESS) values (395, 2, 395, '[{}]', 'false');
insert into PAYMENT_PERSONS (ID_PAYMENT_PERSON, ID_PAYMENT, ID_PERSON, DESCRIPTIONS, BUSINESS) values (396, 3, 396, '[{}]', 'true');
insert into PAYMENT_PERSONS (ID_PAYMENT_PERSON, ID_PAYMENT, ID_PERSON, DESCRIPTIONS, BUSINESS) values (397, 1, 397, '[{}]', 'false');
insert into PAYMENT_PERSONS (ID_PAYMENT_PERSON, ID_PAYMENT, ID_PERSON, DESCRIPTIONS, BUSINESS) values (398, 2, 398, '[{}]', 'true');
insert into PAYMENT_PERSONS (ID_PAYMENT_PERSON, ID_PAYMENT, ID_PERSON, DESCRIPTIONS, BUSINESS) values (399, 3, 399, '[{}]', 'true');
insert into PAYMENT_PERSONS (ID_PAYMENT_PERSON, ID_PAYMENT, ID_PERSON, DESCRIPTIONS, BUSINESS) values (400, 1, 400, '[{}]', 'false');
insert into PAYMENT_PERSONS (ID_PAYMENT_PERSON, ID_PAYMENT, ID_PERSON, DESCRIPTIONS, BUSINESS) values (401, 2, 401, '[{}]', 'true');
insert into PAYMENT_PERSONS (ID_PAYMENT_PERSON, ID_PAYMENT, ID_PERSON, DESCRIPTIONS, BUSINESS) values (402, 3, 402, '[{}]', 'true');
insert into PAYMENT_PERSONS (ID_PAYMENT_PERSON, ID_PAYMENT, ID_PERSON, DESCRIPTIONS, BUSINESS) values (403, 1, 403, '[{}]', 'true');
insert into PAYMENT_PERSONS (ID_PAYMENT_PERSON, ID_PAYMENT, ID_PERSON, DESCRIPTIONS, BUSINESS) values (404, 2, 404, '[{}]', 'false');
insert into PAYMENT_PERSONS (ID_PAYMENT_PERSON, ID_PAYMENT, ID_PERSON, DESCRIPTIONS, BUSINESS) values (405, 3, 405, '[{}]', 'false');
insert into PAYMENT_PERSONS (ID_PAYMENT_PERSON, ID_PAYMENT, ID_PERSON, DESCRIPTIONS, BUSINESS) values (406, 1, 406, '[{}]', 'false');
insert into PAYMENT_PERSONS (ID_PAYMENT_PERSON, ID_PAYMENT, ID_PERSON, DESCRIPTIONS, BUSINESS) values (407, 2, 407, '[{}]', 'true');
insert into PAYMENT_PERSONS (ID_PAYMENT_PERSON, ID_PAYMENT, ID_PERSON, DESCRIPTIONS, BUSINESS) values (408, 3, 408, '[{}]', 'false');
insert into PAYMENT_PERSONS (ID_PAYMENT_PERSON, ID_PAYMENT, ID_PERSON, DESCRIPTIONS, BUSINESS) values (409, 1, 409, '[{}]', 'false');
insert into PAYMENT_PERSONS (ID_PAYMENT_PERSON, ID_PAYMENT, ID_PERSON, DESCRIPTIONS, BUSINESS) values (410, 2, 410, '[{}]', 'true');
insert into PAYMENT_PERSONS (ID_PAYMENT_PERSON, ID_PAYMENT, ID_PERSON, DESCRIPTIONS, BUSINESS) values (411, 3, 411, '[{}]', 'true');
insert into PAYMENT_PERSONS (ID_PAYMENT_PERSON, ID_PAYMENT, ID_PERSON, DESCRIPTIONS, BUSINESS) values (412, 1, 412, '[{}]', 'true');
insert into PAYMENT_PERSONS (ID_PAYMENT_PERSON, ID_PAYMENT, ID_PERSON, DESCRIPTIONS, BUSINESS) values (413, 2, 413, '[{}]', 'true');
insert into PAYMENT_PERSONS (ID_PAYMENT_PERSON, ID_PAYMENT, ID_PERSON, DESCRIPTIONS, BUSINESS) values (414, 3, 414, '[{}]', 'false');
insert into PAYMENT_PERSONS (ID_PAYMENT_PERSON, ID_PAYMENT, ID_PERSON, DESCRIPTIONS, BUSINESS) values (415, 1, 415, '[{}]', 'true');
insert into PAYMENT_PERSONS (ID_PAYMENT_PERSON, ID_PAYMENT, ID_PERSON, DESCRIPTIONS, BUSINESS) values (416, 2, 416, '[{}]', 'true');
insert into PAYMENT_PERSONS (ID_PAYMENT_PERSON, ID_PAYMENT, ID_PERSON, DESCRIPTIONS, BUSINESS) values (417, 3, 417, '[{}]', 'false');
insert into PAYMENT_PERSONS (ID_PAYMENT_PERSON, ID_PAYMENT, ID_PERSON, DESCRIPTIONS, BUSINESS) values (418, 1, 418, '[{}]', 'true');
insert into PAYMENT_PERSONS (ID_PAYMENT_PERSON, ID_PAYMENT, ID_PERSON, DESCRIPTIONS, BUSINESS) values (419, 2, 419, '[{}]', 'true');
insert into PAYMENT_PERSONS (ID_PAYMENT_PERSON, ID_PAYMENT, ID_PERSON, DESCRIPTIONS, BUSINESS) values (420, 3, 420, '[{}]', 'false');
insert into PAYMENT_PERSONS (ID_PAYMENT_PERSON, ID_PAYMENT, ID_PERSON, DESCRIPTIONS, BUSINESS) values (421, 1, 421, '[{}]', 'true');
insert into PAYMENT_PERSONS (ID_PAYMENT_PERSON, ID_PAYMENT, ID_PERSON, DESCRIPTIONS, BUSINESS) values (422, 2, 422, '[{}]', 'true');
insert into PAYMENT_PERSONS (ID_PAYMENT_PERSON, ID_PAYMENT, ID_PERSON, DESCRIPTIONS, BUSINESS) values (423, 3, 423, '[{}]', 'true');
insert into PAYMENT_PERSONS (ID_PAYMENT_PERSON, ID_PAYMENT, ID_PERSON, DESCRIPTIONS, BUSINESS) values (424, 1, 424, '[{}]', 'false');
insert into PAYMENT_PERSONS (ID_PAYMENT_PERSON, ID_PAYMENT, ID_PERSON, DESCRIPTIONS, BUSINESS) values (425, 2, 425, '[{}]', 'true');
insert into PAYMENT_PERSONS (ID_PAYMENT_PERSON, ID_PAYMENT, ID_PERSON, DESCRIPTIONS, BUSINESS) values (426, 3, 426, '[{}]', 'false');
insert into PAYMENT_PERSONS (ID_PAYMENT_PERSON, ID_PAYMENT, ID_PERSON, DESCRIPTIONS, BUSINESS) values (427, 1, 427, '[{}]', 'true');
insert into PAYMENT_PERSONS (ID_PAYMENT_PERSON, ID_PAYMENT, ID_PERSON, DESCRIPTIONS, BUSINESS) values (428, 2, 428, '[{}]', 'true');
insert into PAYMENT_PERSONS (ID_PAYMENT_PERSON, ID_PAYMENT, ID_PERSON, DESCRIPTIONS, BUSINESS) values (429, 3, 429, '[{}]', 'true');
insert into PAYMENT_PERSONS (ID_PAYMENT_PERSON, ID_PAYMENT, ID_PERSON, DESCRIPTIONS, BUSINESS) values (430, 1, 430, '[{}]', 'true');
insert into PAYMENT_PERSONS (ID_PAYMENT_PERSON, ID_PAYMENT, ID_PERSON, DESCRIPTIONS, BUSINESS) values (431, 2, 431, '[{}]', 'true');
insert into PAYMENT_PERSONS (ID_PAYMENT_PERSON, ID_PAYMENT, ID_PERSON, DESCRIPTIONS, BUSINESS) values (432, 3, 432, '[{}]', 'true');
insert into PAYMENT_PERSONS (ID_PAYMENT_PERSON, ID_PAYMENT, ID_PERSON, DESCRIPTIONS, BUSINESS) values (433, 1, 433, '[{}]', 'true');
insert into PAYMENT_PERSONS (ID_PAYMENT_PERSON, ID_PAYMENT, ID_PERSON, DESCRIPTIONS, BUSINESS) values (434, 2, 434, '[{}]', 'true');
insert into PAYMENT_PERSONS (ID_PAYMENT_PERSON, ID_PAYMENT, ID_PERSON, DESCRIPTIONS, BUSINESS) values (435, 3, 435, '[{}]', 'true');
insert into PAYMENT_PERSONS (ID_PAYMENT_PERSON, ID_PAYMENT, ID_PERSON, DESCRIPTIONS, BUSINESS) values (436, 1, 436, '[{}]', 'false');
insert into PAYMENT_PERSONS (ID_PAYMENT_PERSON, ID_PAYMENT, ID_PERSON, DESCRIPTIONS, BUSINESS) values (437, 2, 437, '[{}]', 'false');
insert into PAYMENT_PERSONS (ID_PAYMENT_PERSON, ID_PAYMENT, ID_PERSON, DESCRIPTIONS, BUSINESS) values (438, 3, 438, '[{}]', 'false');
insert into PAYMENT_PERSONS (ID_PAYMENT_PERSON, ID_PAYMENT, ID_PERSON, DESCRIPTIONS, BUSINESS) values (439, 1, 439, '[{}]', 'true');
insert into PAYMENT_PERSONS (ID_PAYMENT_PERSON, ID_PAYMENT, ID_PERSON, DESCRIPTIONS, BUSINESS) values (440, 2, 440, '[{}]', 'false');
insert into PAYMENT_PERSONS (ID_PAYMENT_PERSON, ID_PAYMENT, ID_PERSON, DESCRIPTIONS, BUSINESS) values (441, 3, 441, '[{}]', 'false');
insert into PAYMENT_PERSONS (ID_PAYMENT_PERSON, ID_PAYMENT, ID_PERSON, DESCRIPTIONS, BUSINESS) values (442, 1, 442, '[{}]', 'false');
insert into PAYMENT_PERSONS (ID_PAYMENT_PERSON, ID_PAYMENT, ID_PERSON, DESCRIPTIONS, BUSINESS) values (443, 2, 443, '[{}]', 'true');
insert into PAYMENT_PERSONS (ID_PAYMENT_PERSON, ID_PAYMENT, ID_PERSON, DESCRIPTIONS, BUSINESS) values (444, 3, 444, '[{}]', 'true');
insert into PAYMENT_PERSONS (ID_PAYMENT_PERSON, ID_PAYMENT, ID_PERSON, DESCRIPTIONS, BUSINESS) values (445, 1, 445, '[{}]', 'true');
insert into PAYMENT_PERSONS (ID_PAYMENT_PERSON, ID_PAYMENT, ID_PERSON, DESCRIPTIONS, BUSINESS) values (446, 2, 446, '[{}]', 'true');
insert into PAYMENT_PERSONS (ID_PAYMENT_PERSON, ID_PAYMENT, ID_PERSON, DESCRIPTIONS, BUSINESS) values (447, 3, 447, '[{}]', 'false');
insert into PAYMENT_PERSONS (ID_PAYMENT_PERSON, ID_PAYMENT, ID_PERSON, DESCRIPTIONS, BUSINESS) values (448, 1, 448, '[{}]', 'true');
insert into PAYMENT_PERSONS (ID_PAYMENT_PERSON, ID_PAYMENT, ID_PERSON, DESCRIPTIONS, BUSINESS) values (449, 2, 449, '[{}]', 'false');
insert into PAYMENT_PERSONS (ID_PAYMENT_PERSON, ID_PAYMENT, ID_PERSON, DESCRIPTIONS, BUSINESS) values (450, 3, 450, '[{}]', 'false');
insert into PAYMENT_PERSONS (ID_PAYMENT_PERSON, ID_PAYMENT, ID_PERSON, DESCRIPTIONS, BUSINESS) values (451, 1, 451, '[{}]', 'false');
insert into PAYMENT_PERSONS (ID_PAYMENT_PERSON, ID_PAYMENT, ID_PERSON, DESCRIPTIONS, BUSINESS) values (452, 2, 452, '[{}]', 'true');
insert into PAYMENT_PERSONS (ID_PAYMENT_PERSON, ID_PAYMENT, ID_PERSON, DESCRIPTIONS, BUSINESS) values (453, 3, 453, '[{}]', 'false');
insert into PAYMENT_PERSONS (ID_PAYMENT_PERSON, ID_PAYMENT, ID_PERSON, DESCRIPTIONS, BUSINESS) values (454, 1, 454, '[{}]', 'true');
insert into PAYMENT_PERSONS (ID_PAYMENT_PERSON, ID_PAYMENT, ID_PERSON, DESCRIPTIONS, BUSINESS) values (455, 2, 455, '[{}]', 'true');
insert into PAYMENT_PERSONS (ID_PAYMENT_PERSON, ID_PAYMENT, ID_PERSON, DESCRIPTIONS, BUSINESS) values (456, 3, 456, '[{}]', 'true');
insert into PAYMENT_PERSONS (ID_PAYMENT_PERSON, ID_PAYMENT, ID_PERSON, DESCRIPTIONS, BUSINESS) values (457, 1, 457, '[{}]', 'false');
insert into PAYMENT_PERSONS (ID_PAYMENT_PERSON, ID_PAYMENT, ID_PERSON, DESCRIPTIONS, BUSINESS) values (458, 2, 458, '[{}]', 'false');
insert into PAYMENT_PERSONS (ID_PAYMENT_PERSON, ID_PAYMENT, ID_PERSON, DESCRIPTIONS, BUSINESS) values (459, 3, 459, '[{}]', 'false');
insert into PAYMENT_PERSONS (ID_PAYMENT_PERSON, ID_PAYMENT, ID_PERSON, DESCRIPTIONS, BUSINESS) values (460, 1, 460, '[{}]', 'false');
insert into PAYMENT_PERSONS (ID_PAYMENT_PERSON, ID_PAYMENT, ID_PERSON, DESCRIPTIONS, BUSINESS) values (461, 2, 461, '[{}]', 'false');
insert into PAYMENT_PERSONS (ID_PAYMENT_PERSON, ID_PAYMENT, ID_PERSON, DESCRIPTIONS, BUSINESS) values (462, 3, 462, '[{}]', 'true');
insert into PAYMENT_PERSONS (ID_PAYMENT_PERSON, ID_PAYMENT, ID_PERSON, DESCRIPTIONS, BUSINESS) values (463, 1, 463, '[{}]', 'false');
insert into PAYMENT_PERSONS (ID_PAYMENT_PERSON, ID_PAYMENT, ID_PERSON, DESCRIPTIONS, BUSINESS) values (464, 2, 464, '[{}]', 'true');
insert into PAYMENT_PERSONS (ID_PAYMENT_PERSON, ID_PAYMENT, ID_PERSON, DESCRIPTIONS, BUSINESS) values (465, 3, 465, '[{}]', 'true');
insert into PAYMENT_PERSONS (ID_PAYMENT_PERSON, ID_PAYMENT, ID_PERSON, DESCRIPTIONS, BUSINESS) values (466, 1, 466, '[{}]', 'false');
insert into PAYMENT_PERSONS (ID_PAYMENT_PERSON, ID_PAYMENT, ID_PERSON, DESCRIPTIONS, BUSINESS) values (467, 2, 467, '[{}]', 'false');
insert into PAYMENT_PERSONS (ID_PAYMENT_PERSON, ID_PAYMENT, ID_PERSON, DESCRIPTIONS, BUSINESS) values (468, 3, 468, '[{}]', 'true');
insert into PAYMENT_PERSONS (ID_PAYMENT_PERSON, ID_PAYMENT, ID_PERSON, DESCRIPTIONS, BUSINESS) values (469, 1, 469, '[{}]', 'false');
insert into PAYMENT_PERSONS (ID_PAYMENT_PERSON, ID_PAYMENT, ID_PERSON, DESCRIPTIONS, BUSINESS) values (470, 2, 470, '[{}]', 'false');
insert into PAYMENT_PERSONS (ID_PAYMENT_PERSON, ID_PAYMENT, ID_PERSON, DESCRIPTIONS, BUSINESS) values (471, 3, 471, '[{}]', 'false');
insert into PAYMENT_PERSONS (ID_PAYMENT_PERSON, ID_PAYMENT, ID_PERSON, DESCRIPTIONS, BUSINESS) values (472, 1, 472, '[{}]', 'false');
insert into PAYMENT_PERSONS (ID_PAYMENT_PERSON, ID_PAYMENT, ID_PERSON, DESCRIPTIONS, BUSINESS) values (473, 2, 473, '[{}]', 'true');
insert into PAYMENT_PERSONS (ID_PAYMENT_PERSON, ID_PAYMENT, ID_PERSON, DESCRIPTIONS, BUSINESS) values (474, 3, 474, '[{}]', 'false');
insert into PAYMENT_PERSONS (ID_PAYMENT_PERSON, ID_PAYMENT, ID_PERSON, DESCRIPTIONS, BUSINESS) values (475, 1, 475, '[{}]', 'true');
insert into PAYMENT_PERSONS (ID_PAYMENT_PERSON, ID_PAYMENT, ID_PERSON, DESCRIPTIONS, BUSINESS) values (476, 2, 476, '[{}]', 'true');
insert into PAYMENT_PERSONS (ID_PAYMENT_PERSON, ID_PAYMENT, ID_PERSON, DESCRIPTIONS, BUSINESS) values (477, 3, 477, '[{}]', 'true');
insert into PAYMENT_PERSONS (ID_PAYMENT_PERSON, ID_PAYMENT, ID_PERSON, DESCRIPTIONS, BUSINESS) values (478, 1, 478, '[{}]', 'true');
insert into PAYMENT_PERSONS (ID_PAYMENT_PERSON, ID_PAYMENT, ID_PERSON, DESCRIPTIONS, BUSINESS) values (479, 2, 479, '[{}]', 'true');
insert into PAYMENT_PERSONS (ID_PAYMENT_PERSON, ID_PAYMENT, ID_PERSON, DESCRIPTIONS, BUSINESS) values (480, 3, 480, '[{}]', 'false');
insert into PAYMENT_PERSONS (ID_PAYMENT_PERSON, ID_PAYMENT, ID_PERSON, DESCRIPTIONS, BUSINESS) values (481, 1, 481, '[{}]', 'true');
insert into PAYMENT_PERSONS (ID_PAYMENT_PERSON, ID_PAYMENT, ID_PERSON, DESCRIPTIONS, BUSINESS) values (482, 2, 482, '[{}]', 'true');
insert into PAYMENT_PERSONS (ID_PAYMENT_PERSON, ID_PAYMENT, ID_PERSON, DESCRIPTIONS, BUSINESS) values (483, 3, 483, '[{}]', 'false');
insert into PAYMENT_PERSONS (ID_PAYMENT_PERSON, ID_PAYMENT, ID_PERSON, DESCRIPTIONS, BUSINESS) values (484, 1, 484, '[{}]', 'false');
insert into PAYMENT_PERSONS (ID_PAYMENT_PERSON, ID_PAYMENT, ID_PERSON, DESCRIPTIONS, BUSINESS) values (485, 2, 485, '[{}]', 'true');
insert into PAYMENT_PERSONS (ID_PAYMENT_PERSON, ID_PAYMENT, ID_PERSON, DESCRIPTIONS, BUSINESS) values (486, 3, 486, '[{}]', 'true');
insert into PAYMENT_PERSONS (ID_PAYMENT_PERSON, ID_PAYMENT, ID_PERSON, DESCRIPTIONS, BUSINESS) values (487, 1, 487, '[{}]', 'false');
insert into PAYMENT_PERSONS (ID_PAYMENT_PERSON, ID_PAYMENT, ID_PERSON, DESCRIPTIONS, BUSINESS) values (488, 2, 488, '[{}]', 'true');
insert into PAYMENT_PERSONS (ID_PAYMENT_PERSON, ID_PAYMENT, ID_PERSON, DESCRIPTIONS, BUSINESS) values (489, 3, 489, '[{}]', 'false');
insert into PAYMENT_PERSONS (ID_PAYMENT_PERSON, ID_PAYMENT, ID_PERSON, DESCRIPTIONS, BUSINESS) values (490, 1, 490, '[{}]', 'true');
insert into PAYMENT_PERSONS (ID_PAYMENT_PERSON, ID_PAYMENT, ID_PERSON, DESCRIPTIONS, BUSINESS) values (491, 2, 491, '[{}]', 'true');
insert into PAYMENT_PERSONS (ID_PAYMENT_PERSON, ID_PAYMENT, ID_PERSON, DESCRIPTIONS, BUSINESS) values (492, 3, 492, '[{}]', 'true');
insert into PAYMENT_PERSONS (ID_PAYMENT_PERSON, ID_PAYMENT, ID_PERSON, DESCRIPTIONS, BUSINESS) values (493, 1, 493, '[{}]', 'false');
insert into PAYMENT_PERSONS (ID_PAYMENT_PERSON, ID_PAYMENT, ID_PERSON, DESCRIPTIONS, BUSINESS) values (494, 2, 494, '[{}]', 'false');
insert into PAYMENT_PERSONS (ID_PAYMENT_PERSON, ID_PAYMENT, ID_PERSON, DESCRIPTIONS, BUSINESS) values (495, 3, 495, '[{}]', 'true');
insert into PAYMENT_PERSONS (ID_PAYMENT_PERSON, ID_PAYMENT, ID_PERSON, DESCRIPTIONS, BUSINESS) values (496, 1, 496, '[{}]', 'true');
insert into PAYMENT_PERSONS (ID_PAYMENT_PERSON, ID_PAYMENT, ID_PERSON, DESCRIPTIONS, BUSINESS) values (497, 2, 497, '[{}]', 'true');
insert into PAYMENT_PERSONS (ID_PAYMENT_PERSON, ID_PAYMENT, ID_PERSON, DESCRIPTIONS, BUSINESS) values (498, 3, 498, '[{}]', 'true');
insert into PAYMENT_PERSONS (ID_PAYMENT_PERSON, ID_PAYMENT, ID_PERSON, DESCRIPTIONS, BUSINESS) values (499, 1, 499, '[{}]', 'false');
insert into PAYMENT_PERSONS (ID_PAYMENT_PERSON, ID_PAYMENT, ID_PERSON, DESCRIPTIONS, BUSINESS) values (500, 2, 500, '[{}]', 'true');
insert into PAYMENT_PERSONS (ID_PAYMENT_PERSON, ID_PAYMENT, ID_PERSON, DESCRIPTIONS, BUSINESS) values (501, 3, 501, '[{}]', 'true');
insert into PAYMENT_PERSONS (ID_PAYMENT_PERSON, ID_PAYMENT, ID_PERSON, DESCRIPTIONS, BUSINESS) values (502, 1, 502, '[{}]', 'true');
insert into PAYMENT_PERSONS (ID_PAYMENT_PERSON, ID_PAYMENT, ID_PERSON, DESCRIPTIONS, BUSINESS) values (503, 2, 503, '[{}]', 'true');
insert into PAYMENT_PERSONS (ID_PAYMENT_PERSON, ID_PAYMENT, ID_PERSON, DESCRIPTIONS, BUSINESS) values (504, 3, 504, '[{}]', 'false');
insert into PAYMENT_PERSONS (ID_PAYMENT_PERSON, ID_PAYMENT, ID_PERSON, DESCRIPTIONS, BUSINESS) values (505, 1, 505, '[{}]', 'true');
insert into PAYMENT_PERSONS (ID_PAYMENT_PERSON, ID_PAYMENT, ID_PERSON, DESCRIPTIONS, BUSINESS) values (506, 2, 506, '[{}]', 'false');
insert into PAYMENT_PERSONS (ID_PAYMENT_PERSON, ID_PAYMENT, ID_PERSON, DESCRIPTIONS, BUSINESS) values (507, 3, 507, '[{}]', 'true');
insert into PAYMENT_PERSONS (ID_PAYMENT_PERSON, ID_PAYMENT, ID_PERSON, DESCRIPTIONS, BUSINESS) values (508, 1, 508, '[{}]', 'false');
insert into PAYMENT_PERSONS (ID_PAYMENT_PERSON, ID_PAYMENT, ID_PERSON, DESCRIPTIONS, BUSINESS) values (509, 2, 509, '[{}]', 'true');
insert into PAYMENT_PERSONS (ID_PAYMENT_PERSON, ID_PAYMENT, ID_PERSON, DESCRIPTIONS, BUSINESS) values (510, 3, 510, '[{}]', 'false');
insert into PAYMENT_PERSONS (ID_PAYMENT_PERSON, ID_PAYMENT, ID_PERSON, DESCRIPTIONS, BUSINESS) values (511, 1, 511, '[{}]', 'true');
insert into PAYMENT_PERSONS (ID_PAYMENT_PERSON, ID_PAYMENT, ID_PERSON, DESCRIPTIONS, BUSINESS) values (512, 2, 512, '[{}]', 'false');
insert into PAYMENT_PERSONS (ID_PAYMENT_PERSON, ID_PAYMENT, ID_PERSON, DESCRIPTIONS, BUSINESS) values (513, 3, 513, '[{}]', 'true');
insert into PAYMENT_PERSONS (ID_PAYMENT_PERSON, ID_PAYMENT, ID_PERSON, DESCRIPTIONS, BUSINESS) values (514, 1, 514, '[{}]', 'true');
insert into PAYMENT_PERSONS (ID_PAYMENT_PERSON, ID_PAYMENT, ID_PERSON, DESCRIPTIONS, BUSINESS) values (515, 2, 515, '[{}]', 'false');
insert into PAYMENT_PERSONS (ID_PAYMENT_PERSON, ID_PAYMENT, ID_PERSON, DESCRIPTIONS, BUSINESS) values (516, 3, 516, '[{}]', 'true');
insert into PAYMENT_PERSONS (ID_PAYMENT_PERSON, ID_PAYMENT, ID_PERSON, DESCRIPTIONS, BUSINESS) values (517, 1, 517, '[{}]', 'true');
insert into PAYMENT_PERSONS (ID_PAYMENT_PERSON, ID_PAYMENT, ID_PERSON, DESCRIPTIONS, BUSINESS) values (518, 2, 518, '[{}]', 'true');
insert into PAYMENT_PERSONS (ID_PAYMENT_PERSON, ID_PAYMENT, ID_PERSON, DESCRIPTIONS, BUSINESS) values (519, 3, 519, '[{}]', 'false');
insert into PAYMENT_PERSONS (ID_PAYMENT_PERSON, ID_PAYMENT, ID_PERSON, DESCRIPTIONS, BUSINESS) values (520, 1, 520, '[{}]', 'false');
insert into PAYMENT_PERSONS (ID_PAYMENT_PERSON, ID_PAYMENT, ID_PERSON, DESCRIPTIONS, BUSINESS) values (521, 2, 521, '[{}]', 'false');
insert into PAYMENT_PERSONS (ID_PAYMENT_PERSON, ID_PAYMENT, ID_PERSON, DESCRIPTIONS, BUSINESS) values (522, 3, 522, '[{}]', 'true');
insert into PAYMENT_PERSONS (ID_PAYMENT_PERSON, ID_PAYMENT, ID_PERSON, DESCRIPTIONS, BUSINESS) values (523, 1, 523, '[{}]', 'true');
insert into PAYMENT_PERSONS (ID_PAYMENT_PERSON, ID_PAYMENT, ID_PERSON, DESCRIPTIONS, BUSINESS) values (524, 2, 524, '[{}]', 'false');
insert into PAYMENT_PERSONS (ID_PAYMENT_PERSON, ID_PAYMENT, ID_PERSON, DESCRIPTIONS, BUSINESS) values (525, 3, 525, '[{}]', 'true');
insert into PAYMENT_PERSONS (ID_PAYMENT_PERSON, ID_PAYMENT, ID_PERSON, DESCRIPTIONS, BUSINESS) values (526, 1, 526, '[{}]', 'false');
insert into PAYMENT_PERSONS (ID_PAYMENT_PERSON, ID_PAYMENT, ID_PERSON, DESCRIPTIONS, BUSINESS) values (527, 2, 527, '[{}]', 'false');
insert into PAYMENT_PERSONS (ID_PAYMENT_PERSON, ID_PAYMENT, ID_PERSON, DESCRIPTIONS, BUSINESS) values (528, 3, 528, '[{}]', 'false');
insert into PAYMENT_PERSONS (ID_PAYMENT_PERSON, ID_PAYMENT, ID_PERSON, DESCRIPTIONS, BUSINESS) values (529, 1, 529, '[{}]', 'false');
insert into PAYMENT_PERSONS (ID_PAYMENT_PERSON, ID_PAYMENT, ID_PERSON, DESCRIPTIONS, BUSINESS) values (530, 2, 530, '[{}]', 'false');
insert into PAYMENT_PERSONS (ID_PAYMENT_PERSON, ID_PAYMENT, ID_PERSON, DESCRIPTIONS, BUSINESS) values (531, 3, 531, '[{}]', 'true');
insert into PAYMENT_PERSONS (ID_PAYMENT_PERSON, ID_PAYMENT, ID_PERSON, DESCRIPTIONS, BUSINESS) values (532, 1, 532, '[{}]', 'false');
insert into PAYMENT_PERSONS (ID_PAYMENT_PERSON, ID_PAYMENT, ID_PERSON, DESCRIPTIONS, BUSINESS) values (533, 2, 533, '[{}]', 'true');
insert into PAYMENT_PERSONS (ID_PAYMENT_PERSON, ID_PAYMENT, ID_PERSON, DESCRIPTIONS, BUSINESS) values (534, 3, 534, '[{}]', 'false');
insert into PAYMENT_PERSONS (ID_PAYMENT_PERSON, ID_PAYMENT, ID_PERSON, DESCRIPTIONS, BUSINESS) values (535, 1, 535, '[{}]', 'false');
insert into PAYMENT_PERSONS (ID_PAYMENT_PERSON, ID_PAYMENT, ID_PERSON, DESCRIPTIONS, BUSINESS) values (536, 2, 536, '[{}]', 'true');
insert into PAYMENT_PERSONS (ID_PAYMENT_PERSON, ID_PAYMENT, ID_PERSON, DESCRIPTIONS, BUSINESS) values (537, 3, 537, '[{}]', 'false');
insert into PAYMENT_PERSONS (ID_PAYMENT_PERSON, ID_PAYMENT, ID_PERSON, DESCRIPTIONS, BUSINESS) values (538, 1, 538, '[{}]', 'false');
insert into PAYMENT_PERSONS (ID_PAYMENT_PERSON, ID_PAYMENT, ID_PERSON, DESCRIPTIONS, BUSINESS) values (539, 2, 539, '[{}]', 'true');
insert into PAYMENT_PERSONS (ID_PAYMENT_PERSON, ID_PAYMENT, ID_PERSON, DESCRIPTIONS, BUSINESS) values (540, 3, 540, '[{}]', 'true');
insert into PAYMENT_PERSONS (ID_PAYMENT_PERSON, ID_PAYMENT, ID_PERSON, DESCRIPTIONS, BUSINESS) values (541, 1, 541, '[{}]', 'false');
insert into PAYMENT_PERSONS (ID_PAYMENT_PERSON, ID_PAYMENT, ID_PERSON, DESCRIPTIONS, BUSINESS) values (542, 2, 542, '[{}]', 'false');
insert into PAYMENT_PERSONS (ID_PAYMENT_PERSON, ID_PAYMENT, ID_PERSON, DESCRIPTIONS, BUSINESS) values (543, 3, 543, '[{}]', 'false');
insert into PAYMENT_PERSONS (ID_PAYMENT_PERSON, ID_PAYMENT, ID_PERSON, DESCRIPTIONS, BUSINESS) values (544, 1, 544, '[{}]', 'true');
insert into PAYMENT_PERSONS (ID_PAYMENT_PERSON, ID_PAYMENT, ID_PERSON, DESCRIPTIONS, BUSINESS) values (545, 2, 545, '[{}]', 'true');
insert into PAYMENT_PERSONS (ID_PAYMENT_PERSON, ID_PAYMENT, ID_PERSON, DESCRIPTIONS, BUSINESS) values (546, 3, 546, '[{}]', 'false');
insert into PAYMENT_PERSONS (ID_PAYMENT_PERSON, ID_PAYMENT, ID_PERSON, DESCRIPTIONS, BUSINESS) values (547, 1, 547, '[{}]', 'false');
insert into PAYMENT_PERSONS (ID_PAYMENT_PERSON, ID_PAYMENT, ID_PERSON, DESCRIPTIONS, BUSINESS) values (548, 2, 548, '[{}]', 'true');
insert into PAYMENT_PERSONS (ID_PAYMENT_PERSON, ID_PAYMENT, ID_PERSON, DESCRIPTIONS, BUSINESS) values (549, 3, 549, '[{}]', 'false');
insert into PAYMENT_PERSONS (ID_PAYMENT_PERSON, ID_PAYMENT, ID_PERSON, DESCRIPTIONS, BUSINESS) values (550, 1, 550, '[{}]', 'false');
insert into PAYMENT_PERSONS (ID_PAYMENT_PERSON, ID_PAYMENT, ID_PERSON, DESCRIPTIONS, BUSINESS) values (551, 2, 551, '[{}]', 'false');
insert into PAYMENT_PERSONS (ID_PAYMENT_PERSON, ID_PAYMENT, ID_PERSON, DESCRIPTIONS, BUSINESS) values (552, 3, 552, '[{}]', 'true');
insert into PAYMENT_PERSONS (ID_PAYMENT_PERSON, ID_PAYMENT, ID_PERSON, DESCRIPTIONS, BUSINESS) values (553, 1, 553, '[{}]', 'false');
insert into PAYMENT_PERSONS (ID_PAYMENT_PERSON, ID_PAYMENT, ID_PERSON, DESCRIPTIONS, BUSINESS) values (554, 2, 554, '[{}]', 'false');
insert into PAYMENT_PERSONS (ID_PAYMENT_PERSON, ID_PAYMENT, ID_PERSON, DESCRIPTIONS, BUSINESS) values (555, 3, 555, '[{}]', 'true');
insert into PAYMENT_PERSONS (ID_PAYMENT_PERSON, ID_PAYMENT, ID_PERSON, DESCRIPTIONS, BUSINESS) values (556, 1, 556, '[{}]', 'true');
insert into PAYMENT_PERSONS (ID_PAYMENT_PERSON, ID_PAYMENT, ID_PERSON, DESCRIPTIONS, BUSINESS) values (557, 2, 557, '[{}]', 'true');
insert into PAYMENT_PERSONS (ID_PAYMENT_PERSON, ID_PAYMENT, ID_PERSON, DESCRIPTIONS, BUSINESS) values (558, 3, 558, '[{}]', 'false');
insert into PAYMENT_PERSONS (ID_PAYMENT_PERSON, ID_PAYMENT, ID_PERSON, DESCRIPTIONS, BUSINESS) values (559, 1, 559, '[{}]', 'true');
insert into PAYMENT_PERSONS (ID_PAYMENT_PERSON, ID_PAYMENT, ID_PERSON, DESCRIPTIONS, BUSINESS) values (560, 2, 560, '[{}]', 'true');
insert into PAYMENT_PERSONS (ID_PAYMENT_PERSON, ID_PAYMENT, ID_PERSON, DESCRIPTIONS, BUSINESS) values (561, 3, 561, '[{}]', 'false');
insert into PAYMENT_PERSONS (ID_PAYMENT_PERSON, ID_PAYMENT, ID_PERSON, DESCRIPTIONS, BUSINESS) values (562, 1, 562, '[{}]', 'false');
insert into PAYMENT_PERSONS (ID_PAYMENT_PERSON, ID_PAYMENT, ID_PERSON, DESCRIPTIONS, BUSINESS) values (563, 2, 563, '[{}]', 'true');
insert into PAYMENT_PERSONS (ID_PAYMENT_PERSON, ID_PAYMENT, ID_PERSON, DESCRIPTIONS, BUSINESS) values (564, 3, 564, '[{}]', 'false');
insert into PAYMENT_PERSONS (ID_PAYMENT_PERSON, ID_PAYMENT, ID_PERSON, DESCRIPTIONS, BUSINESS) values (565, 1, 565, '[{}]', 'false');
insert into PAYMENT_PERSONS (ID_PAYMENT_PERSON, ID_PAYMENT, ID_PERSON, DESCRIPTIONS, BUSINESS) values (566, 2, 566, '[{}]', 'true');
insert into PAYMENT_PERSONS (ID_PAYMENT_PERSON, ID_PAYMENT, ID_PERSON, DESCRIPTIONS, BUSINESS) values (567, 3, 567, '[{}]', 'false');
insert into PAYMENT_PERSONS (ID_PAYMENT_PERSON, ID_PAYMENT, ID_PERSON, DESCRIPTIONS, BUSINESS) values (568, 1, 568, '[{}]', 'true');
insert into PAYMENT_PERSONS (ID_PAYMENT_PERSON, ID_PAYMENT, ID_PERSON, DESCRIPTIONS, BUSINESS) values (569, 2, 569, '[{}]', 'true');
insert into PAYMENT_PERSONS (ID_PAYMENT_PERSON, ID_PAYMENT, ID_PERSON, DESCRIPTIONS, BUSINESS) values (570, 3, 570, '[{}]', 'true');
insert into PAYMENT_PERSONS (ID_PAYMENT_PERSON, ID_PAYMENT, ID_PERSON, DESCRIPTIONS, BUSINESS) values (571, 1, 571, '[{}]', 'false');
insert into PAYMENT_PERSONS (ID_PAYMENT_PERSON, ID_PAYMENT, ID_PERSON, DESCRIPTIONS, BUSINESS) values (572, 2, 572, '[{}]', 'true');
insert into PAYMENT_PERSONS (ID_PAYMENT_PERSON, ID_PAYMENT, ID_PERSON, DESCRIPTIONS, BUSINESS) values (573, 3, 573, '[{}]', 'false');
insert into PAYMENT_PERSONS (ID_PAYMENT_PERSON, ID_PAYMENT, ID_PERSON, DESCRIPTIONS, BUSINESS) values (574, 1, 574, '[{}]', 'true');
insert into PAYMENT_PERSONS (ID_PAYMENT_PERSON, ID_PAYMENT, ID_PERSON, DESCRIPTIONS, BUSINESS) values (575, 2, 575, '[{}]', 'false');
insert into PAYMENT_PERSONS (ID_PAYMENT_PERSON, ID_PAYMENT, ID_PERSON, DESCRIPTIONS, BUSINESS) values (576, 3, 576, '[{}]', 'false');
insert into PAYMENT_PERSONS (ID_PAYMENT_PERSON, ID_PAYMENT, ID_PERSON, DESCRIPTIONS, BUSINESS) values (577, 1, 577, '[{}]', 'true');
insert into PAYMENT_PERSONS (ID_PAYMENT_PERSON, ID_PAYMENT, ID_PERSON, DESCRIPTIONS, BUSINESS) values (578, 2, 578, '[{}]', 'false');
insert into PAYMENT_PERSONS (ID_PAYMENT_PERSON, ID_PAYMENT, ID_PERSON, DESCRIPTIONS, BUSINESS) values (579, 3, 579, '[{}]', 'true');
insert into PAYMENT_PERSONS (ID_PAYMENT_PERSON, ID_PAYMENT, ID_PERSON, DESCRIPTIONS, BUSINESS) values (580, 1, 580, '[{}]', 'false');
insert into PAYMENT_PERSONS (ID_PAYMENT_PERSON, ID_PAYMENT, ID_PERSON, DESCRIPTIONS, BUSINESS) values (581, 2, 581, '[{}]', 'false');
insert into PAYMENT_PERSONS (ID_PAYMENT_PERSON, ID_PAYMENT, ID_PERSON, DESCRIPTIONS, BUSINESS) values (582, 3, 582, '[{}]', 'true');
insert into PAYMENT_PERSONS (ID_PAYMENT_PERSON, ID_PAYMENT, ID_PERSON, DESCRIPTIONS, BUSINESS) values (583, 1, 583, '[{}]', 'false');
insert into PAYMENT_PERSONS (ID_PAYMENT_PERSON, ID_PAYMENT, ID_PERSON, DESCRIPTIONS, BUSINESS) values (584, 2, 584, '[{}]', 'false');
insert into PAYMENT_PERSONS (ID_PAYMENT_PERSON, ID_PAYMENT, ID_PERSON, DESCRIPTIONS, BUSINESS) values (585, 3, 585, '[{}]', 'false');
insert into PAYMENT_PERSONS (ID_PAYMENT_PERSON, ID_PAYMENT, ID_PERSON, DESCRIPTIONS, BUSINESS) values (586, 1, 586, '[{}]', 'true');
insert into PAYMENT_PERSONS (ID_PAYMENT_PERSON, ID_PAYMENT, ID_PERSON, DESCRIPTIONS, BUSINESS) values (587, 2, 587, '[{}]', 'false');
insert into PAYMENT_PERSONS (ID_PAYMENT_PERSON, ID_PAYMENT, ID_PERSON, DESCRIPTIONS, BUSINESS) values (588, 3, 588, '[{}]', 'true');
insert into PAYMENT_PERSONS (ID_PAYMENT_PERSON, ID_PAYMENT, ID_PERSON, DESCRIPTIONS, BUSINESS) values (589, 1, 589, '[{}]', 'true');
insert into PAYMENT_PERSONS (ID_PAYMENT_PERSON, ID_PAYMENT, ID_PERSON, DESCRIPTIONS, BUSINESS) values (590, 2, 590, '[{}]', 'true');
insert into PAYMENT_PERSONS (ID_PAYMENT_PERSON, ID_PAYMENT, ID_PERSON, DESCRIPTIONS, BUSINESS) values (591, 3, 591, '[{}]', 'false');
insert into PAYMENT_PERSONS (ID_PAYMENT_PERSON, ID_PAYMENT, ID_PERSON, DESCRIPTIONS, BUSINESS) values (592, 1, 592, '[{}]', 'true');
insert into PAYMENT_PERSONS (ID_PAYMENT_PERSON, ID_PAYMENT, ID_PERSON, DESCRIPTIONS, BUSINESS) values (593, 2, 593, '[{}]', 'false');
insert into PAYMENT_PERSONS (ID_PAYMENT_PERSON, ID_PAYMENT, ID_PERSON, DESCRIPTIONS, BUSINESS) values (594, 3, 594, '[{}]', 'false');
insert into PAYMENT_PERSONS (ID_PAYMENT_PERSON, ID_PAYMENT, ID_PERSON, DESCRIPTIONS, BUSINESS) values (595, 1, 595, '[{}]', 'true');
insert into PAYMENT_PERSONS (ID_PAYMENT_PERSON, ID_PAYMENT, ID_PERSON, DESCRIPTIONS, BUSINESS) values (596, 2, 596, '[{}]', 'false');
insert into PAYMENT_PERSONS (ID_PAYMENT_PERSON, ID_PAYMENT, ID_PERSON, DESCRIPTIONS, BUSINESS) values (597, 3, 597, '[{}]', 'false');
insert into PAYMENT_PERSONS (ID_PAYMENT_PERSON, ID_PAYMENT, ID_PERSON, DESCRIPTIONS, BUSINESS) values (598, 1, 598, '[{}]', 'false');
insert into PAYMENT_PERSONS (ID_PAYMENT_PERSON, ID_PAYMENT, ID_PERSON, DESCRIPTIONS, BUSINESS) values (599, 2, 599, '[{}]', 'false');
insert into PAYMENT_PERSONS (ID_PAYMENT_PERSON, ID_PAYMENT, ID_PERSON, DESCRIPTIONS, BUSINESS) values (600, 3, 600, '[{}]', 'true');
SELECT * FROM PAYMENT_PERSONS;

--codigos promocionales
insert into PROMOTION_CODES (ID_CODE, COURANGE, DESCRIPTION) values (1, 5, 'integrate bleeding-edge e-tailers');
insert into PROMOTION_CODES (ID_CODE, COURANGE, DESCRIPTION) values (2, 6, 'iterate web-enabled schemas');
insert into PROMOTION_CODES (ID_CODE, COURANGE, DESCRIPTION) values (3, 7, 'visualize mission-critical markets');
insert into PROMOTION_CODES (ID_CODE, COURANGE, DESCRIPTION) values (4, 8, 'repurpose cross-media ROI');
insert into PROMOTION_CODES (ID_CODE, COURANGE, DESCRIPTION) values (5, 9, 'synergize virtual synergies');
insert into PROMOTION_CODES (ID_CODE, COURANGE, DESCRIPTION) values (6, 10, 'exploit best-of-breed models');
insert into PROMOTION_CODES (ID_CODE, COURANGE, DESCRIPTION) values (7, 11, 'exploit transparent architectures');
insert into PROMOTION_CODES (ID_CODE, COURANGE, DESCRIPTION) values (8, 12, 'revolutionize real-time communities');
insert into PROMOTION_CODES (ID_CODE, COURANGE, DESCRIPTION) values (9, 13, 'revolutionize enterprise synergies');
insert into PROMOTION_CODES (ID_CODE, COURANGE, DESCRIPTION) values (10, 14, 'repurpose frictionless channels');
insert into PROMOTION_CODES (ID_CODE, COURANGE, DESCRIPTION) values (11, 15, 'facilitate robust e-business');
insert into PROMOTION_CODES (ID_CODE, COURANGE, DESCRIPTION) values (12, 16, 'deploy efficient platforms');
insert into PROMOTION_CODES (ID_CODE, COURANGE, DESCRIPTION) values (13, 17, 'transition intuitive e-services');
insert into PROMOTION_CODES (ID_CODE, COURANGE, DESCRIPTION) values (14, 18, 'orchestrate efficient relationships');
insert into PROMOTION_CODES (ID_CODE, COURANGE, DESCRIPTION) values (15, 19, 'scale B2C solutions');
insert into PROMOTION_CODES (ID_CODE, COURANGE, DESCRIPTION) values (16, 20, 'enable sticky relationships');
insert into PROMOTION_CODES (ID_CODE, COURANGE, DESCRIPTION) values (17, 5, 'visualize customized platforms');
insert into PROMOTION_CODES (ID_CODE, COURANGE, DESCRIPTION) values (18, 6, 'facilitate virtual ROI');
insert into PROMOTION_CODES (ID_CODE, COURANGE, DESCRIPTION) values (19, 7, 'target open-source e-tailers');
insert into PROMOTION_CODES (ID_CODE, COURANGE, DESCRIPTION) values (20, 8, 'implement dynamic applications');
SELECT * FROM PROMOTION_CODES;

--insertar codigos de usuarios
insert into PERSON_CODES (ID_PERSON_CODE, ID_PROMOTION_CODE, ID_PERSON, STATUS) values (1, 1, 1, 0);
insert into PERSON_CODES (ID_PERSON_CODE, ID_PROMOTION_CODE, ID_PERSON, STATUS) values (2, 2, 2, 1);
insert into PERSON_CODES (ID_PERSON_CODE, ID_PROMOTION_CODE, ID_PERSON, STATUS) values (3, 3, 3, 1);
insert into PERSON_CODES (ID_PERSON_CODE, ID_PROMOTION_CODE, ID_PERSON, STATUS) values (4, 4, 4, 0);
insert into PERSON_CODES (ID_PERSON_CODE, ID_PROMOTION_CODE, ID_PERSON, STATUS) values (5, 5, 5, 1);
insert into PERSON_CODES (ID_PERSON_CODE, ID_PROMOTION_CODE, ID_PERSON, STATUS) values (6, 6, 6, 0);
insert into PERSON_CODES (ID_PERSON_CODE, ID_PROMOTION_CODE, ID_PERSON, STATUS) values (7, 7, 7, 1);
insert into PERSON_CODES (ID_PERSON_CODE, ID_PROMOTION_CODE, ID_PERSON, STATUS) values (8, 8, 8, 0);
insert into PERSON_CODES (ID_PERSON_CODE, ID_PROMOTION_CODE, ID_PERSON, STATUS) values (9, 9, 9, 1);
insert into PERSON_CODES (ID_PERSON_CODE, ID_PROMOTION_CODE, ID_PERSON, STATUS) values (10, 10, 10, 1);
insert into PERSON_CODES (ID_PERSON_CODE, ID_PROMOTION_CODE, ID_PERSON, STATUS) values (11, 11, 11, 1);
insert into PERSON_CODES (ID_PERSON_CODE, ID_PROMOTION_CODE, ID_PERSON, STATUS) values (12, 12, 12, 0);
insert into PERSON_CODES (ID_PERSON_CODE, ID_PROMOTION_CODE, ID_PERSON, STATUS) values (13, 13, 13, 0);
insert into PERSON_CODES (ID_PERSON_CODE, ID_PROMOTION_CODE, ID_PERSON, STATUS) values (14, 14, 14, 1);
insert into PERSON_CODES (ID_PERSON_CODE, ID_PROMOTION_CODE, ID_PERSON, STATUS) values (15, 15, 15, 0);
insert into PERSON_CODES (ID_PERSON_CODE, ID_PROMOTION_CODE, ID_PERSON, STATUS) values (16, 16, 16, 1);
insert into PERSON_CODES (ID_PERSON_CODE, ID_PROMOTION_CODE, ID_PERSON, STATUS) values (17, 17, 17, 1);
insert into PERSON_CODES (ID_PERSON_CODE, ID_PROMOTION_CODE, ID_PERSON, STATUS) values (18, 18, 18, 1);
insert into PERSON_CODES (ID_PERSON_CODE, ID_PROMOTION_CODE, ID_PERSON, STATUS) values (19, 19, 19, 1);
insert into PERSON_CODES (ID_PERSON_CODE, ID_PROMOTION_CODE, ID_PERSON, STATUS) values (20, 20, 20, 0);
SELECT * FROM PERSON_CODES;

--insertar conductores
insert into DRIVERS (ID_DRIVER, ID_PERSON, ACCOUNT_NUMBER, NAME_BANK) values (1, 80, '514-15-1759', 'Photofeed');
insert into DRIVERS (ID_DRIVER, ID_PERSON, ACCOUNT_NUMBER, NAME_BANK) values (2, 88, '634-87-8791', 'Realcube');
insert into DRIVERS (ID_DRIVER, ID_PERSON, ACCOUNT_NUMBER, NAME_BANK) values (3, 96, '269-37-9173', 'Edgewire');
insert into DRIVERS (ID_DRIVER, ID_PERSON, ACCOUNT_NUMBER, NAME_BANK) values (4, 104, '434-68-6215', 'Devpulse');
insert into DRIVERS (ID_DRIVER, ID_PERSON, ACCOUNT_NUMBER, NAME_BANK) values (5, 112, '548-15-5066', 'Oloo');
insert into DRIVERS (ID_DRIVER, ID_PERSON, ACCOUNT_NUMBER, NAME_BANK) values (6, 120, '242-76-1736', 'Ntag');
insert into DRIVERS (ID_DRIVER, ID_PERSON, ACCOUNT_NUMBER, NAME_BANK) values (7, 128, '682-13-2303', 'Aimbo');
insert into DRIVERS (ID_DRIVER, ID_PERSON, ACCOUNT_NUMBER, NAME_BANK) values (8, 136, '849-22-4476', 'Zoombox');
insert into DRIVERS (ID_DRIVER, ID_PERSON, ACCOUNT_NUMBER, NAME_BANK) values (9, 144, '669-55-4419', 'Thoughtbeat');
insert into DRIVERS (ID_DRIVER, ID_PERSON, ACCOUNT_NUMBER, NAME_BANK) values (10, 152, '398-10-0591', 'Buzzshare');
insert into DRIVERS (ID_DRIVER, ID_PERSON, ACCOUNT_NUMBER, NAME_BANK) values (11, 160, '458-48-0395', 'Feedmix');
insert into DRIVERS (ID_DRIVER, ID_PERSON, ACCOUNT_NUMBER, NAME_BANK) values (12, 168, '272-21-8491', 'Geba');
insert into DRIVERS (ID_DRIVER, ID_PERSON, ACCOUNT_NUMBER, NAME_BANK) values (13, 176, '885-55-7815', 'Jaxworks');
insert into DRIVERS (ID_DRIVER, ID_PERSON, ACCOUNT_NUMBER, NAME_BANK) values (14, 184, '670-10-9632', 'Flashspan');
insert into DRIVERS (ID_DRIVER, ID_PERSON, ACCOUNT_NUMBER, NAME_BANK) values (15, 192, '222-37-2488', 'Skimia');
insert into DRIVERS (ID_DRIVER, ID_PERSON, ACCOUNT_NUMBER, NAME_BANK) values (16, 200, '705-88-0113', 'Quimm');
insert into DRIVERS (ID_DRIVER, ID_PERSON, ACCOUNT_NUMBER, NAME_BANK) values (17, 208, '306-49-2560', 'Meemm');
insert into DRIVERS (ID_DRIVER, ID_PERSON, ACCOUNT_NUMBER, NAME_BANK) values (18, 216, '605-32-3304', 'Voolith');
insert into DRIVERS (ID_DRIVER, ID_PERSON, ACCOUNT_NUMBER, NAME_BANK) values (19, 224, '888-78-2029', 'Oyondu');
insert into DRIVERS (ID_DRIVER, ID_PERSON, ACCOUNT_NUMBER, NAME_BANK) values (20, 232, '217-66-0006', 'Jabbersphere');
insert into DRIVERS (ID_DRIVER, ID_PERSON, ACCOUNT_NUMBER, NAME_BANK) values (21, 240, '280-72-2205', 'Myworks');
insert into DRIVERS (ID_DRIVER, ID_PERSON, ACCOUNT_NUMBER, NAME_BANK) values (22, 248, '283-98-2347', 'Voonte');
insert into DRIVERS (ID_DRIVER, ID_PERSON, ACCOUNT_NUMBER, NAME_BANK) values (23, 256, '122-59-4049', 'Pixope');
insert into DRIVERS (ID_DRIVER, ID_PERSON, ACCOUNT_NUMBER, NAME_BANK) values (24, 264, '803-66-7533', 'Ailane');
insert into DRIVERS (ID_DRIVER, ID_PERSON, ACCOUNT_NUMBER, NAME_BANK) values (25, 272, '431-38-5202', 'Vinte');
insert into DRIVERS (ID_DRIVER, ID_PERSON, ACCOUNT_NUMBER, NAME_BANK) values (26, 280, '412-72-4039', 'Viva');
insert into DRIVERS (ID_DRIVER, ID_PERSON, ACCOUNT_NUMBER, NAME_BANK) values (27, 288, '671-41-1496', 'Skipstorm');
insert into DRIVERS (ID_DRIVER, ID_PERSON, ACCOUNT_NUMBER, NAME_BANK) values (28, 296, '642-63-6630', 'Riffpath');
insert into DRIVERS (ID_DRIVER, ID_PERSON, ACCOUNT_NUMBER, NAME_BANK) values (29, 304, '401-67-1126', 'Devbug');
insert into DRIVERS (ID_DRIVER, ID_PERSON, ACCOUNT_NUMBER, NAME_BANK) values (30, 312, '376-28-9848', 'Bubbletube');
insert into DRIVERS (ID_DRIVER, ID_PERSON, ACCOUNT_NUMBER, NAME_BANK) values (31, 320, '678-45-7169', 'Meetz');
insert into DRIVERS (ID_DRIVER, ID_PERSON, ACCOUNT_NUMBER, NAME_BANK) values (32, 328, '652-02-7036', 'Quimba');
insert into DRIVERS (ID_DRIVER, ID_PERSON, ACCOUNT_NUMBER, NAME_BANK) values (33, 336, '175-21-3515', 'Bluejam');
insert into DRIVERS (ID_DRIVER, ID_PERSON, ACCOUNT_NUMBER, NAME_BANK) values (34, 344, '858-58-2722', 'Photobean');
insert into DRIVERS (ID_DRIVER, ID_PERSON, ACCOUNT_NUMBER, NAME_BANK) values (35, 352, '653-48-8472', 'DabZ');
insert into DRIVERS (ID_DRIVER, ID_PERSON, ACCOUNT_NUMBER, NAME_BANK) values (36, 360, '767-55-8884', 'Innotype');
insert into DRIVERS (ID_DRIVER, ID_PERSON, ACCOUNT_NUMBER, NAME_BANK) values (37, 368, '526-10-2780', 'Fiveclub');
insert into DRIVERS (ID_DRIVER, ID_PERSON, ACCOUNT_NUMBER, NAME_BANK) values (38, 376, '381-58-1077', 'Jabbertype');
insert into DRIVERS (ID_DRIVER, ID_PERSON, ACCOUNT_NUMBER, NAME_BANK) values (39, 384, '209-59-6023', 'Shufflebeat');
insert into DRIVERS (ID_DRIVER, ID_PERSON, ACCOUNT_NUMBER, NAME_BANK) values (40, 392, '127-77-4566', 'Gevee');
insert into DRIVERS (ID_DRIVER, ID_PERSON, ACCOUNT_NUMBER, NAME_BANK) values (41, 400, '883-12-0547', 'Topiczoom');
insert into DRIVERS (ID_DRIVER, ID_PERSON, ACCOUNT_NUMBER, NAME_BANK) values (42, 408, '695-82-4175', 'Skalith');
insert into DRIVERS (ID_DRIVER, ID_PERSON, ACCOUNT_NUMBER, NAME_BANK) values (43, 416, '645-96-4767', 'Dynabox');
insert into DRIVERS (ID_DRIVER, ID_PERSON, ACCOUNT_NUMBER, NAME_BANK) values (44, 424, '601-44-3660', 'Pixope');
insert into DRIVERS (ID_DRIVER, ID_PERSON, ACCOUNT_NUMBER, NAME_BANK) values (45, 432, '164-33-9662', 'Mydeo');
insert into DRIVERS (ID_DRIVER, ID_PERSON, ACCOUNT_NUMBER, NAME_BANK) values (46, 440, '293-32-2116', 'Blogtags');
insert into DRIVERS (ID_DRIVER, ID_PERSON, ACCOUNT_NUMBER, NAME_BANK) values (47, 448, '823-37-6142', 'Yambee');
insert into DRIVERS (ID_DRIVER, ID_PERSON, ACCOUNT_NUMBER, NAME_BANK) values (48, 456, '447-93-4509', 'Gigashots');
insert into DRIVERS (ID_DRIVER, ID_PERSON, ACCOUNT_NUMBER, NAME_BANK) values (49, 464, '547-96-9800', 'Twitterlist');
insert into DRIVERS (ID_DRIVER, ID_PERSON, ACCOUNT_NUMBER, NAME_BANK) values (50, 472, '440-68-5645', 'Kamba');
insert into DRIVERS (ID_DRIVER, ID_PERSON, ACCOUNT_NUMBER, NAME_BANK) values (51, 480, '794-48-2062', 'Topdrive');
insert into DRIVERS (ID_DRIVER, ID_PERSON, ACCOUNT_NUMBER, NAME_BANK) values (52, 488, '785-56-6415', 'Topicblab');
insert into DRIVERS (ID_DRIVER, ID_PERSON, ACCOUNT_NUMBER, NAME_BANK) values (53, 496, '626-85-1619', 'Topicblab');
insert into DRIVERS (ID_DRIVER, ID_PERSON, ACCOUNT_NUMBER, NAME_BANK) values (54, 504, '897-22-3351', 'Mybuzz');
insert into DRIVERS (ID_DRIVER, ID_PERSON, ACCOUNT_NUMBER, NAME_BANK) values (55, 512, '465-05-5594', 'Gigabox');
insert into DRIVERS (ID_DRIVER, ID_PERSON, ACCOUNT_NUMBER, NAME_BANK) values (56, 520, '384-87-9998', 'Wikizz');
insert into DRIVERS (ID_DRIVER, ID_PERSON, ACCOUNT_NUMBER, NAME_BANK) values (57, 528, '166-46-8246', 'Dynabox');
insert into DRIVERS (ID_DRIVER, ID_PERSON, ACCOUNT_NUMBER, NAME_BANK) values (58, 536, '199-55-9703', 'Jaloo');
insert into DRIVERS (ID_DRIVER, ID_PERSON, ACCOUNT_NUMBER, NAME_BANK) values (59, 544, '287-81-3226', 'Twinte');
insert into DRIVERS (ID_DRIVER, ID_PERSON, ACCOUNT_NUMBER, NAME_BANK) values (60, 552, '565-46-2818', 'Fivespan');
insert into DRIVERS (ID_DRIVER, ID_PERSON, ACCOUNT_NUMBER, NAME_BANK) values (61, 560, '581-55-7736', 'Rhyloo');
insert into DRIVERS (ID_DRIVER, ID_PERSON, ACCOUNT_NUMBER, NAME_BANK) values (62, 568, '820-61-3901', 'Wordtune');
insert into DRIVERS (ID_DRIVER, ID_PERSON, ACCOUNT_NUMBER, NAME_BANK) values (63, 576, '534-34-2572', 'Thoughtworks');
insert into DRIVERS (ID_DRIVER, ID_PERSON, ACCOUNT_NUMBER, NAME_BANK) values (64, 584, '481-69-5327', 'Realbridge');
insert into DRIVERS (ID_DRIVER, ID_PERSON, ACCOUNT_NUMBER, NAME_BANK) values (65, 592, '833-73-5264', 'Thoughtstorm');
insert into DRIVERS (ID_DRIVER, ID_PERSON, ACCOUNT_NUMBER, NAME_BANK) values (66, 600, '302-13-5736', 'Tambee');
insert into DRIVERS (ID_DRIVER, ID_PERSON, ACCOUNT_NUMBER, NAME_BANK) values (67, 87, '403-48-2468', 'Thoughtblab');
insert into DRIVERS (ID_DRIVER, ID_PERSON, ACCOUNT_NUMBER, NAME_BANK) values (68, 95, '250-69-4469', 'Blogtags');
insert into DRIVERS (ID_DRIVER, ID_PERSON, ACCOUNT_NUMBER, NAME_BANK) values (69, 103, '663-51-6445', 'Gabspot');
insert into DRIVERS (ID_DRIVER, ID_PERSON, ACCOUNT_NUMBER, NAME_BANK) values (70, 111, '766-43-7177', 'Roomm');
insert into DRIVERS (ID_DRIVER, ID_PERSON, ACCOUNT_NUMBER, NAME_BANK) values (71, 119, '502-10-2685', 'Layo');
insert into DRIVERS (ID_DRIVER, ID_PERSON, ACCOUNT_NUMBER, NAME_BANK) values (72, 127, '773-23-2419', 'Gigazoom');
insert into DRIVERS (ID_DRIVER, ID_PERSON, ACCOUNT_NUMBER, NAME_BANK) values (73, 135, '286-15-3761', 'Demizz');
insert into DRIVERS (ID_DRIVER, ID_PERSON, ACCOUNT_NUMBER, NAME_BANK) values (74, 143, '597-86-9316', 'Jaxnation');
insert into DRIVERS (ID_DRIVER, ID_PERSON, ACCOUNT_NUMBER, NAME_BANK) values (75, 151, '282-53-6566', 'Ooba');
insert into DRIVERS (ID_DRIVER, ID_PERSON, ACCOUNT_NUMBER, NAME_BANK) values (76, 159, '520-17-3034', 'Einti');
insert into DRIVERS (ID_DRIVER, ID_PERSON, ACCOUNT_NUMBER, NAME_BANK) values (77, 167, '726-03-8524', 'Vitz');
insert into DRIVERS (ID_DRIVER, ID_PERSON, ACCOUNT_NUMBER, NAME_BANK) values (78, 175, '452-57-9112', 'Tambee');
insert into DRIVERS (ID_DRIVER, ID_PERSON, ACCOUNT_NUMBER, NAME_BANK) values (79, 183, '855-06-6252', 'Yabox');
insert into DRIVERS (ID_DRIVER, ID_PERSON, ACCOUNT_NUMBER, NAME_BANK) values (80, 191, '761-40-1544', 'Npath');
insert into DRIVERS (ID_DRIVER, ID_PERSON, ACCOUNT_NUMBER, NAME_BANK) values (81, 199, '835-22-4738', 'Janyx');
insert into DRIVERS (ID_DRIVER, ID_PERSON, ACCOUNT_NUMBER, NAME_BANK) values (82, 207, '700-25-3621', 'Omba');
insert into DRIVERS (ID_DRIVER, ID_PERSON, ACCOUNT_NUMBER, NAME_BANK) values (83, 215, '345-16-4339', 'Voonyx');
insert into DRIVERS (ID_DRIVER, ID_PERSON, ACCOUNT_NUMBER, NAME_BANK) values (84, 223, '725-78-7336', 'Zooveo');
insert into DRIVERS (ID_DRIVER, ID_PERSON, ACCOUNT_NUMBER, NAME_BANK) values (85, 231, '375-21-5462', 'Rhycero');
insert into DRIVERS (ID_DRIVER, ID_PERSON, ACCOUNT_NUMBER, NAME_BANK) values (86, 239, '795-52-1304', 'Zoomlounge');
insert into DRIVERS (ID_DRIVER, ID_PERSON, ACCOUNT_NUMBER, NAME_BANK) values (87, 247, '231-77-2804', 'Skiba');
insert into DRIVERS (ID_DRIVER, ID_PERSON, ACCOUNT_NUMBER, NAME_BANK) values (88, 255, '560-58-4903', 'Eabox');
insert into DRIVERS (ID_DRIVER, ID_PERSON, ACCOUNT_NUMBER, NAME_BANK) values (89, 263, '840-80-4885', 'Zoonoodle');
insert into DRIVERS (ID_DRIVER, ID_PERSON, ACCOUNT_NUMBER, NAME_BANK) values (90, 271, '759-20-7463', 'Trupe');
insert into DRIVERS (ID_DRIVER, ID_PERSON, ACCOUNT_NUMBER, NAME_BANK) values (91, 279, '424-27-7503', 'Wordpedia');
insert into DRIVERS (ID_DRIVER, ID_PERSON, ACCOUNT_NUMBER, NAME_BANK) values (92, 287, '548-11-7410', 'Gabspot');
insert into DRIVERS (ID_DRIVER, ID_PERSON, ACCOUNT_NUMBER, NAME_BANK) values (93, 295, '106-01-0625', 'Zava');
insert into DRIVERS (ID_DRIVER, ID_PERSON, ACCOUNT_NUMBER, NAME_BANK) values (94, 303, '851-04-2040', 'Photobean');
insert into DRIVERS (ID_DRIVER, ID_PERSON, ACCOUNT_NUMBER, NAME_BANK) values (95, 311, '489-76-2456', 'Avamm');
insert into DRIVERS (ID_DRIVER, ID_PERSON, ACCOUNT_NUMBER, NAME_BANK) values (96, 319, '719-83-2789', 'Dabshots');
insert into DRIVERS (ID_DRIVER, ID_PERSON, ACCOUNT_NUMBER, NAME_BANK) values (97, 327, '537-54-6789', 'Wikizz');
insert into DRIVERS (ID_DRIVER, ID_PERSON, ACCOUNT_NUMBER, NAME_BANK) values (98, 335, '102-58-9698', 'Eamia');
insert into DRIVERS (ID_DRIVER, ID_PERSON, ACCOUNT_NUMBER, NAME_BANK) values (99, 343, '579-75-9455', 'Riffwire');
insert into DRIVERS (ID_DRIVER, ID_PERSON, ACCOUNT_NUMBER, NAME_BANK) values (100, 351, '602-76-8367', 'Tagcat');
SELECT * FROM DRIVERS;

--insertar veiculos
insert into VEHICLES (ID_VEHICLE, LICENSE_PLATE, BRAND, V_MODEL, V_YEAR, VEHICLE_TYPE) values (1, '90-B3-D8-FB-E2-99', 'BMW', 'M3', 2006, 1);
insert into VEHICLES (ID_VEHICLE, LICENSE_PLATE, BRAND, V_MODEL, V_YEAR, VEHICLE_TYPE) values (2, 'CC-02-A1-01-BD-A8', 'Plymouth', 'Grand Voyager', 1997, 1);
insert into VEHICLES (ID_VEHICLE, LICENSE_PLATE, BRAND, V_MODEL, V_YEAR, VEHICLE_TYPE) values (3, 'D4-E3-74-66-EB-86', 'GMC', 'Sierra 2500', 2008, 1);
insert into VEHICLES (ID_VEHICLE, LICENSE_PLATE, BRAND, V_MODEL, V_YEAR, VEHICLE_TYPE) values (4, '1C-06-41-5B-DC-55', 'Isuzu', 'Axiom', 2004, 1);
insert into VEHICLES (ID_VEHICLE, LICENSE_PLATE, BRAND, V_MODEL, V_YEAR, VEHICLE_TYPE) values (5, '6F-93-00-E9-E4-45', 'Honda', 'S2000', 2000, 1);
insert into VEHICLES (ID_VEHICLE, LICENSE_PLATE, BRAND, V_MODEL, V_YEAR, VEHICLE_TYPE) values (6, 'D4-8E-AC-B8-DD-99', 'Nissan', '300ZX', 1996, 0);
insert into VEHICLES (ID_VEHICLE, LICENSE_PLATE, BRAND, V_MODEL, V_YEAR, VEHICLE_TYPE) values (7, '03-9D-89-81-7F-39', 'Suzuki', 'XL7', 2008, 0);
insert into VEHICLES (ID_VEHICLE, LICENSE_PLATE, BRAND, V_MODEL, V_YEAR, VEHICLE_TYPE) values (8, '83-CA-48-C9-76-96', 'Ford', 'E-Series', 1993, 1);
insert into VEHICLES (ID_VEHICLE, LICENSE_PLATE, BRAND, V_MODEL, V_YEAR, VEHICLE_TYPE) values (9, '28-CE-F4-C8-25-9B', 'Dodge', 'Neon', 2001, 1);
insert into VEHICLES (ID_VEHICLE, LICENSE_PLATE, BRAND, V_MODEL, V_YEAR, VEHICLE_TYPE) values (10, 'FC-BC-CF-18-01-5B', 'Bentley', 'Continental GTC', 2008, 0);
insert into VEHICLES (ID_VEHICLE, LICENSE_PLATE, BRAND, V_MODEL, V_YEAR, VEHICLE_TYPE) values (11, 'B5-FF-03-29-A5-69', 'Mercedes-Benz', 'S-Class', 1992, 0);
insert into VEHICLES (ID_VEHICLE, LICENSE_PLATE, BRAND, V_MODEL, V_YEAR, VEHICLE_TYPE) values (12, '71-A2-24-81-EB-89', 'Dodge', 'Ram 2500', 1998, 0);
insert into VEHICLES (ID_VEHICLE, LICENSE_PLATE, BRAND, V_MODEL, V_YEAR, VEHICLE_TYPE) values (13, '65-25-A8-FB-C4-DD', 'Saturn', 'L-Series', 2003, 1);
insert into VEHICLES (ID_VEHICLE, LICENSE_PLATE, BRAND, V_MODEL, V_YEAR, VEHICLE_TYPE) values (14, '9F-9A-4C-22-8A-D0', 'Bentley', 'Continental GTC', 2012, 1);
insert into VEHICLES (ID_VEHICLE, LICENSE_PLATE, BRAND, V_MODEL, V_YEAR, VEHICLE_TYPE) values (15, '6A-D9-44-2D-E4-AF', 'BMW', 'M5', 1992, 0);
insert into VEHICLES (ID_VEHICLE, LICENSE_PLATE, BRAND, V_MODEL, V_YEAR, VEHICLE_TYPE) values (16, '50-F9-A2-E9-14-37', 'Oldsmobile', 'Bravada', 1994, 1);
insert into VEHICLES (ID_VEHICLE, LICENSE_PLATE, BRAND, V_MODEL, V_YEAR, VEHICLE_TYPE) values (17, 'C6-61-91-04-A4-B2', 'Chevrolet', 'Camaro', 1975, 0);
insert into VEHICLES (ID_VEHICLE, LICENSE_PLATE, BRAND, V_MODEL, V_YEAR, VEHICLE_TYPE) values (18, 'EA-B9-1C-4E-89-0F', 'Isuzu', 'Amigo', 2000, 0);
insert into VEHICLES (ID_VEHICLE, LICENSE_PLATE, BRAND, V_MODEL, V_YEAR, VEHICLE_TYPE) values (19, '64-FD-66-D6-89-39', 'Lotus', 'Elise', 2010, 0);
insert into VEHICLES (ID_VEHICLE, LICENSE_PLATE, BRAND, V_MODEL, V_YEAR, VEHICLE_TYPE) values (20, 'A0-67-DB-B1-92-94', 'BMW', 'X5 M', 2012, 0);
insert into VEHICLES (ID_VEHICLE, LICENSE_PLATE, BRAND, V_MODEL, V_YEAR, VEHICLE_TYPE) values (21, '70-7F-F6-CE-06-21', 'Chevrolet', 'Silverado 2500', 2008, 1);
insert into VEHICLES (ID_VEHICLE, LICENSE_PLATE, BRAND, V_MODEL, V_YEAR, VEHICLE_TYPE) values (22, 'C9-96-D2-8C-65-5F', 'Land Rover', 'Range Rover', 2005, 1);
insert into VEHICLES (ID_VEHICLE, LICENSE_PLATE, BRAND, V_MODEL, V_YEAR, VEHICLE_TYPE) values (23, 'EC-FA-F9-B6-D7-C0', 'Audi', 'RS6', 2003, 1);
insert into VEHICLES (ID_VEHICLE, LICENSE_PLATE, BRAND, V_MODEL, V_YEAR, VEHICLE_TYPE) values (24, '01-63-59-34-11-E6', 'Mercedes-Benz', 'S-Class', 1986, 1);
insert into VEHICLES (ID_VEHICLE, LICENSE_PLATE, BRAND, V_MODEL, V_YEAR, VEHICLE_TYPE) values (25, 'D5-54-5C-51-DE-3E', 'Mercury', 'Mountaineer', 2002, 0);
insert into VEHICLES (ID_VEHICLE, LICENSE_PLATE, BRAND, V_MODEL, V_YEAR, VEHICLE_TYPE) values (26, '40-61-95-E3-6A-3E', 'Nissan', 'Altima', 1996, 1);
insert into VEHICLES (ID_VEHICLE, LICENSE_PLATE, BRAND, V_MODEL, V_YEAR, VEHICLE_TYPE) values (27, 'FD-0B-44-2B-16-FD', 'Chevrolet', 'Monte Carlo', 2004, 0);
insert into VEHICLES (ID_VEHICLE, LICENSE_PLATE, BRAND, V_MODEL, V_YEAR, VEHICLE_TYPE) values (28, 'B6-13-F3-81-4C-D6', 'Geo', 'Tracker', 1994, 0);
insert into VEHICLES (ID_VEHICLE, LICENSE_PLATE, BRAND, V_MODEL, V_YEAR, VEHICLE_TYPE) values (29, '88-7E-80-04-5E-C0', 'Nissan', 'Pathfinder', 2000, 1);
insert into VEHICLES (ID_VEHICLE, LICENSE_PLATE, BRAND, V_MODEL, V_YEAR, VEHICLE_TYPE) values (30, 'F7-02-30-9F-FC-33', 'Chevrolet', 'Silverado 2500', 2008, 0);
insert into VEHICLES (ID_VEHICLE, LICENSE_PLATE, BRAND, V_MODEL, V_YEAR, VEHICLE_TYPE) values (31, '7B-67-9E-0D-53-E2', 'BMW', '545', 2004, 0);
insert into VEHICLES (ID_VEHICLE, LICENSE_PLATE, BRAND, V_MODEL, V_YEAR, VEHICLE_TYPE) values (32, '51-7D-D0-B3-47-87', 'Volvo', 'V70', 2004, 1);
insert into VEHICLES (ID_VEHICLE, LICENSE_PLATE, BRAND, V_MODEL, V_YEAR, VEHICLE_TYPE) values (33, 'D6-90-6E-97-05-33', 'Chevrolet', 'Impala', 2009, 1);
insert into VEHICLES (ID_VEHICLE, LICENSE_PLATE, BRAND, V_MODEL, V_YEAR, VEHICLE_TYPE) values (34, '2E-5B-75-A1-DB-82', 'Mercedes-Benz', 'S-Class', 2012, 0);
insert into VEHICLES (ID_VEHICLE, LICENSE_PLATE, BRAND, V_MODEL, V_YEAR, VEHICLE_TYPE) values (35, 'BF-E6-DA-8E-2A-26', 'Ford', 'Econoline E350', 1997, 1);
insert into VEHICLES (ID_VEHICLE, LICENSE_PLATE, BRAND, V_MODEL, V_YEAR, VEHICLE_TYPE) values (36, 'AA-1D-76-06-7C-FA', 'Lotus', 'Esprit', 2004, 0);
insert into VEHICLES (ID_VEHICLE, LICENSE_PLATE, BRAND, V_MODEL, V_YEAR, VEHICLE_TYPE) values (37, '8E-96-F1-14-1A-C9', 'Alfa Romeo', '164', 1994, 1);
insert into VEHICLES (ID_VEHICLE, LICENSE_PLATE, BRAND, V_MODEL, V_YEAR, VEHICLE_TYPE) values (38, 'A1-02-47-0B-6E-6E', 'Toyota', 'Camry', 1997, 1);
insert into VEHICLES (ID_VEHICLE, LICENSE_PLATE, BRAND, V_MODEL, V_YEAR, VEHICLE_TYPE) values (39, 'F7-ED-13-8C-DA-67', 'Mazda', 'Millenia', 1997, 0);
insert into VEHICLES (ID_VEHICLE, LICENSE_PLATE, BRAND, V_MODEL, V_YEAR, VEHICLE_TYPE) values (40, 'D6-26-F1-86-4B-F9', 'Mazda', 'MX-6', 1989, 0);
insert into VEHICLES (ID_VEHICLE, LICENSE_PLATE, BRAND, V_MODEL, V_YEAR, VEHICLE_TYPE) values (41, 'A1-B5-AF-DB-86-43', 'BMW', 'M3', 1997, 1);
insert into VEHICLES (ID_VEHICLE, LICENSE_PLATE, BRAND, V_MODEL, V_YEAR, VEHICLE_TYPE) values (42, '0D-8F-B8-57-C8-82', 'GMC', 'Sierra 3500', 2008, 0);
insert into VEHICLES (ID_VEHICLE, LICENSE_PLATE, BRAND, V_MODEL, V_YEAR, VEHICLE_TYPE) values (43, '1A-03-93-B8-EC-62', 'Acura', 'NSX', 1996, 1);
insert into VEHICLES (ID_VEHICLE, LICENSE_PLATE, BRAND, V_MODEL, V_YEAR, VEHICLE_TYPE) values (44, '20-67-05-12-FB-2C', 'Lexus', 'LX', 2010, 0);
insert into VEHICLES (ID_VEHICLE, LICENSE_PLATE, BRAND, V_MODEL, V_YEAR, VEHICLE_TYPE) values (45, '07-1A-A5-EE-51-36', 'Ford', 'Bronco', 1988, 1);
insert into VEHICLES (ID_VEHICLE, LICENSE_PLATE, BRAND, V_MODEL, V_YEAR, VEHICLE_TYPE) values (46, '58-13-62-02-41-D9', 'Mazda', 'B-Series', 2005, 1);
insert into VEHICLES (ID_VEHICLE, LICENSE_PLATE, BRAND, V_MODEL, V_YEAR, VEHICLE_TYPE) values (47, 'D7-D4-AF-BF-14-ED', 'Lexus', 'HS', 2011, 1);
insert into VEHICLES (ID_VEHICLE, LICENSE_PLATE, BRAND, V_MODEL, V_YEAR, VEHICLE_TYPE) values (48, '08-15-08-FE-A1-2F', 'Isuzu', 'Oasis', 1999, 1);
insert into VEHICLES (ID_VEHICLE, LICENSE_PLATE, BRAND, V_MODEL, V_YEAR, VEHICLE_TYPE) values (49, '09-AF-83-AB-C3-75', 'Cadillac', 'Fleetwood', 1996, 1);
insert into VEHICLES (ID_VEHICLE, LICENSE_PLATE, BRAND, V_MODEL, V_YEAR, VEHICLE_TYPE) values (50, '37-31-6A-65-2E-39', 'Dodge', 'Stratus', 1997, 1);
insert into VEHICLES (ID_VEHICLE, LICENSE_PLATE, BRAND, V_MODEL, V_YEAR, VEHICLE_TYPE) values (51, '46-53-0E-26-96-04', 'Toyota', 'Tacoma', 2008, 1);
insert into VEHICLES (ID_VEHICLE, LICENSE_PLATE, BRAND, V_MODEL, V_YEAR, VEHICLE_TYPE) values (52, '6A-24-F7-1E-D7-D1', 'Oldsmobile', 'Silhouette', 2000, 0);
insert into VEHICLES (ID_VEHICLE, LICENSE_PLATE, BRAND, V_MODEL, V_YEAR, VEHICLE_TYPE) values (53, '42-96-99-0A-D7-8A', 'Lexus', 'LX', 2006, 1);
insert into VEHICLES (ID_VEHICLE, LICENSE_PLATE, BRAND, V_MODEL, V_YEAR, VEHICLE_TYPE) values (54, '6B-62-BC-A6-58-14', 'BMW', 'X3', 2008, 0);
insert into VEHICLES (ID_VEHICLE, LICENSE_PLATE, BRAND, V_MODEL, V_YEAR, VEHICLE_TYPE) values (55, '49-EE-A9-F8-2F-D4', 'Subaru', 'Justy', 1987, 0);
insert into VEHICLES (ID_VEHICLE, LICENSE_PLATE, BRAND, V_MODEL, V_YEAR, VEHICLE_TYPE) values (56, 'D7-E0-62-30-81-E5', 'Chevrolet', 'Sportvan G30', 1992, 1);
insert into VEHICLES (ID_VEHICLE, LICENSE_PLATE, BRAND, V_MODEL, V_YEAR, VEHICLE_TYPE) values (57, '24-0C-D8-DC-3A-89', 'Chevrolet', '2500', 1992, 1);
insert into VEHICLES (ID_VEHICLE, LICENSE_PLATE, BRAND, V_MODEL, V_YEAR, VEHICLE_TYPE) values (58, '70-C2-79-F8-65-73', 'Toyota', 'Celica', 1999, 0);
insert into VEHICLES (ID_VEHICLE, LICENSE_PLATE, BRAND, V_MODEL, V_YEAR, VEHICLE_TYPE) values (59, 'BB-EC-56-92-4E-A8', 'Land Rover', 'Range Rover', 2001, 0);
insert into VEHICLES (ID_VEHICLE, LICENSE_PLATE, BRAND, V_MODEL, V_YEAR, VEHICLE_TYPE) values (60, '59-60-F8-BD-15-16', 'Toyota', 'Camry', 2002, 1);
insert into VEHICLES (ID_VEHICLE, LICENSE_PLATE, BRAND, V_MODEL, V_YEAR, VEHICLE_TYPE) values (61, '8B-F3-1B-5B-36-21', 'Bentley', 'Brooklands', 2009, 0);
insert into VEHICLES (ID_VEHICLE, LICENSE_PLATE, BRAND, V_MODEL, V_YEAR, VEHICLE_TYPE) values (62, 'CF-82-E1-43-53-7F', 'Saab', '9-3', 2011, 1);
insert into VEHICLES (ID_VEHICLE, LICENSE_PLATE, BRAND, V_MODEL, V_YEAR, VEHICLE_TYPE) values (63, 'EE-44-65-A3-FB-97', 'Chevrolet', 'Express', 2007, 0);
insert into VEHICLES (ID_VEHICLE, LICENSE_PLATE, BRAND, V_MODEL, V_YEAR, VEHICLE_TYPE) values (64, '1F-63-A5-5E-29-D8', 'Bentley', 'Continental Flying Spur', 2010, 0);
insert into VEHICLES (ID_VEHICLE, LICENSE_PLATE, BRAND, V_MODEL, V_YEAR, VEHICLE_TYPE) values (65, '22-8F-5B-19-AF-CF', 'Nissan', 'Frontier', 2010, 0);
insert into VEHICLES (ID_VEHICLE, LICENSE_PLATE, BRAND, V_MODEL, V_YEAR, VEHICLE_TYPE) values (66, '6F-DB-22-C1-4B-7A', 'Chevrolet', 'Tracker', 2000, 1);
insert into VEHICLES (ID_VEHICLE, LICENSE_PLATE, BRAND, V_MODEL, V_YEAR, VEHICLE_TYPE) values (67, '28-86-49-CF-3C-1C', 'GMC', 'Yukon XL 1500', 2008, 0);
insert into VEHICLES (ID_VEHICLE, LICENSE_PLATE, BRAND, V_MODEL, V_YEAR, VEHICLE_TYPE) values (68, '71-D3-98-38-07-5F', 'Audi', 'Allroad', 2001, 0);
insert into VEHICLES (ID_VEHICLE, LICENSE_PLATE, BRAND, V_MODEL, V_YEAR, VEHICLE_TYPE) values (69, '2D-BA-B8-0C-1B-CB', 'BMW', 'Z3', 1999, 1);
insert into VEHICLES (ID_VEHICLE, LICENSE_PLATE, BRAND, V_MODEL, V_YEAR, VEHICLE_TYPE) values (70, 'E6-32-B8-F0-DC-DC', 'Isuzu', 'Trooper', 1999, 1);
insert into VEHICLES (ID_VEHICLE, LICENSE_PLATE, BRAND, V_MODEL, V_YEAR, VEHICLE_TYPE) values (71, '20-30-49-FD-47-54', 'Land Rover', 'Range Rover Evoque', 2012, 1);
insert into VEHICLES (ID_VEHICLE, LICENSE_PLATE, BRAND, V_MODEL, V_YEAR, VEHICLE_TYPE) values (72, '8A-43-A3-65-ED-F7', 'Buick', 'Rendezvous', 2004, 0);
insert into VEHICLES (ID_VEHICLE, LICENSE_PLATE, BRAND, V_MODEL, V_YEAR, VEHICLE_TYPE) values (73, 'B1-2A-21-94-4B-EA', 'Volkswagen', 'Phaeton', 2006, 1);
insert into VEHICLES (ID_VEHICLE, LICENSE_PLATE, BRAND, V_MODEL, V_YEAR, VEHICLE_TYPE) values (74, '0A-7E-A2-00-34-D1', 'Chrysler', 'Concorde', 2001, 1);
insert into VEHICLES (ID_VEHICLE, LICENSE_PLATE, BRAND, V_MODEL, V_YEAR, VEHICLE_TYPE) values (75, '17-03-E8-A8-90-16', 'Nissan', '300ZX', 1996, 1);
insert into VEHICLES (ID_VEHICLE, LICENSE_PLATE, BRAND, V_MODEL, V_YEAR, VEHICLE_TYPE) values (76, 'F3-9F-7D-89-E3-3F', 'Oldsmobile', 'Intrigue', 2000, 0);
insert into VEHICLES (ID_VEHICLE, LICENSE_PLATE, BRAND, V_MODEL, V_YEAR, VEHICLE_TYPE) values (77, '0F-80-75-E0-84-66', 'Volvo', 'V70', 1998, 0);
insert into VEHICLES (ID_VEHICLE, LICENSE_PLATE, BRAND, V_MODEL, V_YEAR, VEHICLE_TYPE) values (78, 'BC-8B-D4-26-C0-2E', 'Alfa Romeo', '164', 1995, 1);
insert into VEHICLES (ID_VEHICLE, LICENSE_PLATE, BRAND, V_MODEL, V_YEAR, VEHICLE_TYPE) values (79, '3F-7D-B3-B3-A7-4E', 'Mitsubishi', 'Lancer', 2005, 1);
insert into VEHICLES (ID_VEHICLE, LICENSE_PLATE, BRAND, V_MODEL, V_YEAR, VEHICLE_TYPE) values (80, '17-01-3E-1A-28-B3', 'Chevrolet', 'Suburban 1500', 2010, 1);
insert into VEHICLES (ID_VEHICLE, LICENSE_PLATE, BRAND, V_MODEL, V_YEAR, VEHICLE_TYPE) values (81, 'D8-52-C7-CF-31-C9', 'Mitsubishi', 'Montero', 1993, 1);
insert into VEHICLES (ID_VEHICLE, LICENSE_PLATE, BRAND, V_MODEL, V_YEAR, VEHICLE_TYPE) values (82, 'F7-85-63-D2-73-ED', 'Oldsmobile', 'Bravada', 2002, 1);
insert into VEHICLES (ID_VEHICLE, LICENSE_PLATE, BRAND, V_MODEL, V_YEAR, VEHICLE_TYPE) values (83, 'A5-18-95-2F-18-32', 'Dodge', 'Viper', 1998, 0);
insert into VEHICLES (ID_VEHICLE, LICENSE_PLATE, BRAND, V_MODEL, V_YEAR, VEHICLE_TYPE) values (84, '02-3E-AB-5C-5A-9F', 'Daihatsu', 'Rocky', 1992, 1);
insert into VEHICLES (ID_VEHICLE, LICENSE_PLATE, BRAND, V_MODEL, V_YEAR, VEHICLE_TYPE) values (85, '00-F1-31-E7-1A-FD', 'Nissan', '240SX', 1998, 1);
insert into VEHICLES (ID_VEHICLE, LICENSE_PLATE, BRAND, V_MODEL, V_YEAR, VEHICLE_TYPE) values (86, 'AD-A4-62-57-1E-79', 'Dodge', 'Neon', 1996, 0);
insert into VEHICLES (ID_VEHICLE, LICENSE_PLATE, BRAND, V_MODEL, V_YEAR, VEHICLE_TYPE) values (87, 'E1-AC-12-DE-31-7C', 'Ford', 'Windstar', 1996, 1);
insert into VEHICLES (ID_VEHICLE, LICENSE_PLATE, BRAND, V_MODEL, V_YEAR, VEHICLE_TYPE) values (88, 'BC-6C-72-94-C1-FD', 'Cadillac', 'Escalade EXT', 2005, 1);
insert into VEHICLES (ID_VEHICLE, LICENSE_PLATE, BRAND, V_MODEL, V_YEAR, VEHICLE_TYPE) values (89, '9D-9F-A6-4A-FE-90', 'GMC', 'Yukon', 2005, 1);
insert into VEHICLES (ID_VEHICLE, LICENSE_PLATE, BRAND, V_MODEL, V_YEAR, VEHICLE_TYPE) values (90, 'E1-5F-80-D7-1A-20', 'Pontiac', '6000', 1986, 1);
insert into VEHICLES (ID_VEHICLE, LICENSE_PLATE, BRAND, V_MODEL, V_YEAR, VEHICLE_TYPE) values (91, '76-72-59-1C-C9-48', 'Toyota', 'Corolla', 2001, 0);
insert into VEHICLES (ID_VEHICLE, LICENSE_PLATE, BRAND, V_MODEL, V_YEAR, VEHICLE_TYPE) values (92, 'EF-3A-1C-44-D4-6D', 'Mercedes-Benz', 'E-Class', 1995, 1);
insert into VEHICLES (ID_VEHICLE, LICENSE_PLATE, BRAND, V_MODEL, V_YEAR, VEHICLE_TYPE) values (93, '58-6D-28-E7-DA-B8', 'Lincoln', 'MKS', 2012, 0);
insert into VEHICLES (ID_VEHICLE, LICENSE_PLATE, BRAND, V_MODEL, V_YEAR, VEHICLE_TYPE) values (94, 'E2-0C-17-7A-02-FD', 'Dodge', 'Nitro', 2010, 1);
insert into VEHICLES (ID_VEHICLE, LICENSE_PLATE, BRAND, V_MODEL, V_YEAR, VEHICLE_TYPE) values (95, 'FA-DA-BE-12-66-78', 'Chrysler', 'Cirrus', 1995, 1);
insert into VEHICLES (ID_VEHICLE, LICENSE_PLATE, BRAND, V_MODEL, V_YEAR, VEHICLE_TYPE) values (96, '33-A8-AA-5D-26-70', 'Nissan', '370Z', 2011, 0);
insert into VEHICLES (ID_VEHICLE, LICENSE_PLATE, BRAND, V_MODEL, V_YEAR, VEHICLE_TYPE) values (97, '06-77-89-6D-95-24', 'Hyundai', 'Tucson', 2012, 1);
insert into VEHICLES (ID_VEHICLE, LICENSE_PLATE, BRAND, V_MODEL, V_YEAR, VEHICLE_TYPE) values (98, '5A-A3-3F-3B-1B-CB', 'Mazda', '929', 1993, 1);
insert into VEHICLES (ID_VEHICLE, LICENSE_PLATE, BRAND, V_MODEL, V_YEAR, VEHICLE_TYPE) values (99, 'E3-9D-52-9B-38-F4', 'Honda', 'Civic Si', 2006, 1);
insert into VEHICLES (ID_VEHICLE, LICENSE_PLATE, BRAND, V_MODEL, V_YEAR, VEHICLE_TYPE) values (100, '06-8D-C1-56-26-80', 'Toyota', 'Tacoma', 2012, 0);
SELECT * FROM VEHICLES;

--insertar carro de conductor
insert into VEHICLES_DRIVERS (ID_VEHICLE_DIRVER, ID_VEHICLE, ID_DRIVER, DATE_LINKAGE, STATUS) values (1, 1, 1, '09/09/2018', 0);
insert into VEHICLES_DRIVERS (ID_VEHICLE_DIRVER, ID_VEHICLE, ID_DRIVER, DATE_LINKAGE, STATUS) values (2, 2, 2, '09/03/2018', 0);
insert into VEHICLES_DRIVERS (ID_VEHICLE_DIRVER, ID_VEHICLE, ID_DRIVER, DATE_LINKAGE, STATUS) values (3, 3, 3, '09/03/2018', 0);
insert into VEHICLES_DRIVERS (ID_VEHICLE_DIRVER, ID_VEHICLE, ID_DRIVER, DATE_LINKAGE, STATUS) values (4, 4, 4, '09/11/2018', 1);
insert into VEHICLES_DRIVERS (ID_VEHICLE_DIRVER, ID_VEHICLE, ID_DRIVER, DATE_LINKAGE, STATUS) values (5, 5, 5, '09/07/2018', 0);
insert into VEHICLES_DRIVERS (ID_VEHICLE_DIRVER, ID_VEHICLE, ID_DRIVER, DATE_LINKAGE, STATUS) values (6, 6, 6, '09/04/2018', 1);
insert into VEHICLES_DRIVERS (ID_VEHICLE_DIRVER, ID_VEHICLE, ID_DRIVER, DATE_LINKAGE, STATUS) values (7, 7, 7, '09/01/2018', 0);
insert into VEHICLES_DRIVERS (ID_VEHICLE_DIRVER, ID_VEHICLE, ID_DRIVER, DATE_LINKAGE, STATUS) values (8, 8, 8, '09/04/2018', 0);
insert into VEHICLES_DRIVERS (ID_VEHICLE_DIRVER, ID_VEHICLE, ID_DRIVER, DATE_LINKAGE, STATUS) values (9, 9, 9, '09/06/2018', 0);
insert into VEHICLES_DRIVERS (ID_VEHICLE_DIRVER, ID_VEHICLE, ID_DRIVER, DATE_LINKAGE, STATUS) values (10, 10, 10, '09/10/2018', 0);
insert into VEHICLES_DRIVERS (ID_VEHICLE_DIRVER, ID_VEHICLE, ID_DRIVER, DATE_LINKAGE, STATUS) values (11, 11, 11, '09/06/2018', 1);
insert into VEHICLES_DRIVERS (ID_VEHICLE_DIRVER, ID_VEHICLE, ID_DRIVER, DATE_LINKAGE, STATUS) values (12, 12, 12, '09/10/2018', 0);
insert into VEHICLES_DRIVERS (ID_VEHICLE_DIRVER, ID_VEHICLE, ID_DRIVER, DATE_LINKAGE, STATUS) values (13, 13, 13, '09/02/2018', 1);
insert into VEHICLES_DRIVERS (ID_VEHICLE_DIRVER, ID_VEHICLE, ID_DRIVER, DATE_LINKAGE, STATUS) values (14, 14, 14, '09/02/2018', 0);
insert into VEHICLES_DRIVERS (ID_VEHICLE_DIRVER, ID_VEHICLE, ID_DRIVER, DATE_LINKAGE, STATUS) values (15, 15, 15, '09/03/2018', 1);
insert into VEHICLES_DRIVERS (ID_VEHICLE_DIRVER, ID_VEHICLE, ID_DRIVER, DATE_LINKAGE, STATUS) values (16, 16, 16, '09/09/2018', 0);
insert into VEHICLES_DRIVERS (ID_VEHICLE_DIRVER, ID_VEHICLE, ID_DRIVER, DATE_LINKAGE, STATUS) values (17, 17, 17, '09/09/2018', 0);
insert into VEHICLES_DRIVERS (ID_VEHICLE_DIRVER, ID_VEHICLE, ID_DRIVER, DATE_LINKAGE, STATUS) values (18, 18, 18, '09/11/2018', 0);
insert into VEHICLES_DRIVERS (ID_VEHICLE_DIRVER, ID_VEHICLE, ID_DRIVER, DATE_LINKAGE, STATUS) values (19, 19, 19, '09/03/2018', 1);
insert into VEHICLES_DRIVERS (ID_VEHICLE_DIRVER, ID_VEHICLE, ID_DRIVER, DATE_LINKAGE, STATUS) values (20, 20, 20, '09/07/2018', 0);
insert into VEHICLES_DRIVERS (ID_VEHICLE_DIRVER, ID_VEHICLE, ID_DRIVER, DATE_LINKAGE, STATUS) values (21, 21, 21, '09/04/2018', 1);
insert into VEHICLES_DRIVERS (ID_VEHICLE_DIRVER, ID_VEHICLE, ID_DRIVER, DATE_LINKAGE, STATUS) values (22, 22, 22, '09/09/2018', 1);
insert into VEHICLES_DRIVERS (ID_VEHICLE_DIRVER, ID_VEHICLE, ID_DRIVER, DATE_LINKAGE, STATUS) values (23, 23, 23, '09/06/2018', 0);
insert into VEHICLES_DRIVERS (ID_VEHICLE_DIRVER, ID_VEHICLE, ID_DRIVER, DATE_LINKAGE, STATUS) values (24, 24, 24, '09/06/2018', 0);
insert into VEHICLES_DRIVERS (ID_VEHICLE_DIRVER, ID_VEHICLE, ID_DRIVER, DATE_LINKAGE, STATUS) values (25, 25, 25, '09/05/2018', 0);
insert into VEHICLES_DRIVERS (ID_VEHICLE_DIRVER, ID_VEHICLE, ID_DRIVER, DATE_LINKAGE, STATUS) values (26, 26, 26, '09/01/2018', 0);
insert into VEHICLES_DRIVERS (ID_VEHICLE_DIRVER, ID_VEHICLE, ID_DRIVER, DATE_LINKAGE, STATUS) values (27, 27, 27, '09/10/2018', 0);
insert into VEHICLES_DRIVERS (ID_VEHICLE_DIRVER, ID_VEHICLE, ID_DRIVER, DATE_LINKAGE, STATUS) values (28, 28, 28, '09/07/2018', 0);
insert into VEHICLES_DRIVERS (ID_VEHICLE_DIRVER, ID_VEHICLE, ID_DRIVER, DATE_LINKAGE, STATUS) values (29, 29, 29, '09/05/2018', 1);
insert into VEHICLES_DRIVERS (ID_VEHICLE_DIRVER, ID_VEHICLE, ID_DRIVER, DATE_LINKAGE, STATUS) values (30, 30, 30, '09/01/2018', 0);
insert into VEHICLES_DRIVERS (ID_VEHICLE_DIRVER, ID_VEHICLE, ID_DRIVER, DATE_LINKAGE, STATUS) values (31, 31, 31, '09/06/2018', 0);
insert into VEHICLES_DRIVERS (ID_VEHICLE_DIRVER, ID_VEHICLE, ID_DRIVER, DATE_LINKAGE, STATUS) values (32, 32, 32, '09/03/2018', 0);
insert into VEHICLES_DRIVERS (ID_VEHICLE_DIRVER, ID_VEHICLE, ID_DRIVER, DATE_LINKAGE, STATUS) values (33, 33, 33, '09/07/2018', 1);
insert into VEHICLES_DRIVERS (ID_VEHICLE_DIRVER, ID_VEHICLE, ID_DRIVER, DATE_LINKAGE, STATUS) values (34, 34, 34, '09/08/2018', 0);
insert into VEHICLES_DRIVERS (ID_VEHICLE_DIRVER, ID_VEHICLE, ID_DRIVER, DATE_LINKAGE, STATUS) values (35, 35, 35, '09/03/2018', 1);
insert into VEHICLES_DRIVERS (ID_VEHICLE_DIRVER, ID_VEHICLE, ID_DRIVER, DATE_LINKAGE, STATUS) values (36, 36, 36, '09/01/2018', 1);
insert into VEHICLES_DRIVERS (ID_VEHICLE_DIRVER, ID_VEHICLE, ID_DRIVER, DATE_LINKAGE, STATUS) values (37, 37, 37, '09/05/2018', 1);
insert into VEHICLES_DRIVERS (ID_VEHICLE_DIRVER, ID_VEHICLE, ID_DRIVER, DATE_LINKAGE, STATUS) values (38, 38, 38, '09/06/2018', 0);
insert into VEHICLES_DRIVERS (ID_VEHICLE_DIRVER, ID_VEHICLE, ID_DRIVER, DATE_LINKAGE, STATUS) values (39, 39, 39, '09/04/2018', 1);
insert into VEHICLES_DRIVERS (ID_VEHICLE_DIRVER, ID_VEHICLE, ID_DRIVER, DATE_LINKAGE, STATUS) values (40, 40, 40, '09/10/2018', 1);
insert into VEHICLES_DRIVERS (ID_VEHICLE_DIRVER, ID_VEHICLE, ID_DRIVER, DATE_LINKAGE, STATUS) values (41, 41, 41, '09/11/2018', 1);
insert into VEHICLES_DRIVERS (ID_VEHICLE_DIRVER, ID_VEHICLE, ID_DRIVER, DATE_LINKAGE, STATUS) values (42, 42, 42, '09/01/2018', 1);
insert into VEHICLES_DRIVERS (ID_VEHICLE_DIRVER, ID_VEHICLE, ID_DRIVER, DATE_LINKAGE, STATUS) values (43, 43, 43, '09/08/2018', 0);
insert into VEHICLES_DRIVERS (ID_VEHICLE_DIRVER, ID_VEHICLE, ID_DRIVER, DATE_LINKAGE, STATUS) values (44, 44, 44, '09/06/2018', 0);
insert into VEHICLES_DRIVERS (ID_VEHICLE_DIRVER, ID_VEHICLE, ID_DRIVER, DATE_LINKAGE, STATUS) values (45, 45, 45, '09/09/2018', 1);
insert into VEHICLES_DRIVERS (ID_VEHICLE_DIRVER, ID_VEHICLE, ID_DRIVER, DATE_LINKAGE, STATUS) values (46, 46, 46, '09/04/2018', 1);
insert into VEHICLES_DRIVERS (ID_VEHICLE_DIRVER, ID_VEHICLE, ID_DRIVER, DATE_LINKAGE, STATUS) values (47, 47, 47, '09/09/2018', 1);
insert into VEHICLES_DRIVERS (ID_VEHICLE_DIRVER, ID_VEHICLE, ID_DRIVER, DATE_LINKAGE, STATUS) values (48, 48, 48, '09/09/2018', 0);
insert into VEHICLES_DRIVERS (ID_VEHICLE_DIRVER, ID_VEHICLE, ID_DRIVER, DATE_LINKAGE, STATUS) values (49, 49, 49, '09/04/2018', 1);
insert into VEHICLES_DRIVERS (ID_VEHICLE_DIRVER, ID_VEHICLE, ID_DRIVER, DATE_LINKAGE, STATUS) values (50, 50, 50, '09/08/2018', 0);
insert into VEHICLES_DRIVERS (ID_VEHICLE_DIRVER, ID_VEHICLE, ID_DRIVER, DATE_LINKAGE, STATUS) values (51, 51, 51, '09/11/2018', 0);
insert into VEHICLES_DRIVERS (ID_VEHICLE_DIRVER, ID_VEHICLE, ID_DRIVER, DATE_LINKAGE, STATUS) values (52, 52, 52, '09/01/2018', 1);
insert into VEHICLES_DRIVERS (ID_VEHICLE_DIRVER, ID_VEHICLE, ID_DRIVER, DATE_LINKAGE, STATUS) values (53, 53, 53, '09/06/2018', 0);
insert into VEHICLES_DRIVERS (ID_VEHICLE_DIRVER, ID_VEHICLE, ID_DRIVER, DATE_LINKAGE, STATUS) values (54, 54, 54, '09/06/2018', 0);
insert into VEHICLES_DRIVERS (ID_VEHICLE_DIRVER, ID_VEHICLE, ID_DRIVER, DATE_LINKAGE, STATUS) values (55, 55, 55, '09/10/2018', 1);
insert into VEHICLES_DRIVERS (ID_VEHICLE_DIRVER, ID_VEHICLE, ID_DRIVER, DATE_LINKAGE, STATUS) values (56, 56, 56, '09/08/2018', 0);
insert into VEHICLES_DRIVERS (ID_VEHICLE_DIRVER, ID_VEHICLE, ID_DRIVER, DATE_LINKAGE, STATUS) values (57, 57, 57, '09/05/2018', 1);
insert into VEHICLES_DRIVERS (ID_VEHICLE_DIRVER, ID_VEHICLE, ID_DRIVER, DATE_LINKAGE, STATUS) values (58, 58, 58, '09/05/2018', 1);
insert into VEHICLES_DRIVERS (ID_VEHICLE_DIRVER, ID_VEHICLE, ID_DRIVER, DATE_LINKAGE, STATUS) values (59, 59, 59, '09/10/2018', 1);
insert into VEHICLES_DRIVERS (ID_VEHICLE_DIRVER, ID_VEHICLE, ID_DRIVER, DATE_LINKAGE, STATUS) values (60, 60, 60, '09/01/2018', 1);
insert into VEHICLES_DRIVERS (ID_VEHICLE_DIRVER, ID_VEHICLE, ID_DRIVER, DATE_LINKAGE, STATUS) values (61, 61, 61, '09/10/2018', 0);
insert into VEHICLES_DRIVERS (ID_VEHICLE_DIRVER, ID_VEHICLE, ID_DRIVER, DATE_LINKAGE, STATUS) values (62, 62, 62, '09/03/2018', 1);
insert into VEHICLES_DRIVERS (ID_VEHICLE_DIRVER, ID_VEHICLE, ID_DRIVER, DATE_LINKAGE, STATUS) values (63, 63, 63, '09/05/2018', 0);
insert into VEHICLES_DRIVERS (ID_VEHICLE_DIRVER, ID_VEHICLE, ID_DRIVER, DATE_LINKAGE, STATUS) values (64, 64, 64, '09/10/2018', 1);
insert into VEHICLES_DRIVERS (ID_VEHICLE_DIRVER, ID_VEHICLE, ID_DRIVER, DATE_LINKAGE, STATUS) values (65, 65, 65, '09/09/2018', 0);
insert into VEHICLES_DRIVERS (ID_VEHICLE_DIRVER, ID_VEHICLE, ID_DRIVER, DATE_LINKAGE, STATUS) values (66, 66, 66, '09/05/2018', 1);
insert into VEHICLES_DRIVERS (ID_VEHICLE_DIRVER, ID_VEHICLE, ID_DRIVER, DATE_LINKAGE, STATUS) values (67, 67, 67, '09/06/2018', 1);
insert into VEHICLES_DRIVERS (ID_VEHICLE_DIRVER, ID_VEHICLE, ID_DRIVER, DATE_LINKAGE, STATUS) values (68, 68, 68, '09/02/2018', 1);
insert into VEHICLES_DRIVERS (ID_VEHICLE_DIRVER, ID_VEHICLE, ID_DRIVER, DATE_LINKAGE, STATUS) values (69, 69, 69, '09/01/2018', 1);
insert into VEHICLES_DRIVERS (ID_VEHICLE_DIRVER, ID_VEHICLE, ID_DRIVER, DATE_LINKAGE, STATUS) values (70, 70, 70, '09/05/2018', 1);
insert into VEHICLES_DRIVERS (ID_VEHICLE_DIRVER, ID_VEHICLE, ID_DRIVER, DATE_LINKAGE, STATUS) values (71, 71, 71, '09/07/2018', 0);
insert into VEHICLES_DRIVERS (ID_VEHICLE_DIRVER, ID_VEHICLE, ID_DRIVER, DATE_LINKAGE, STATUS) values (72, 72, 72, '09/07/2018', 0);
insert into VEHICLES_DRIVERS (ID_VEHICLE_DIRVER, ID_VEHICLE, ID_DRIVER, DATE_LINKAGE, STATUS) values (73, 73, 73, '09/04/2018', 0);
insert into VEHICLES_DRIVERS (ID_VEHICLE_DIRVER, ID_VEHICLE, ID_DRIVER, DATE_LINKAGE, STATUS) values (74, 74, 74, '09/04/2018', 1);
insert into VEHICLES_DRIVERS (ID_VEHICLE_DIRVER, ID_VEHICLE, ID_DRIVER, DATE_LINKAGE, STATUS) values (75, 75, 75, '09/11/2018', 1);
insert into VEHICLES_DRIVERS (ID_VEHICLE_DIRVER, ID_VEHICLE, ID_DRIVER, DATE_LINKAGE, STATUS) values (76, 76, 76, '09/01/2018', 1);
insert into VEHICLES_DRIVERS (ID_VEHICLE_DIRVER, ID_VEHICLE, ID_DRIVER, DATE_LINKAGE, STATUS) values (77, 77, 77, '09/05/2018', 0);
insert into VEHICLES_DRIVERS (ID_VEHICLE_DIRVER, ID_VEHICLE, ID_DRIVER, DATE_LINKAGE, STATUS) values (78, 78, 78, '09/06/2018', 0);
insert into VEHICLES_DRIVERS (ID_VEHICLE_DIRVER, ID_VEHICLE, ID_DRIVER, DATE_LINKAGE, STATUS) values (79, 79, 79, '09/04/2018', 1);
insert into VEHICLES_DRIVERS (ID_VEHICLE_DIRVER, ID_VEHICLE, ID_DRIVER, DATE_LINKAGE, STATUS) values (80, 80, 80, '09/01/2018', 0);
insert into VEHICLES_DRIVERS (ID_VEHICLE_DIRVER, ID_VEHICLE, ID_DRIVER, DATE_LINKAGE, STATUS) values (81, 81, 81, '09/04/2018', 1);
insert into VEHICLES_DRIVERS (ID_VEHICLE_DIRVER, ID_VEHICLE, ID_DRIVER, DATE_LINKAGE, STATUS) values (82, 82, 82, '09/04/2018', 0);
insert into VEHICLES_DRIVERS (ID_VEHICLE_DIRVER, ID_VEHICLE, ID_DRIVER, DATE_LINKAGE, STATUS) values (83, 83, 83, '09/05/2018', 1);
insert into VEHICLES_DRIVERS (ID_VEHICLE_DIRVER, ID_VEHICLE, ID_DRIVER, DATE_LINKAGE, STATUS) values (84, 84, 84, '09/01/2018', 0);
insert into VEHICLES_DRIVERS (ID_VEHICLE_DIRVER, ID_VEHICLE, ID_DRIVER, DATE_LINKAGE, STATUS) values (85, 85, 85, '09/04/2018', 1);
insert into VEHICLES_DRIVERS (ID_VEHICLE_DIRVER, ID_VEHICLE, ID_DRIVER, DATE_LINKAGE, STATUS) values (86, 86, 86, '09/10/2018', 1);
insert into VEHICLES_DRIVERS (ID_VEHICLE_DIRVER, ID_VEHICLE, ID_DRIVER, DATE_LINKAGE, STATUS) values (87, 87, 87, '09/08/2018', 1);
insert into VEHICLES_DRIVERS (ID_VEHICLE_DIRVER, ID_VEHICLE, ID_DRIVER, DATE_LINKAGE, STATUS) values (88, 88, 88, '09/05/2018', 0);
insert into VEHICLES_DRIVERS (ID_VEHICLE_DIRVER, ID_VEHICLE, ID_DRIVER, DATE_LINKAGE, STATUS) values (89, 89, 89, '09/01/2018', 0);
insert into VEHICLES_DRIVERS (ID_VEHICLE_DIRVER, ID_VEHICLE, ID_DRIVER, DATE_LINKAGE, STATUS) values (90, 90, 90, '09/03/2018', 1);
insert into VEHICLES_DRIVERS (ID_VEHICLE_DIRVER, ID_VEHICLE, ID_DRIVER, DATE_LINKAGE, STATUS) values (91, 91, 91, '09/04/2018', 0);
insert into VEHICLES_DRIVERS (ID_VEHICLE_DIRVER, ID_VEHICLE, ID_DRIVER, DATE_LINKAGE, STATUS) values (92, 92, 92, '09/03/2018', 1);
insert into VEHICLES_DRIVERS (ID_VEHICLE_DIRVER, ID_VEHICLE, ID_DRIVER, DATE_LINKAGE, STATUS) values (93, 93, 93, '09/04/2018', 1);
insert into VEHICLES_DRIVERS (ID_VEHICLE_DIRVER, ID_VEHICLE, ID_DRIVER, DATE_LINKAGE, STATUS) values (94, 94, 94, '09/08/2018', 1);
insert into VEHICLES_DRIVERS (ID_VEHICLE_DIRVER, ID_VEHICLE, ID_DRIVER, DATE_LINKAGE, STATUS) values (95, 95, 95, '09/08/2018', 1);
insert into VEHICLES_DRIVERS (ID_VEHICLE_DIRVER, ID_VEHICLE, ID_DRIVER, DATE_LINKAGE, STATUS) values (96, 96, 96, '09/11/2018', 1);
insert into VEHICLES_DRIVERS (ID_VEHICLE_DIRVER, ID_VEHICLE, ID_DRIVER, DATE_LINKAGE, STATUS) values (97, 97, 97, '09/07/2018', 1);
insert into VEHICLES_DRIVERS (ID_VEHICLE_DIRVER, ID_VEHICLE, ID_DRIVER, DATE_LINKAGE, STATUS) values (98, 98, 98, '09/02/2018', 0);
insert into VEHICLES_DRIVERS (ID_VEHICLE_DIRVER, ID_VEHICLE, ID_DRIVER, DATE_LINKAGE, STATUS) values (99, 99, 99, '09/08/2018', 0);
insert into VEHICLES_DRIVERS (ID_VEHICLE_DIRVER, ID_VEHICLE, ID_DRIVER, DATE_LINKAGE, STATUS) values (100, 100, 100, '09/04/2018', 1);
SELECT * FROM VEHICLES_DRIVERS;

--insertar viajes
insert into TRAVELS (ID_TRAVEL, DATE_TRAVEL, TYPE_RATE, STATUS, ORIGIN_ADDRESS, DESTINATION_ADDRESS, DISTANCE, WEATHER, ID_VEHICLE_DIRVER) values (1, '11/11/2017', 1, 1, '5857 Nevada Plaza', '98548 Maywood Way', 8, null, 1);
insert into TRAVELS (ID_TRAVEL, DATE_TRAVEL, TYPE_RATE, STATUS, ORIGIN_ADDRESS, DESTINATION_ADDRESS, DISTANCE, WEATHER, ID_VEHICLE_DIRVER) values (2, '05/09/2018', 0, 1, '34 Toban Place', '47 Lawn Circle', 12, null, 9);
insert into TRAVELS (ID_TRAVEL, DATE_TRAVEL, TYPE_RATE, STATUS, ORIGIN_ADDRESS, DESTINATION_ADDRESS, DISTANCE, WEATHER, ID_VEHICLE_DIRVER) values (3, '06/01/2018', 0, 1, '188 Schmedeman Junction', '58 Burning Wood Point', 16, null, 17);
insert into TRAVELS (ID_TRAVEL, DATE_TRAVEL, TYPE_RATE, STATUS, ORIGIN_ADDRESS, DESTINATION_ADDRESS, DISTANCE, WEATHER, ID_VEHICLE_DIRVER) values (4, '03/12/2018', 0, 1, '7 Commercial Point', '159 Meadow Valley Avenue', 20, null, 25);
insert into TRAVELS (ID_TRAVEL, DATE_TRAVEL, TYPE_RATE, STATUS, ORIGIN_ADDRESS, DESTINATION_ADDRESS, DISTANCE, WEATHER, ID_VEHICLE_DIRVER) values (5, '07/11/2018', 1, 1, '56964 Shelley Point', '638 Gulseth Road', 11, null, 33);
insert into TRAVELS (ID_TRAVEL, DATE_TRAVEL, TYPE_RATE, STATUS, ORIGIN_ADDRESS, DESTINATION_ADDRESS, DISTANCE, WEATHER, ID_VEHICLE_DIRVER) values (6, '11/02/2017', 0, 1, '9 Spaight Street', '330 Ramsey Way', 15, null, 41);
insert into TRAVELS (ID_TRAVEL, DATE_TRAVEL, TYPE_RATE, STATUS, ORIGIN_ADDRESS, DESTINATION_ADDRESS, DISTANCE, WEATHER, ID_VEHICLE_DIRVER) values (7, '08/10/2018', 1, 1, '2 Macpherson Place', '268 Sugar Circle', 19, null, 49);
insert into TRAVELS (ID_TRAVEL, DATE_TRAVEL, TYPE_RATE, STATUS, ORIGIN_ADDRESS, DESTINATION_ADDRESS, DISTANCE, WEATHER, ID_VEHICLE_DIRVER) values (8, '04/12/2018', 0, 1, '20 Glacier Hill Circle', '0393 Ohio Circle', 10, null, 57);
insert into TRAVELS (ID_TRAVEL, DATE_TRAVEL, TYPE_RATE, STATUS, ORIGIN_ADDRESS, DESTINATION_ADDRESS, DISTANCE, WEATHER, ID_VEHICLE_DIRVER) values (9, '01/01/2018', 0, 1, '883 Di Loreto Place', '7 Nobel Junction', 14, null, 65);
insert into TRAVELS (ID_TRAVEL, DATE_TRAVEL, TYPE_RATE, STATUS, ORIGIN_ADDRESS, DESTINATION_ADDRESS, DISTANCE, WEATHER, ID_VEHICLE_DIRVER) values (10, '08/9/2018', 1, 1, '5297 Portage Road', '6814 Crescent Oaks Crossing', 18, null, 73);
SELECT * FROM TRAVELS;

--insertar detalles de viaje
insert into TRAVEL_DETAIL (ID_TRAVEL_DETAIL, ID_TRAVEL, ID_PERSON, TRAVEL_COST, SUBTOTAL, RESERVATION_FEE, RECHARGES, PATTERN_SPEED, TIP, DERIVATIVE, TOTAL) values (1, 1, 1, 57.37, 57.37, null, null, null, 2, null, 59.37);
insert into TRAVEL_DETAIL (ID_TRAVEL_DETAIL, ID_TRAVEL, ID_PERSON, TRAVEL_COST, SUBTOTAL, RESERVATION_FEE, RECHARGES, PATTERN_SPEED, TIP, DERIVATIVE, TOTAL) values (2, 2, 1, 46.38, 46.38, null, null, null, 8, null, 54.38);
insert into TRAVEL_DETAIL (ID_TRAVEL_DETAIL, ID_TRAVEL, ID_PERSON, TRAVEL_COST, SUBTOTAL, RESERVATION_FEE, RECHARGES, PATTERN_SPEED, TIP, DERIVATIVE, TOTAL) values (3, 3, 1, 54.7, 54.7, null, null, null, 8, null, 62.7);
insert into TRAVEL_DETAIL (ID_TRAVEL_DETAIL, ID_TRAVEL, ID_PERSON, TRAVEL_COST, SUBTOTAL, RESERVATION_FEE, RECHARGES, PATTERN_SPEED, TIP, DERIVATIVE, TOTAL) values (4, 4, 1, 47.52, 47.52, null, 17.71, 10, 9, 45.74, 129.97);
insert into TRAVEL_DETAIL (ID_TRAVEL_DETAIL, ID_TRAVEL, ID_PERSON, TRAVEL_COST, SUBTOTAL, RESERVATION_FEE, RECHARGES, PATTERN_SPEED, TIP, DERIVATIVE, TOTAL) values (5, 5, 1, 60.64, 60.64, null, null, null, 8, null, 68.64);
insert into TRAVEL_DETAIL (ID_TRAVEL_DETAIL, ID_TRAVEL, ID_PERSON, TRAVEL_COST, SUBTOTAL, RESERVATION_FEE, RECHARGES, PATTERN_SPEED, TIP, DERIVATIVE, TOTAL) values (6, 6, 1, 91.23, 91.23, null, null, null, 2, null, 93.2);
insert into TRAVEL_DETAIL (ID_TRAVEL_DETAIL, ID_TRAVEL, ID_PERSON, TRAVEL_COST, SUBTOTAL, RESERVATION_FEE, RECHARGES, PATTERN_SPEED, TIP, DERIVATIVE, TOTAL) values (7, 7, 1, 80.93, 80.93, null, null, null, null, null, 80.93);
insert into TRAVEL_DETAIL (ID_TRAVEL_DETAIL, ID_TRAVEL, ID_PERSON, TRAVEL_COST, SUBTOTAL, RESERVATION_FEE, RECHARGES, PATTERN_SPEED, TIP, DERIVATIVE, TOTAL) values (8, 8, 1, 58.13, 58.13, null, null, null, 7, null, 64.13);
insert into TRAVEL_DETAIL (ID_TRAVEL_DETAIL, ID_TRAVEL, ID_PERSON, TRAVEL_COST, SUBTOTAL, RESERVATION_FEE, RECHARGES, PATTERN_SPEED, TIP, DERIVATIVE, TOTAL) values (9, 9, 1, 97.84, 97.84, 7, null, null, 7, null, 111.84);
insert into TRAVEL_DETAIL (ID_TRAVEL_DETAIL, ID_TRAVEL, ID_PERSON, TRAVEL_COST, SUBTOTAL, RESERVATION_FEE, RECHARGES, PATTERN_SPEED, TIP, DERIVATIVE, TOTAL) values (10, 10, 1, 57.1, 57.1, 9, null, null, 3, null, 69.1);
SELECT * FROM TRAVEL_DETAIL;

--insertar puntos gps a viajes
insert into GPS_POSITION (ID_GPS_POSITION, ID_TRAVEL, GPS_LATITUDE, GPS_LENGTH) values (1, 1, 110.228747, 32.224808);
insert into GPS_POSITION (ID_GPS_POSITION, ID_TRAVEL, GPS_LATITUDE, GPS_LENGTH) values (2, 2, 113.228291, 23.101153);
insert into GPS_POSITION (ID_GPS_POSITION, ID_TRAVEL, GPS_LATITUDE, GPS_LENGTH) values (3, 3, 74.9809805, 46.8435126);
insert into GPS_POSITION (ID_GPS_POSITION, ID_TRAVEL, GPS_LATITUDE, GPS_LENGTH) values (4, 4, 15.8444256, 46.6494896);
insert into GPS_POSITION (ID_GPS_POSITION, ID_TRAVEL, GPS_LATITUDE, GPS_LENGTH) values (5, 5, -42.6279835, -22.7186089);
insert into GPS_POSITION (ID_GPS_POSITION, ID_TRAVEL, GPS_LATITUDE, GPS_LENGTH) values (6, 6, 113.896129, 22.581293);
insert into GPS_POSITION (ID_GPS_POSITION, ID_TRAVEL, GPS_LATITUDE, GPS_LENGTH) values (7, 7, 20.0032794, 40.9314367);
insert into GPS_POSITION (ID_GPS_POSITION, ID_TRAVEL, GPS_LATITUDE, GPS_LENGTH) values (8, 8, -97.2706807, 32.7274015);
insert into GPS_POSITION (ID_GPS_POSITION, ID_TRAVEL, GPS_LATITUDE, GPS_LENGTH) values (9, 9, -46.805914, -22.1755019);
insert into GPS_POSITION (ID_GPS_POSITION, ID_TRAVEL, GPS_LATITUDE, GPS_LENGTH) values (10, 10, 123.220598, 48.433225);
SELECT * FROM GPS_POSITION;

--insertar liquidaciones 
insert into SETTLEMENTS (ID_SETTLEMENTS, ID_TRAVEL, TRAVEL_VALUE, VALUE_DISCOUNT, TOTAL, STATUS, SETTLEMENTS_DATE) values (1, 1, 59.37, 0, 59.37, 1, '02/07/2018');
insert into SETTLEMENTS (ID_SETTLEMENTS, ID_TRAVEL, TRAVEL_VALUE, VALUE_DISCOUNT, TOTAL, STATUS, SETTLEMENTS_DATE) values (2, 2, 54.38, 0, 54.38, 1, '10/12/2017');
insert into SETTLEMENTS (ID_SETTLEMENTS, ID_TRAVEL, TRAVEL_VALUE, VALUE_DISCOUNT, TOTAL, STATUS, SETTLEMENTS_DATE) values (3, 3, 62.7, 0, 62.7, 1, '10/11/2017');
insert into SETTLEMENTS (ID_SETTLEMENTS, ID_TRAVEL, TRAVEL_VALUE, VALUE_DISCOUNT, TOTAL, STATUS, SETTLEMENTS_DATE) values (4, 4, 129.97, 0, 129.97, 1, '12/10/2017');
insert into SETTLEMENTS (ID_SETTLEMENTS, ID_TRAVEL, TRAVEL_VALUE, VALUE_DISCOUNT, TOTAL, STATUS, SETTLEMENTS_DATE) values (5, 5, 68.64, 0, 68.64, 1, '02/09/2018');
insert into SETTLEMENTS (ID_SETTLEMENTS, ID_TRAVEL, TRAVEL_VALUE, VALUE_DISCOUNT, TOTAL, STATUS, SETTLEMENTS_DATE) values (6, 6, 93.2, 0, 93.2, 1, '04/10/2018');
insert into SETTLEMENTS (ID_SETTLEMENTS, ID_TRAVEL, TRAVEL_VALUE, VALUE_DISCOUNT, TOTAL, STATUS, SETTLEMENTS_DATE) values (7, 7, 80.93, 0, 80.93, 1, '04/03/2018');
insert into SETTLEMENTS (ID_SETTLEMENTS, ID_TRAVEL, TRAVEL_VALUE, VALUE_DISCOUNT, TOTAL, STATUS, SETTLEMENTS_DATE) values (8, 8, 64.13, 0, 64.13, 1, '11/12/2017');
insert into SETTLEMENTS (ID_SETTLEMENTS, ID_TRAVEL, TRAVEL_VALUE, VALUE_DISCOUNT, TOTAL, STATUS, SETTLEMENTS_DATE) values (9, 9, 111.84, 0, 111.84, 1, '02/04/2018');
insert into SETTLEMENTS (ID_SETTLEMENTS, ID_TRAVEL, TRAVEL_VALUE, VALUE_DISCOUNT, TOTAL, STATUS, SETTLEMENTS_DATE) values (10, 10, 69.1, 0, 69.1, 1, '09/12/2017');
SELECT * FROM SETTLEMENTS;

--insertar pagos
insert into PAYMENT (ID_PAYMENT, PAYMENT_DATE, TOTAL) values (1, '02/07/2018', 39.1842);
insert into PAYMENT (ID_PAYMENT, PAYMENT_DATE, TOTAL) values (2, '02/07/2018', 35.8908);
insert into PAYMENT (ID_PAYMENT, PAYMENT_DATE, TOTAL) values (3, '02/07/2018', 41.382);
insert into PAYMENT (ID_PAYMENT, PAYMENT_DATE, TOTAL) values (4, '02/07/2018', 85.7802);
insert into PAYMENT (ID_PAYMENT, PAYMENT_DATE, TOTAL) values (5, '02/07/2018', 45.3024);
insert into PAYMENT (ID_PAYMENT, PAYMENT_DATE, TOTAL) values (6, '02/07/2018', 61.512);
insert into PAYMENT (ID_PAYMENT, PAYMENT_DATE, TOTAL) values (7, '02/07/2018', 53.4138);
insert into PAYMENT (ID_PAYMENT, PAYMENT_DATE, TOTAL) values (8, '02/07/2018', 42.3258);
insert into PAYMENT (ID_PAYMENT, PAYMENT_DATE, TOTAL) values (9, '02/07/2018', 73.8144);
insert into PAYMENT (ID_PAYMENT, PAYMENT_DATE, TOTAL) values (10, '02/07/2018', 45.946);
SELECT * FROM PAYMENT;

--insertar pago de liquidaciones
insert into PAYMENT_LIQUIDATION (ID_PAYMENT_LIQUIDATION, ID_SETTLEMENTS, ID_PAYMENT) values (1, 1, 1);
insert into PAYMENT_LIQUIDATION (ID_PAYMENT_LIQUIDATION, ID_SETTLEMENTS, ID_PAYMENT) values (2, 2, 2);
insert into PAYMENT_LIQUIDATION (ID_PAYMENT_LIQUIDATION, ID_SETTLEMENTS, ID_PAYMENT) values (3, 3, 3);
insert into PAYMENT_LIQUIDATION (ID_PAYMENT_LIQUIDATION, ID_SETTLEMENTS, ID_PAYMENT) values (4, 4, 4);
insert into PAYMENT_LIQUIDATION (ID_PAYMENT_LIQUIDATION, ID_SETTLEMENTS, ID_PAYMENT) values (5, 5, 5);
insert into PAYMENT_LIQUIDATION (ID_PAYMENT_LIQUIDATION, ID_SETTLEMENTS, ID_PAYMENT) values (6, 6, 6);
insert into PAYMENT_LIQUIDATION (ID_PAYMENT_LIQUIDATION, ID_SETTLEMENTS, ID_PAYMENT) values (7, 7, 7);
insert into PAYMENT_LIQUIDATION (ID_PAYMENT_LIQUIDATION, ID_SETTLEMENTS, ID_PAYMENT) values (8, 8, 8);
insert into PAYMENT_LIQUIDATION (ID_PAYMENT_LIQUIDATION, ID_SETTLEMENTS, ID_PAYMENT) values (9, 9, 9);
insert into PAYMENT_LIQUIDATION (ID_PAYMENT_LIQUIDATION, ID_SETTLEMENTS, ID_PAYMENT) values (10, 10, 10);
SELECT * FROM PAYMENT_LIQUIDATION;
